twi_query,intent,twi_response,english_translation,source
Cholera nsenkyerɛne ne sɛn?,symptoms_query,Cholera yareɛ no ho nsenkyerɛne titiriw ne ayamtuo kɛseɛ a ɛte sɛ nsuo (a ɛte sɛ nsubɛn) ne ɛfeɛ a ɛnto mpa. Eyi betumi ama wo ho nsuo asa ntɛm (dehydration).,The main symptoms of cholera are severe watery diarrhea (like rice-water) and frequent vomiting. This can cause rapid dehydration.,WHO Ghana Health Service
Ɛdeɛn na ɛkyerɛ sɛ mewɔ cholera?,symptoms_query,Ayamtuo ne afeɛ kɛseɛ a ɛnto mpa na ɛkyerɛ sɛ obi betumi anya cholera yareɛ no. Wo ho nsuo bɛtumi asa ntɛm ara.,"Severe watery diarrhea and uncontrollable vomiting are signs of cholera, which can cause rapid dehydration.",CDC Ghana
Ayamtuo ne afeɛ kyerɛ sɛ mewɔ cholera?,symptoms_query,"Aane, ayamtuo kɛseɛ a ɛte sɛ nsubɛn nsuo ne afeɛ a ɛnto mpa yɛ cholera nsenkyerɛne titiriw.","Yes, severe diarrhea that looks like rice-water and frequent vomiting are primary symptoms of cholera.",Ghana Ministry of Health
"M'anofafa awo na merefe, ɛyɛ cholera?",symptoms_query,"Eyi betumi ayɛ cholera nsenkyerɛne, efisɛ anofafa a awo kyerɛ sɛ wo ho nsuo reasa afiri ayamtuo ne afeɛ no mu. Ma yarefoɔ no ORS ntɛm.","This can be a symptom of cholera, as a dry mouth indicates dehydration from diarrhea and vomiting. Give the patient ORS immediately.",WHO Ghana
Yɛnya cholera a dɛn nsenkyerɛne na ɛda adi?,symptoms_query,"Nsenkyerɛne titiriw ne ayamtuo pii, afeɛ bebree, nipadua no mu mmerɛyɛ, ne nsuo a ɛsa wo ho ntɛm ara.","The key symptoms are severe diarrhea, frequent vomiting, body weakness, and rapid loss of fluids (dehydration).",CDC
Ayamtuo a ɛte sɛ nsubɛn nsuo yɛ cholera?,symptoms_query,"Aane, ayamtuo a ɛte sɛ nsubɛn nsuo (rice-water stools) ne cholera nsenkyerɛne kɛseɛ a ɛda adi paa.","Yes, watery diarrhea resembling rice-water is the classic and most definitive symptom of cholera.",Ghana Ministry of Health
Sɛn na cholera yareɛ yi kɔ obi ho?,transmission_query,Cholera tare ntɛm ara nam nsuo anaa aduane a cholera bacteria firi obi bin mu akɔwura mu.,Cholera spreads rapidly through drinking water or eating food contaminated with the cholera bacteria from feces.,WHO Ghana
Cholera firi he na ɛba?,transmission_query,"Cholera mmoawa no firi aduane anaa nsuo a efi guom na afra, paa ayaresabea bin anaa efi a mfifiseɛ akɔdi so.",The cholera bacteria comes from food or water contaminated with human sewage or waste carried by flies.,CDC
Aduane anaa nsuo de cholera ba?,transmission_query,"Aane, nsuo a ɛfi ne aduane a yɛankata so yie na mfifiseɛ dii so de cholera mmoawa gu mu na ɛde yareɛ no ba.","Yes, contaminated water and uncovered food where flies have landed are the main carriers of cholera.",Ghana Ministry of Health
Nfifiseɛ betumi de cholera aba?,transmission_query,"Aane, nfifiseɛ betumi de efi afiri asuogya akɔgu yɛn aduane so na eyi betumi ama yɛanya cholera yareɛ.","Yes, flies can carry contamination from toilets to our food, which can cause cholera.",WHO
Sɛn na cholera tare obi?,transmission_query,"Sɛ wo ne obi a ɔwɔ cholera bom di aduane a wankata so, anaa sɛ wonom nsuo a efi firi dɔteɛ mu a, wobɛtumi anya cholera.","If you eat contaminated food or drink dirty water, you can contract cholera.",CDC
Ɛfiri he na cholera mmoawa no firi ba?,transmission_query,"Cholera mmoawa no firi yarefoɔ bin mu. Sɛ nsuo anaa aduane anya efi yi a, ɛno na ɛde cholera ba.","The cholera bacteria originates from an infected person's feces, spreading through contaminated water or food.",Ghana Ministry of Health
Sɛn na mɛbɔ me ho ban afiri cholera ho?,prevention_query,"Hohoro wo nsa ne samina ne nsuo pa bere biara, nua wo nsuo ansa na woanom, na kata wo nnuane so yie.","Wash your hands with soap and safe water, boil your drinking water, and always cover your food.",WHO Ghana
Dɛn na yɛbɛyɛ na yɛanya cholera?,prevention_query,"Na yɛbɛyɛ ne sɛ: Hohoro wo nsa ne samina bere biara, di aduane a ɛyɛ hyere na nua wo nsuo ansa na woanom.","To avoid cholera: wash your hands with soap, eat hot cooked food, and boil your water before drinking.",CDC
Mɛyɛ deɛn na me fiefoɔ anya cholera?,prevention_query,"Siesie wo mpɔtam hɔ yie, hohoro wo nsa mprepren, na mma obiara nnnom nsuo a yɛannua mu anaa yɛantam mu yie.","Keep your surroundings clean, wash hands frequently, and ensure everyone drinks boiled or treated water.",Ghana Ministry of Health
Sɛn na yɛde samina bɔ yɛn ho ban?,prevention_query,"Samina ne nsuo pa de hohoro nsa firii asuogya, ansa na yɛadi aduane anaa yɛayɛ aduane, ɛkum cholera mmoawa no.",Washing hands with soap and running water after the toilet and before preparing/eating food kills the cholera bacteria.,WHO
Nsuo pa a yɛbɛnom bɛma yɛanya cholera?,prevention_query,Nsuo pa a wɔanoa mu anaa pure water/bottled water pa siw cholera kwan paa. Nnom nsuo firi asubɔnten mu anaa abutuo mu.,"Drinking boiled water, bottled water, or treated sachet water prevents cholera. Avoid drinking directly from rivers or wells.",CDC
Nsa hohoro bɛtumi asiw cholera kwan?,prevention_query,"Aane, nsa hohoro ne samina gu nsuo pa mu siw cholera kwan bɛyɛ ɔha biara mu aduonum (50%).","Yes, washing hands with soap and running water is one of the most effective ways to prevent cholera transmission.",Ghana Ministry of Health
Dɛn na yɛde sa cholera?,treatment_query,"Yɛde ORS (Oral Rehydration Salts) nsuo na ɛsa cholera ntɛm ara na nsuo ansɛe wo ho. Sɛ emu yɛ den a, kɔ ayaresabea ntɛm.","Cholera is treated immediately with ORS (Oral Rehydration Salts) to restore fluids. If severe, go to the hospital immediately.",WHO Ghana
Sɛn na yɛyɛ ORS wo fie?,treatment_query,"Fa lita baako nsuo pa, asikre nsa-mmerɛ nsia (6 teaspoons), ne nkyene nsa-mmerɛ fa (1/2 teaspoon) na fra bom yie ma ɔnom.","Mix 1 liter of clean water, 6 teaspoons of sugar, and 1/2 teaspoon of salt to make Home-made Rehydration Solution.",CDC
ORS nsuo yɛ sɛn?,treatment_query,ORS yɛ aduru nsuo a wɔaka nkyene ne asikre afra mu a ɛboa ma nipadua no nsuo a ayera no san ba.,ORS is a solution of balanced salts and glucose that helps restore lost bodily fluids and electrolytes.,Ghana Ministry of Health
Aduru bɛn na adɔkotafoɔ de sa cholera?,treatment_query,"Adɔkotafoɔ de ORS, ne nsuo wɔ ntin (IV fluids) ne antibiotic aduru na ɛsa cholera yareɛ no yie.","Doctors use ORS, IV fluids for severe cases, and antibiotics to treat cholera effectively.",WHO
Asikre ne nkyene nsuo yɛ ORS?,treatment_query,"Aane, sɛ wo nni ORS paket a, wo betumi ayɛ fie ORS nam asikre kɛse ne nkyene ketewa a wobɛfra nsuo pa baako lita mu.","Yes, if you don't have an ORS packet, you can make Home-made ORS by mixing sugar and salt in 1 liter of clean water.",CDC
Sɛn na yɛbɛyɛ na yɛayɛ ORS nsuo pa?,treatment_query,"Hohoro wo nsa, fa nsuo pa, nua wo nsuo no ansa na woadi dwuma na fra ORS aduru no mu yie.","Wash hands, use safe water (boiled or bottled), and thoroughly mix the ORS powder into the water.",Ghana Ministry of Health
"Me ba no ho ayɛ mmerɛ kɛse na ɔrentee, dɛn na mɛyɛ?",emergency_query,Ma no ORS nsuo na kɔ ayaresabea a ɛbɛn wo ntɛm ara! Eyi yɛ emergency paa!,Give him ORS and run to the nearest hospital immediately! This is a major emergency!,WHO Ghana
"Yarefoɔ no n'ani apɔn na ɔrente nsɛm yie, dɛn na mɛyɛ?",emergency_query,"EYI NE EMERGENCY! Ma no ORS nsuo sɛ obetumi anom, na fa no kɔ ayaresabea ntɛm ara na wɔakɔma no nsuo wɔ ne ntin (IV fluids).","THIS IS AN EMERGENCY! Give ORS if conscious, and take them to the hospital immediately for IV fluids.",CDC
"Ayamtuo no mu yɛ den dodo na ɔrefe bebree, ɛyɛ emergency?",emergency_query,"Aane, sɛ ayamtuo ne afeɛ no kɔ so kɛse na wonntumi nsiw kwan a, kɔ ayaresabea mprepren ara na w'ankɔwuo!","Yes, if diarrhea and vomiting are severe and cannot be stopped, go to the health facility immediately to save their life.",Ghana Ministry of Health
"Woatɔ mmetegwee na ɔrentumi nsɔre, he na yɛnkɔ?",emergency_query,Kɔ ayaresabea a ɛbɛn wo ntɛm ara! Ɛyɛ emergency kɛse. Dɔkota bɛma no nsuo wɔ n'ntin (IV fluids) ampon n'nkwa.,Go to the nearest hospital immediately! It is a severe emergency. The doctor will give IV fluids to save their life.,WHO
"The patient is unresponsive, what should I do?",emergency_query,Take the patient to the nearest hospital immediately! This is an extreme emergency. Give ORS along the way if possible.,Run to the hospital immediately! This is a critical emergency. Give ORS if they can swallow.,CDC Ghana
Ayaresabea bɛn na yɛnkɔ ntɛm ara sɛ cholera no dɔɔso?,emergency_query,Kɔ ayaresabea anaa dɔkota pa hɔ a ɛbɛn wo paa ntɛm ara! Ghana Health Service ayɛ mbɔden sɛ ayaresabea nyinaa wɔ ORS ne IV fluids.,Go to the nearest government clinic or hospital immediately! The Ghana Health Service has equipped facilities with ORS and IV.,Ghana Health Service
Mema wo akye,general_greeting,Mema wo akye! Me ne Cholera Twi Chatbot. Metumi abua wo cholera ho nsɛm.,Good morning! I am the Cholera Twi Chatbot. I can answer questions about cholera.,Ghana NLP
Mema wo aha,general_greeting,Mema wo aha! Me ne Cholera Twi Chatbot. Metumi abua wo cholera ho nsɛm.,Good afternoon! I am the Cholera Twi Chatbot. I can answer questions about cholera.,Ghana NLP
Mema wo adwo,general_greeting,Mema wo adwo! Me ne Cholera Twi Chatbot. Metumi abua wo cholera ho nsɛm.,Good evening! I am the Cholera Twi Chatbot. I can answer questions about cholera.,Ghana NLP
"Yaa nua, ete sɛn?",general_greeting,Mema wo akwaaba! Me ne Cholera Twi Chatbot. Metumi abua wo cholera ho nsɛm wo Twi kasa mu.,Welcome! I am the Cholera Twi Chatbot. I can help answer questions about cholera in Twi.,Ghana NLP
"Kyei, ete sɛn?",general_greeting,"Ɛyɛ, akwaaba! Me ne Cholera Twi Chatbot. Bisa me cholera ho nsenkyerɛne, banbɔ anaa ano aduru.","It is well, welcome! I am the Cholera Twi Chatbot. Ask me about cholera symptoms, prevention, or treatment.",Ghana NLP
"Hello, owura!",general_greeting,"Hello, akwaaba! Me ne Cholera Twi Chatbot. Mebua wo cholera ho nsɛmmisa wo Twi mu.","Hello, welcome! I am the Cholera Twi Chatbot. I answer cholera questions in Twi.",Ghana NLP
"Sɛ me ho yɛ hye na merefe a, ɛyɛ cholera?",symptoms_query,"Ateetee ne ɛfeɛ betumi ayɛ cholera nsenkyerɛne, nanso cholera titiriw yɛ ayamtuo a ɛte sɛ nsubɛn a atiridii nnim kuse. Hwɛ yie na kɔ ayaresabea ntɛm.","If I have a fever and I'm vomiting, is it cholera? Vomiting can be a symptom, but classic cholera is severe watery diarrhea usually without high fever. Be careful and go to the clinic quickly.",Ghana Health Service
"Mahu sɛ me nsuo a mekɔ yɛ fitaa sɛ nsubɛn, ɛyɛ dɛn?",symptoms_query,Ayamtuo a ɛte sɛ nsubɛn (rice-water stools) yɛ cholera nsenkyerɛne kɛseɛ. Kɔ ayaresabea a ɛbɛn wo ntɛm ara!,"I noticed my stool is white like rice-water, what is it? Diarrhea that looks like rice-water is a major symptom of cholera. Go to the nearest hospital immediately!",WHO Ghana
Cholera tumi ma obi ho keka no anaa?,symptoms_query,"Dabi, ɛho keka ntaa mma, nanso ayamtuo ne ɛfeɛ no tumi ma wo mmati ne wo nan mu yɛ wo ya (muscle cramps) ɛfiri nsuo a ɛsa wɔ wo ho nti.","Does cholera cause body itching? No, itching is not common, but the diarrhea and vomiting can cause muscle cramps due to dehydration.",CDC Ghana
Kwan bɛn so na yɛbɛtumi asiw cholera kwan?,prevention_query,"Tumi siw cholera kwan sɛ wobɛnua wo nsuo ansa na wanom, wobɛhoro wo nsa ne nnuane ho yie, na woatena beae a ho tew.","How can we prevent cholera? Prevent cholera by boiling water before drinking, washing hands and food thoroughly, and maintaining good sanitation.",Ghana Ministry of Health
Ɛbɛtumi afiri nsuo mu aba?,transmission_query,"Aane, cholera ntaa mfa beae foforo biara nti sɛ nsuo anaa nnuane a efi (fi) wom a nkurɔfoɔ nom anaa wɔdi.","Can it come from water? Yes, cholera is mostly transmitted through contaminated water or food that people consume.",Ghana NLP
"Me ho nsuo asa a, dɛn na mɛyɛ wɔ fie?",treatment_query,"Sɛ wo ho nsuo reasa a, nyan ORS (nsuo, asikre, ne nkyene) nom ntɛm ara na kɔ ayaresabea ɛbɛn wo.","If I am dehydrated, what should I do at home? If you are dehydrated, mix and drink ORS (water, sugar, and salt) immediately and go to the nearest hospital.",WHO Ghana
Mewɔ he na metumi anya ORS aduru no?,treatment_query,"Wobetumi anya ORS wɔ aduruyɛdan (pharmacy) biara, or woankasa betumi ayɛ bi wɔ fie de nsuo, asikre, ne nkyene.","Where can I get the ORS medicine? You can get ORS at any pharmacy, or you can make it yourself at home using water, sugar, and salt.",Ghana Health Service
Adagya mu tena ho yɛ asiane ma cholera?,prevention_query,"Aane, sɛ nkurɔfoɔ gu fi gu mmeae a ɛnkɔ mmone mu a, ɛtumi sɛe nsuo a yɛnom na ɛde cholera ba. Hwɛ na fa tiafi yie.","Is open defecation a risk for cholera? Yes, when people defecate in the open, it can contaminate drinking water and cause cholera. Ensure you use proper toilets.",CDC Ghana
"Maakye o, chatbot!",general_greeting,Maakye! Mewɔ ha sɛ mebua wo nsɛmmisa biara a ɛfa cholera yareɛ ho. Dɛn na wopɛ sɛ wuhu?,"Good morning, chatbot! I am here to answer any questions regarding cholera. What would you like to know?",Ghana NLP
Me da wo ase pi,general_greeting,Meda wo ase nso! Tena ase asomdwoe mu na hwɛ wo ho so yie na cholera anya wo.,Thank you very much! Thank you too! Stay safe and take good care of yourself to avoid cholera.,Ghana NLP
Dɛn na metumi de akyekyere me nsuo mu?,prevention_query,Wobetumi anua wo nsuo no ma ɛrehuru yie anaa wobɛde 'Aquatabs' anaa aduru a ɛho tew nsuo afra mu ansa na wanom.,What can I use to treat my water? You can boil your water until it bubbles or use Aquatabs or water purification tablets before drinking.,Ghana Ministry of Health
Cholera nnyansoɔ yɛ dɛn?,transmission_query,"Bacteria a yɛfrɛ no 'Vibrio cholerae' na ɛde yareɛ no ba, titiriw fa nsuo anaa nnuane a efi wom.","What is the cause of cholera? The bacterium called Vibrio cholerae causes the disease, mostly through contaminated water or food.",WHO Ghana
"Sɛ me nsa rekyere me ɛfiri ayamtuo nti a, ɛwɔ sɛ meyɛ dɛn?",treatment_query,Nom ORS ntɛm ara na kɔ dɔkta hɔ. Saa nsa kyere (cramps) yi kyerɛ sɛ wo ho nsuo ne nkyene asa koraa.,"If my hands are cramping due to diarrhea, what should I do? Drink ORS immediately and see a doctor. These cramps mean you have lost a lot of water and salts.",CDC Ghana
Adidi mmeae bɔne betumi ama cholera?,transmission_query,"Aane, adidi mmeae a ɛho nni nniwoɔ na nsuo anaa nnuane ho nni kradoom no tumi de cholera ba ntɛm.","Can bad eating places cause cholera? Yes, eating places that lack hygiene and where food or water is not safely prepared can easily spread cholera.",Ghana Health Service
"Mahu sɛ me mma redidi a wɔnhohoro wɔn nsa, asiane bi wom?",prevention_query,"Asiane kɛse wom! Sɛ obi amfa samina ne nsuo anhohoro ne nsa ansa na ɔredidi a, cholera mmoawa betumi afiri ne nsa akɔ ne nuane mu.","I noticed my children eat without washing their hands, is there any danger? There is big danger! If someone doesn't wash their hands with soap before eating, cholera bacteria can move from hands into food.",Ghana Health Service
Ayamtuo paapaa yi bɛkum obi?,emergency_query,"Aane, cholera tumi kum obi nnɔnhwerew kakraa bi mu ɛfiri nsuo pii a ɛsa wɔ nipadua no mu. Eyi nti, ɛyɛ emergency a ɛwɔ sɛ yɛkɔ clinic ntɛm.","Can this frequent diarrhea kill someone? Yes, cholera can kill within a few hours due to severe fluid loss. Therefore, it is an emergency that requires going to the clinic quickly.",WHO Ghana
Abofra ketewa betumi anya cholera?,transmission_query,"Aane, mmofra ketewa betumi anya cholera yareɛ no, na wɔn ho nsuo sa ntɛm kyɛn mpanyimfoɔ. Wɔn ho nsenkyerɛne ne ayamtuo, ɛfeɛ ne mmerɛyɛ.","Can a small child get cholera? Yes, small children can contract cholera, and they become dehydrated much faster than adults. Their symptoms include diarrhea, vomiting, and weakness.",CDC Ghana
"Me nsuo no mu tew, ɛho hia sɛ me noa?",prevention_query,"Aane, ɛho hia paa. Nsuo pii wɔ hɔ a ɛmu tew nanso mmoawa nkɛseɛ gu mu. Noa no ma ɛrehuru yie ansa na woanom.","My water looks clean, do I still need to boil it? Yes, it is very important. Many water sources look clear but contain dangerous bacteria. Boil it until it bubbles before drinking.",Ghana Ministry of Health
"Sɛ me nyan ORS no na meba no anom amonom a, mɛyɛ dɛn?",treatment_query,"Ma no n nketewa nketee ara daa. Sɛ ɔfe na anom bio a, twɛn simma du na fi ase ma no bio nkakrakakra.","If I mix the ORS and my child vomits it, what should I do? Give it in small sips frequently. If they vomit again, wait ten minutes and start giving it again slowly.",WHO Ghana
Adɔkotanom ma aduru a yɛfrɛ no zinc tablets?,treatment_query,"Aane, adɔkotafoɔ taa de zinc tablets fra ORS ho ma mmofra a wɔwɔ ayamtuo de boa ma wɔn ho yɛ ntɛm.","Do doctors give a medicine called zinc tablets? Yes, doctors often combine zinc tablets with ORS for children with diarrhea to help them recover faster.",Ghana Health Service
Aduane a akyɛ betumi de cholera mmoawa aba?,transmission_query,"Aane, aduane a akyɛ na yɛankata so na mfifiseɛ bɔɔ ho betumi anya cholera mmoawa no. Kankan aduane biara ansa na woadi.","Can leftover food bring cholera bacteria? Yes, leftover food that was not covered and was visited by flies can harbor cholera bacteria. Always reheat any food before eating.",CDC Ghana
Nnipa a wɔwɔ Ghana ha taa nya cholera yareɛ yi?,general_greeting,"Cholera taa ba mmeae a asuogya gu fĩ guom na nsuo pa nni hɔ, titiriw asuten bere mu. Ghana Health Service repɛ ano aduru daa.","Do people in Ghana often get this cholera disease? Cholera usually occurs in places with poor sanitation and lack of safe water, especially during the rainy season. The Ghana Health Service is always working on solutions.",Ghana Health Service
Ɛhefa na me nya nsuo pa a cholera mmoawa nnim?,prevention_query,"Nsa sachet water pa, bottled water, anaa nsuo biara a woanoa mu yie na ɛyɛ asiane nnim.","Where can I get safe water without cholera bacteria? Treated sachet water, bottled water, or any water you have boiled thoroughly is safe and risk-free.",Ghana NLP
Dɛn nti na yɛfrɛ ayamtuo no rice-water?,symptoms_query,Yɛfrɛ no saa ɛfiri sɛ cholera ayamtuo no nsuo no mu yɛ fitaa guwɔɔ sɛ nsuo a yɛde ahoro mroseɛ mu. Eyi kyerɛ sɛ yareɛ no mu yɛ den.,Why do they call the diarrhea rice-water? It is called that because cholera diarrhea fluid is whitish and cloudy like water used to wash raw rice. This indicates the disease is severe.,WHO Ghana
"Me ho yɛ mmerɛ na me ti pae me, ɛyɛ cholera?",symptoms_query,"Mmerɛyɛ betumi ayɛ cholera nsenkyerɛne ɛfiri nsuo a ɛreasa nti, nanso tipae ntaa nni cholera ho. Hwɛ sɛ wo bɛnya ayamtuo nsuo anaa.","I feel weak and my head aches, is it cholera? Weakness can be a cholera symptom due to fluid loss, but headache is not typically associated with cholera. Watch if you get watery diarrhea.",CDC
"Chatbot, wo ho te sɛn?",general_greeting,"Me ho yɛ, meda ase! Mewɔ ha sɛ mebua wo nsɛmmisa biara a ɛfa cholera ho wɔ Twi mu. Dɛn na wopɛ sɛ wuhu?","I am fine, thank you! I am here to answer any questions about cholera in Twi. What do you want to know?",Ghana NLP
Meda wo ase paa ma saa adwuma yi,general_greeting,Meda wo ase nso! Ɛyɛ me anigye sɛ meboa wo. Hwɛ wo ho so yie afiri cholera ho.,Thank you very much for this work. Thank you too! It is my pleasure to help you. Take good care of yourself against cholera.,Ghana NLP
"Ebia me nom nsuo firi nkuraa ase abutuo mu, ɛyɛ asiane?",transmission_query,"Aane, abutuo pii a ɛwɔ nkuraa ase a yɛankata so betumi anya efi afiri atwene mu na ɛde cholera mmoawa aba. Noa ansa na wanom.","Maybe I drink water from rural wells, is it dangerous? Yes, many uncovered rural wells can get contaminated from runoff water and bring cholera bacteria. Boil it before drinking.",CDC Ghana
"Ayamtuo no amfi ase ntɛm ara, ɛtumi kora ho?",symptoms_query,"Aane, cholera mmoawa betumi atena wo ho nnansa mmienu kɔsi nnanson ansa na nsenkyerɛne ada adi. Ɛho hia sɛ yɛhwɛ yie.","The diarrhea didn't start immediately, can it hide? Yes, cholera bacteria can stay in your body for 2 to 7 days before symptoms appear. It is important to be careful.",WHO Ghana
Nnuane a yɛtɔ wɔ kwan ho betumi de yareɛ no aba?,transmission_query,"Aane, nnuane a wɔtɔn no kwan ho a yɛankata so na ɛyɛ nwunu betumi anya cholera mmoawa afiri mfifiseɛ hɔ. Di aduane a ɛyɛ hyere paa.","Can food sold on the street bring the disease? Yes, food sold by the roadside that is uncovered and cold can get cholera bacteria from flies. Eat very hot food.",Ghana Ministry of Health
"Sɛ mepae ORS paket no, metumi de atena hɔ nna pii?",treatment_query,"Dabi, sɛ wo de nsuo fra ORS aduru mu a, ɛwɔ sɛ wonom gu mu nnɔnhwerew 24 mu. Ɛno akyi no, to gu na yɛ foforo.","If I open the ORS packet, can it stay for many days? No, once you mix the ORS powder with water, it must be consumed within 24 hours. After that, discard it and make a fresh one.",WHO Ghana
Sɛ mepɛ sɛ mehohoro me nsa na samina nni hɔ nso?,prevention_query,"Sɛ samina nni hɔ a, wobetumi de nsofa (ashes) ne nsuo pa a ɛretew ahoro wo nsa. Ɛno nso kum mmoawa bi.","What if I want to wash my hands and there is no soap? If there is no soap, you can use wood ash and clean running water to wash your hands. That also kills some bacteria.",CDC Ghana
Dɛn aduru na metumi de akyekyere me fie ansa na adɔkotafoɔ aba?,treatment_query,Aduru kɛseɛ a ɛwɔ hɔ ne ORS nsuo. Ɛnkora aduru biara a ɛsiw ayamtuo kwan (anti-diarrhea meds) efisɛ ɛremma yareɛ no mfi wo mu.,What medicine can I use to treat my family before doctors arrive? The main medicine is ORS water. Do not keep anti-diarrhea medicines because they prevent the disease from leaving your system.,WHO Ghana
Ayaresabea biara wɔ ha betumi asa cholera?,emergency_query,"Aane, Ghana Health Service abɔ mbɔden sɛ clinic ne ayaresabea ahorow nyinaa wɔ ORS ne nsuo a yɛde bɔ ntin mu (IV fluids) ma yarefoɔ.","Can any hospital here treat cholera? Yes, the Ghana Health Service has made efforts so that all clinics and hospitals have ORS and intravenous fluids (IV fluids) for patients.",Ghana Health Service
Ete sɛn nua?,general_greeting,"Ɛyɛ, akwaaba! Me ne wo Cholera Twi Chatbot. Metumi abua wo nsɛmmisa biara.","It is well, welcome! I am your Cholera Twi Chatbot. I can answer any of your questions.",Ghana NLP
Wo din de sɛn?,general_greeting,Me din de Cholera Twi Chatbot. Wobia me biribiara a ɛfa cholera ho a mɛbua wo.,What is your name? My name is Cholera Twi Chatbot. Ask me anything about cholera and I will answer you.,Ghana NLP
"Yarefoɔ no abrabɔ mu refi ntɛm, yɛbɛyɛ dɛn?",emergency_query,EYI NE EMERGENCY KƐSE! Monsɔre mprepren kɔ ayaresabea. Mma no nsuo wɔ ne ntin nkanyan no.,"The patient's life is fading fast, what should we do? THIS IS A HUGE EMERGENCY! Rise up immediately and go to the hospital. Let them give him IV fluids to revive him.",WHO Ghana
Me nsa ho bɛtumi afi sɛ mekɔ asuogya akyi?,prevention_query,"Aane, nsa ho horo ne samina ntɛm ara bere biara a wobɛfi asuogya (toilet) no hia paa na woansa cholera mmoawa ankyere afoforo.","Can my hands get contaminated after using the toilet? Yes, washing hands with soap immediately every time you leave the toilet is very important so you don't spread cholera bacteria to others.",CDC Ghana
Nsuo pa ben na ɛwɔ sɛ yɛnom?,prevention_query,"Nom nsuo a wɔanoa, pure water a ɛfiri beae pa, anaa bottled water. Kora wo nsuo ho ban.","Which safe water should we drink? Drink boiled water, sachet water from a trusted source, or bottled water. Protect your water source.",Ghana Ministry of Health
Ayamtuo yi beku me ba no?,emergency_query,"Sɛ woanma no ORS aduru ntɛm na woanfa no nkɔ ayaresabea a, aane, ɛbetumi akum no. Hwɛ wo ho so ntɛm ara!","Will this diarrhea kill my child? If you don't give them ORS medicine quickly and take them to the hospital, yes, it can kill them. Take action immediately!",CDC Ghana
Kwan bɛn so na me nnuane bɛtumi anya mmoawa?,transmission_query,"Sɛ woankata so na mfifiseɛ a wogyinaa efi so bɛsi so, anaa sɛ wo de nsa a ho nni fĩ horo mu.","How can my food get bacteria? If you don't cover it and flies that stood on waste land on it, or if you use unwashed hands to handle it.",WHO Ghana
Mo adwuma yi yɛ fɛ paa,general_greeting,Meda wo ase! Yɛpɛ sɛ ɔmanfoɔ nya apɔwmuden na yɛtu cholera afiri Ghana ha.,Your work is very beautiful. Thank you! We want the public to have good health and eradicate cholera from Ghana.,Ghana NLP
Sa me yareɛ yi ma me,treatment_query,Mente sɛ dɔkota nanso metumi akyerɛ wo kwan: Nom ORS nsuo pii seesei na kɔ clinic a ɛbɛn wo ntɛm ara.,Cure this sickness for me. I am not a doctor but I can guide you: Drink plenty of ORS water right now and go to the nearest clinic immediately.,Ghana Health Service
Yɛbɛtumi anya cholera afiri subɔnten mu nsuo mu?,transmission_query,"Aane paa, sɛ nkurɔfoɔ gu fi gu asubɔnten no ho a, cholera mmoawa bɛkɔ nsuo no mu na ɛde yareɛ bɛba sɛ nnipa nom a.","Can we get cholera from river water? Yes indeed, if people defecate near the river, cholera bacteria will enter the water and cause disease if people drink it.",Ghana Ministry of Health
"Me ho retiti me na meyam hye me, ɛyɛ cholera?",symptoms_query,"Dabi, nipadua retiti ne yam hyehyeɛ ntaa nkyerɛ cholera. Cholera nsenkyerɛne titiriw ne ayamtuo a ɛte sɛ nsubɛn.","My body is itching and my stomach burns, is it cholera? No, body itching and stomach burning do not usually indicate cholera. The main symptom of cholera is watery diarrhea.",CDC
"Chatbot, boa me!",general_greeting,"Aane, mekrado sɛ mɛboa wo. Dɛn na ereha wo wɔ cholera ho? Bisa me na mebua wo.","Chatbot, help me! Yes, I am ready to help you. What is bothering you about cholera? Ask me and I will answer you.",Ghana NLP
Enti cholera nsenkyerɛne betumi ayɛ yaw wɔ yam?,symptoms_query,"Ebia ayamtim ketewa bi betumi aba, nanso cholera ayamtuo kɛseɛ no ntaa mfa ayamkaw kɛseɛ biara nnim kyɛn mmerɛyɛ ne nsuo a ɛsa.","So can cholera symptoms include stomach pain? Mild abdominal cramps can occur, but severe cholera diarrhea usually doesn't involve major stomach pain besides weakness and fluid loss.",WHO Ghana
Bɔ me amanneɛ fa cholera ho,general_greeting,"Cholera yɛ yareɔ bɔne a ɛfa ayamtuo kɛseɔ mu. Wo betumi abisa me ho nsenkyerɛne, banbɔ, anaa ayaresa ho nsɛm.","Inform me about cholera. Cholera is a dangerous disease involving severe diarrhea. You can ask me about its symptoms, prevention, or treatment.",Ghana NLP
Sɛ mefe dɔɔso a dɛn na mɛyɛ?,treatment_query,"Sɛ wo refe a, mmpa abaw. Kɔ so nom ORS nsuo no nkakrakakra. Sɛ ɛnto mpa a, kɔ ayaresabea mprepren.","If I vomit too much what should I do? If you are vomiting, do not lose hope. Keep drinking the ORS water in small sips. If it doesn't stop, go to the hospital immediately.",CDC
Yɛbɛtumi anya vaccine afiri cholera ho?,prevention_query,"Aane, vaccine (Oral Cholera Vaccine) wɔ hɔ a Ghana Health Service taa de ma wɔ mmeae a yareɛ no atae asi na ama banbɔ.","Can we get a vaccine against cholera? Yes, there is a vaccine (Oral Cholera Vaccine) that the Ghana Health Service often distributes in outbreak areas to provide protection.",Ghana Health Service
"Mewɔ Sunyani, ayaresabea bɛn na menkɔ?",emergency_query,Kɔ Sunyani Regional Hospital anaa clinic biara a ɛbɛn wo ntɛm ara. Wɔwɔ nnuru a yɛde sa cholera.,"I am in Sunyani, which hospital should I go to? Go to Sunyani Regional Hospital or any clinic near you immediately. They have the treatments for cholera.",Ghana Health Service
"Me ho nsuo asa koraa, dɛn na ɛkyerɛ?",symptoms_query,"Sɛ wo ho nsuo asa a, wobɛhu sɛ wo nsa ne wo nan ho nwoma repipiri (loss of skin elasticity), wo nsa bekyere wo, na woani bɛpɔn. Kɔ ayaresabea!","My fluids are completely gone, what does it mean? If you are severely dehydrated, you will notice your skin wrinkling (loss of skin elasticity), muscle cramps, and sunken eyes. Go to the hospital!",WHO Ghana
"Nsuo a yɛde asikre ne nkyene afra mu no, ɛsɛe mprepren?",treatment_query,"Aane, fie ORS nsuo biara a woayɛ no ntena hɔ nnɔnhwerew 24 akyi. Sɛ akyɛ a, to gu na yɛ foforo.","The water mixed with sugar and salt, does it spoil quickly? Yes, any home-made ORS water you make should not stay past 24 hours. If it lasts long, discard it and make a new one.",CDC
"Good afternoon, chatbot",general_greeting,Mema wo aha! Akwaaba. Me ne wo Cholera Twi Chatbot. Dɛn na mɛtumi akyerɛ wo nnɛ?,"Good afternoon, chatbot. Good afternoon! Welcome. I am your Cholera Twi Chatbot. What can I show you today?",Ghana NLP
"Response no yɛ fɛ, medaase",general_greeting,Meda wo ase nso! Apɔwmuden yɛ adɛn kɛseɛ. Hwɛ wo ho so yie na kɔ so horo wo nsa.,"The response is beautiful, thank you. Thank you too! Health is wealth. Take good care of yourself and keep washing your hands.",Ghana NLP
Asuogya a yɛnkɔ bi betumi afiri cholera aba?,transmission_query,"Dabi, asuogya a wonkɔ nni cholera mu, na mmom ayamtuo kɛseɛ a ɛnto mpa na ɛba. Eyi na ɛde asiane ba.","Can constipation come from cholera? No, constipation does not happen in cholera, rather it causes severe uncontrollable diarrhea. This is what brings danger.",WHO Ghana
"Nnuane a yɛanoa no akyɛ, ɛwɔ sɛ yɛnua bio?",prevention_query,"Aane paa, ɛwɔ sɛ wo nua aduane biara a akyɛ mu yie ma ɛyɛ hyere paa ansa na woadi na woakum mmoawa biara.","Food that was cooked long ago, do we need to heat it again? Yes indeed, you must heat any leftover food thoroughly so it is very hot before eating to kill any bacteria.",Ghana Ministry of Health
"Sɛ me nsa ho fi a, metumi de kyere me ba aduane?",prevention_query,"Dabi, ɛyɛ asiane paa! Hohoro wo nsa ne samina ansa na woayɛ aduane anaa woama wo ba aduane na woanma no cholera.","If my hands are dirty, can I feed my child? No, it is very dangerous! Wash your hands with soap before preparing food or feeding your child so you don't give them cholera.",CDC Ghana
Ghana Health Service bɛtumi aboa me sɛ me fiefoɔ nya yareɛ yi?,emergency_query,"Aane, kɔ government clinic biara a ɛbɛn wo ntɛm ara. Ghana Health Service ama nnuru a ɛho hia gu hɔ kwa ma cholera.","Can the Ghana Health Service help me if my family gets this sickness? Yes, go to any government clinic near you immediately. The Ghana Health Service has provided essential medicines there for free for cholera.",Ghana Health Service
Mepɛ sɛ mehu cholera mmoawa no su,transmission_query,"Cholera mmoawa no yɛ nketenkete a yɛfrɛ no Vibrio cholerae. Yɛnni ani ntaa nhu wɔn, gye sɛ yɛde microscope na ɛhwɛ.","I want to know the nature of the cholera bacteria. The cholera bacteria are tiny organisms called Vibrio cholerae. We cannot see them with our naked eyes, except by using a microscope.",WHO Ghana
"Ayamtuo no akyɛ nnansa, ɛyɛ cholera?",symptoms_query,Ɛbetumi ayɛ cholera anaa yareɛ foforo. Cholera ayamtuo ba ntɛm ara na emu yɛ den. Kɔ ayaresabea ntɛm kɔhwɛ wo ho.,"The diarrhea has lasted three days, is it cholera? It could be cholera or another disease. Cholera diarrhea comes suddenly and is very severe. Go to the hospital quickly to check yourself.",CDC
"Kyei chatbot, ɔkwan bɛn so na metumi abisa nsɛm?",general_greeting,"Akwaaba! Kyere biribiara a wopɛ sɛ wuhu fa cholera nsenkyerɛne, banbɔ anaa ayaresa ho na mɛbua wo.","Hey chatbot, how can I ask questions? Welcome! Type anything you want to know about cholera symptoms, prevention, or treatment and I will answer you.",Ghana NLP
Medaase ma mmuaeɛ no,general_greeting,Meda wo ase nso! Apɔwmuden na yɛrepɛ ma wo. Tena ase asomdwoe mu.,Thank you for the response. Thank you too! We wish you good health. Stay safe.,Ghana NLP
Sɛ meba no anya cholera a metumi ma no nufosuo?,treatment_query,"Aane, sɛ abofra no renum nufosuo a, kɔ so ma no nufosuo no pii ɛfra ORS nsuo no ho na wanya ahoɔden.","If my child gets cholera can I give them breast milk? Yes, if the baby is breastfeeding, keep giving them plenty of breast milk in addition to the ORS water so they gain strength.",WHO Ghana
Efi a ɛgu mmeae pii betumi ama yareɛ no atrɛ?,transmission_query,"Aane paa, sɛ fĩ gu mmeae pii a mfifiseɛ betumi de afiri hɔ abɛgu yɛn nnuane ne nsuo mu na ama cholera atrɛ ntɛm.","Can filth in many places cause the disease to spread? Yes indeed, if filth is scattered, flies can carry it from there into our food and water and cause cholera to spread fast.",Ghana Ministry of Health
"Nsuo a ɛwɔ safe sachet mu, cholera mmoawa betumi awura mu?",transmission_query,"Sɛ sachet water no firi company pa a Ghana Standards Authority apene so a, ɛyɛ banbɔ. Hwɛ yie wɔ nea wotɔ ho.","Water in safe sachets, can cholera bacteria enter it? If the sachet water comes from a good company approved by the Ghana Standards Authority, it is safe. Be careful about where you buy.",Ghana Health Service
"Sɛ me nsa kyere me me nan mu a, ɛdeɛn aduru na ɛbɛboa?",treatment_query,Nom ORS nsuo ntɛm ara na kɔ clinic. Saa nsa kyere yi (muscle cramps) firi nsuo ne nkyene a ɛsa wɔ ho nti.,"If my hands and legs cramp, what medicine will help? Drink ORS water immediately and go to the clinic. These muscle cramps are due to the loss of water and salts from your body.",CDC
"Me ho yɛ hye guwɔɔ, ɛyɛ cholera paa?",symptoms_query,"Cholera ntaa mfa atiridii (fever) kɛseɔ mma. Sɛ atiridii no mu yɛ den a, ebia ɛyɛ malaria anaa yareɛ foforo, nanso kɔ ayaresabea kɔhwɛ.","I feel slightly feverish, is it definitely cholera? Cholera doesn't usually come with high fever. If the fever is severe, it might be malaria or another illness, but go to the hospital to check.",WHO Ghana
Ayamtuo ne afeɛ no kɔ so a metumi de aduru biara a ɛsiw ayamtuo kwan mma yarefoɔ no?,treatment_query,"Dabi, mma no aduru biara a ɛsiw ayamtuo kwan (anti-diarrheal meds) gye sɛ dɔkota na akyerɛ, efisɛ ɛremma mmoawa no mfi ne ho. Ma no ORS mmom.","If the diarrhea and vomiting continue can I give the patient any anti-diarrheal medicine? No, do not give any anti-diarrheal medicine unless prescribed by a doctor, because it prevents the bacteria from leaving the body. Give ORS instead.",CDC Ghana
"Afeɛ no ano yɛ den paa, dɛn ne emergency dwumadie?",emergency_query,"EYI NE EMERGENCY! Sɛ afeɛ no mpa a, mma no nsuo pii wɔ ne ntin (IV fluids) wɔ clinic ntɛm ara na wankɔtɔ mmetegwee.","The vomiting is very severe, what is the emergency action? THIS IS AN EMERGENCY! If the vomiting doesn't stop, let them give him plenty of intravenous fluids (IV fluids) at the clinic immediately so he doesn't collapse.",WHO Ghana
Monya ayaresa ho nkrataa foforo?,general_greeting,Metumi akyerɛ wo cholera ho nsɛm pii. Bisa me biribiara a wopɛ sɛ wuhu fa apɔwmuden ho wɔ saa yareɛ yi ho.,Do you have other medical documents? I can tell you a lot of information about cholera. Ask me anything you want to know about health regarding this disease.,Ghana NLP
"Mema wo adwo, chatbot pa",general_greeting,Mema wo adwo paa! Ɛyɛ me anigye sɛ woaba ha. Dɛn nsɛmmisa na mewɔ ma wo nnɛ fa cholera banbɔ ho?,"Good evening, good chatbot. Good evening indeed! It is my pleasure that you are here. What questions do I have for you today about cholera prevention?",Ghana NLP
Nkurɔfoɔ a wɔwɔ Accra taa nya cholera asuten bere mu?,transmission_query,"Aane, mmeae bi a atwene ne efi dɔɔso wɔ Accra no taa nya cholera wɔ nsutɔ bere mu ɛfiri nsuo a ɛsɛe nti. Ghana Health Service bɔ kɔkɔɔ daa.","Do people in Accra often get cholera during the rainy season? Yes, some areas with blocked drains and filth in Accra often experience cholera in the rainy season due to contaminated water. The Ghana Health Service issues warnings regularly.",Ghana Health Service
Sɛ me nua nsuo no simma dodo na mmoawa no wu?,prevention_query,Noa wo nsuo no ma ɛrehuru yie bɛyɛ simma baako kɔsi simma nnunum na woanya awerɛhyem sɛ cholera mmoawa no awuwu.,If I boil the water for how many minutes will the bacteria die? Boil your water to a rolling boil for about 1 to 5 minutes to be assured that the cholera bacteria are dead.,WHO Ghana
"Nnuru a yɛde chlorine yɛ no, ɛsiw cholera kwan?",prevention_query,"Aane, chlorine tablets te sɛ Aquatabs bɔ nsuo ho ban paa na ɛkum cholera mmoawa biara a ɛwɔ nsuo no mu.","The chemicals made with chlorine, do they prevent cholera? Yes, chlorine tablets like Aquatabs protect water very well and kill any cholera bacteria inside the water.",CDC Ghana
"Me nana yareɔ paa na ne ho nsuo asa, ɔbɛtumi anom fie ORS?",treatment_query,"Sɛ n'ani da hɔ na ɔbetumi anom a, ma no fie ORS no ntɛm ara bere a moretwɛn ambulance anaa sɛ morekɔ ayaresabea.","My grandparent is very sick and dehydrated, can they drink home-made ORS? If they are conscious and able to swallow, give them the home-made ORS immediately while waiting for an ambulance or traveling to the hospital.",Ghana Ministry of Health
"Sɛ obi anom cholera nsuo, ɛyɛ a ɔbɛyɛ yarefoɔ ntɛm?",transmission_query,Ebia betumi afi ase nnɔnhwerew kakraa bi mu kɔsi nna kakra mu. Nnipa pii yare afiri dwuma yi mu ntɛm.,"If someone drinks cholera water, do they become sick quickly? It can start within a few hours to a few days. Many people become sick from this action quickly.",WHO Ghana
"Ghana NLP, mo adwuma yi boa paa",general_greeting,Meda wo ase! Ɛyɛ yɛn anigye sɛ yɛde Twi kasa bɛboa ɔmanfoɔ ma wɔanya apɔwmuden afiri cholera ho.,"Ghana NLP, your work helps a lot. Thank you! It is our joy to use the Twi language to help the public gain good health away from cholera.",Ghana NLP
Me da wo ase ma mmoaeɛ no,general_greeting,Meda wo ase nso! Kɔ so tena ase asomdwoe mu na bɔ wo ho ban afiri cholera yareɛ ho.,I thank you for the help. Thank you too! Keep staying safe and protect yourself from the cholera disease.,Ghana NLP
Sɛ me ho yɛ mmerɛ na mefe nsubɛn a ɛwɔ he na menkɔ wɔ Kumasi?,emergency_query,Kɔ Komfo Anokye Teaching Hospital anaa government hospital biara a ɛbɛn wo wɔ Kumasi ntɛm ara! Ɛyɛ emergency!,If I feel weak and vomit rice-water where should I go in Kumasi? Go to Komfo Anokye Teaching Hospital or any government hospital near you in Kumasi immediately! It is an emergency!,Ghana Health Service
Ayamtuo a atiridii nnim betumi ayɛ cholera?,symptoms_query,"Aane paa, cholera ayamtuo taa ba a atiridii (fever) kɛseɛ nnim. Ɛno nti hwɛ yie na ma no ORS nsuo.","Can diarrhea without fever be cholera? Yes indeed, cholera diarrhea usually occurs without a high fever. Therefore, be careful and give ORS water.",CDC
Mfifiseɛ betumi de cholera afiri beae a efi guom?,transmission_query,"Aane, mfifiseɛ bɔ efi ne atwene ho na wɔde mmoawa no gu yɛn nnuane so. Eyi nti yɛnkata nnuane so yie bere biara.","Can flies bring cholera from places where waste is dumped? Yes, flies visit waste and drains and then deposit the bacteria onto our food. Therefore, let us cover food well at all times.",WHO Ghana
Sɛ me ho nni samina a metumi de nsuo kwa ahohoro me nsa?,prevention_query,Nsuo kwa ntaa nkum cholera mmoawa no yie. Fa samina anaa nsofa (ash) fra mu ahoro wo nsa na woanya banbɔ pa.,If I don't have soap can I use water alone to wash my hands? Water alone usually doesn't kill the cholera bacteria effectively. Use soap or mix with ash to wash your hands for proper protection.,CDC Ghana
"Me ho nsuo asa na meyam rekyere me, dɛn aduru na ɛwɔ hɔ?",treatment_query,"Nom ORS nsuo ntɛm ara. Sɛ wo nni bi a, yɛ fie ORS (asikre ne nkyene nsuo) na nom na woanya ahoɔden ansa na woakɔ clinic.","My fluids are gone and my stomach is cramping, what medicine is there? Drink ORS water immediately. If you don't have any, make home-made ORS (sugar and salt water) and drink to gain strength before going to the clinic.",Ghana Ministry of Health
"Mema wo akye chatbot, ete sɛn?",general_greeting,"Mema wo akye paa! Me ho yɛ, akwaaba. Dɛn nsɛm na wopɛ sɛ mekyerɛ wo fa cholera ho nnɛ?","Good morning chatbot, how is it? Good morning indeed! I am fine, welcome. What information do you want me to show you about cholera today?",Ghana NLP
"Chatbot, wo tumi kasa Fante mu?",general_greeting,"Aane, metumi te Fante ne Akuapem Twi nso mu kakra efisɛ yɛn nyinaa yɛ Akan. Bisa me cholera ho nsɛm biara.","Chatbot, can you speak Fante? Yes, I can understand Fante and Akuapem Twi a bit as well because we are all Akan. Ask me any questions about cholera.",Ghana NLP
"Ayamtuo no te sɛ mrose nsuo, ɛho hia clinic?",emergency_query,EYI NE EMERGENCY! Ayamtuo a ɛte sɛ mrose nsuo (rice-water) kyerɛ sɛ cholera no mu yɛ den paa. Kɔ clinic mprepren ara!,"The diarrhea looks like rice water, is the clinic necessary? THIS IS AN EMERGENCY! Diarrhea that looks like rice-water means the cholera is very severe. Go to the clinic right away!",WHO Ghana
Sɛ yɛtɔ nsuo wɔ kwan ho a ɛbɛtumi ama yɛanya cholera?,transmission_query,"Aane, sɛ nsuo no firi beae a ho nni fĩ anaa yɛanyɛ no yie a, cholera mmoawa betumi atena mu na afra wo ho. Hwɛ nea wotɔ yie.","If we buy water on the street can it cause us to get cholera? Yes, if the water comes from an unhygienic source or wasn't processed well, cholera bacteria can live in it and infect you. Be careful about what you buy.",CDC Ghana
Mɛyɛ deɛn na me fiefoɔ anya atiridii ne ayamtuo?,prevention_query,"Ma wo mpɔtam hɔ nni fĩ, nua wo nsuo, na horo wo nsa daa. Sɛ ayamtuo ba a ma no ORS na kɔ clinic.","What can I do so my family doesn't get fever and diarrhea? Keep your environment clean, boil your water, and wash your hands regularly. If diarrhea occurs give ORS and go to the clinic.",Ghana Ministry of Health
ORS paket no yɛ aduru a yɛtɔn no mma?,treatment_query,"Aane, yɛtɔn no wɔ aduruyɛdan (pharmacy) biara, na Ghana Health Service nso de ma kwa wɔ government clinics pii mu.","The ORS packet, is it a medicine that is sold? Yes, it is sold at any pharmacy, and the Ghana Health Service also distributes it for free at many government clinics.",Ghana Health Service
Sɛ me ba no refe na ɔrentumi nnom ORS nsuo no nso?,emergency_query,"KƆ AYARESABEA NTƐM ARA! Sɛ ɔrentumi nnom nsuo a, ɛwɔ sɛ dɔkota de nsuo fa ne ntin mu (IV fluids) ntɛm na wankɔwu.","What if my child is vomiting and cannot drink the ORS water either? GO TO THE HOSPITAL IMMEDIATELY! If they cannot drink water, the doctor must give fluids through their veins (IV fluids) quickly so they don't die.",WHO Ghana
Medaase paa chatbot,general_greeting,Meda wo ase nso! Apɔwmuden yɛ adɛn kɛse. Kɔ so bɔ wo ho ban afiri cholera yareɛ ho.,Thank you very much chatbot. Thank you too! Health is wealth. Keep protecting yourself from the cholera disease.,Ghana NLP
"Yaa nua, wo ho te sɛn?",general_greeting,"Me ho yɛ, akwaaba! Me ne Cholera Twi Chatbot. Metumi abua wo cholera ho nsɛmmisa biara.","Hello brother/sister, how are you? I am fine, welcome! I am the Cholera Twi Chatbot. I can answer any cholera questions.",Ghana NLP
Sɛ nkurɔfoɔ gu fĩ gu nkuraa ase a ɛde cholera ba?,transmission_query,"Aane paa, adagya mu tena (open defecation) ma cholera bacteria fa nsuo mu kɔnom mu na ɛtrɛ yareɛ no ntɛm wɔ nkuraa ase.","If people defecate in the open in rural areas does it cause cholera? Yes indeed, open defecation allows cholera bacteria to travel through water sources into drinking water and spreads the disease fast in rural areas.",CDC Ghana
"Me nsa bekyere me afiri ayamtuo nti, ɛyɛ dɛn?",symptoms_query,Eyi kyerɛ sɛ wo ho nsuo ne nkyene pii asa afiri nipadua no mu (severe dehydration). Nom ORS ntɛm na kɔ clinic.,"My hands are cramping because of diarrhea, what is it? This means a lot of water and essential salts have depleted from your body (severe dehydration). Drink ORS quickly and go to the clinic.",WHO Ghana
"Nsuo a yɛde chlorine akyekyere mu, ɛyɛ safe ma mmofra?",prevention_query,"Aane, nsuo a yɛde chlorine (te sɛ Aquatabs) akyekyere mu yɛ safe paa ma mmofra ne mpanyimfoɔ nom na ɛsiw cholera kwan.","Water treated with chlorine, is it safe for children? Yes, water treated with chlorine (like Aquatabs) is very safe for children and adults to drink and prevents cholera.",Ghana Ministry of Health
"Sɛ me ba no ho ayɛ mmerɛ na n'ani apɔn, dɛn na mɛyɛ?",emergency_query,EYI NE EMERGENCY KƐSE! Fa no kɔ ayaresabea mprepren ara. N'ani a apɔn kyerɛ sɛ wo ho nsuo asa koraa.,"If my child becomes very weak and eyes are sunken, what should I do? THIS IS A HUGE EMERGENCY! Take them to the hospital right away. Sunken eyes indicate severe fluid loss.",WHO Ghana
"Me fiefoɔ pɛ sɛ wɔnom nsuo firi abutuo mu, ɔkwan bɛn so na yɛbɛyɛ no safe?",prevention_query,"Noa nsuo no ma ɛrehuru yie ansa na moanom, anaa monsɔn mu na momfa aduru a ɛkyekyere nsuo mu afra mu.","My family wants to drink water from a well, how can we make it safe? Boil the water until it bubbles before you drink, or filter it and mix it with water purification tablets.",CDC Ghana
"Chatbot, wo tumi boa me ma me anya aduru?",treatment_query,"Mente sɛ aduruyɛdan nanso metumi akyerɛ wo sɛnea yɛyɛ ORS wɔ fie: fa nsuo, asikre, ne nkyene fra bom. Kɔ pharmacy kɔtɔ paket no nso.","Chatbot, can you help me get medicine? I am not a pharmacy but I can show you how to make ORS at home: mix water, sugar, and salt. Go to a pharmacy to buy the packet too.",Ghana Health Service
Mema wo adwo o!,general_greeting,Mema wo adwo paa! Akwaaba. Bisa me biribiara a wopɛ sɛ wuhu fa cholera yareɛ no ho.,Good evening to you! Good evening indeed! Welcome. Ask me anything you want to know about the cholera disease.,Ghana NLP
Medaase ma wo mmuaeɛ pa no,general_greeting,Meda wo ase nso! Yɛpɛ sɛ wo ne wo fiefoɔ nya apɔwmuden daa. Tena ase asomdwoe mu.,Thank you for your good response. Thank you too! We want you and your family to have good health always. Stay safe.,Ghana NLP
"Ayamtuo a ɛfeɔ fra mu, ɛyɛ yareɔ bɔne?",symptoms_query,"Aane, sɛ ayamtuo ne ɛfeɛ bom ba a, ɛtumi yɛ cholera nsenkyerɛne kɛseɛ na ɛsɛe nsuo wɔ ho ntɛm. Hwɛ wo ho so yie.","Diarrhea combined with vomiting, is it a bad disease? Yes, when diarrhea and vomiting come together, it can be a major symptom of cholera and depletes bodily fluids quickly. Take good care of yourself.",WHO Ghana
"Mfifiseɛ pii wɔ me fie, ɛde cholera bɛba?",transmission_query,"Aane, mfifiseɛ betumi de fĩ afiri abɔnten abɛgu wo nnuane so. Kata wo nnuane so yie na tu mfifiseɛ no afiri wo fie.","There are many flies in my house, will it bring cholera? Yes, flies can bring filth from outside onto your food. Cover your food well and eliminate flies from your home.",CDC Ghana
"Me nsa ne me nan mu rekyere me, ɛyɛ cholera?",symptoms_query,"Aane, muscle cramps (nsakyere ne nankyere) yɛ cholera nsenkyerɛne kɛseɛ bi a ɛda adi sɛ wo ho nsuo ne nkyene pii asa. Nom ORS ntɛm.","My hands and legs are cramping, is it cholera? Yes, muscle cramps are a major symptom of cholera showing that a lot of water and salt are gone from your body. Drink ORS quickly.",Ghana Ministry of Health
"Sɛ me nsuo no ho tew, cholera mmoawa betumi atena mu?",transmission_query,"Aane, cholera mmoawa no yɛ nketenkete a ani ntaa nhu, nti nsuo betumi ayɛ hyɛnn nanso mmoawa gu mu. Noa wo nsuo daa.","If my water looks clean, can cholera bacteria live in it? Yes, cholera bacteria are very tiny and invisible to the naked eye, so water can be clear yet contain bacteria. Boil your water always.",WHO Ghana
Ghana Health Service de aduru ma kwa?,treatment_query,"Aane, wɔ government clinics pii mu no, Ghana Health Service de ORS ne IV fluids ma kwa ma cholera yarefoɔ na ama wɔagye wɔn nkwa.","Does the Ghana Health Service give medicine for free? Yes, in many government clinics, the Ghana Health Service provides ORS and IV fluids for free to cholera patients to save their lives.",Ghana Health Service
"Chatbot, dɛn na metumi akyerɛ me mma fa nsa hohoro ho?",prevention_query,Kyerɛ wɔn sɛ wɔde samina ne nsuo a ɛretew ahohoro wɔn nsa bere biara a wobɛfi asuogya anaa ansa na wɔaredidi na wɔakum mmoawa.,"Chatbot, what can I teach my children about handwashing? Teach them to use soap and running water to wash their hands every time they leave the toilet or before eating to kill bacteria.",CDC Ghana
"EYI NE EMERGENCY, boa me!",emergency_query,"Sɛ obi ho reasa ntɛm ara a, ma no ORS nsuo seesei na monsɔre nkɔ ayaresabea a ɛbɛn mo ntɛm ara! Mmtwɛn koraa.","THIS IS AN EMERGENCY, help me! If someone is losing fluids rapidly, give them ORS water right now and rise up to the nearest hospital immediately! Do not wait at all.",WHO Ghana
"Hello, chatbot pa",general_greeting,"Hello, akwaaba! Me ne Cholera Twi Chatbot. Metumi abua wo cholera ho nsɛmmisa biara.","Hello, good chatbot. Hello, welcome! I am the Cholera Twi Chatbot. I can answer any cholera questions.",Ghana NLP
"Mo mmuaeɛ no boa paa, medaase",general_greeting,Meda wo ase nso! Hwɛ na di aduane a ɛyɛ hyere paa na wanom nsuo pa daa. Hwɛ wo ho so.,"Your response helps a lot, thank you. Thank you too! Ensure you eat very hot food and drink clean water always. Take care of yourself.",Ghana NLP
"Sɛ me ho yɛ mmerɛ kɛse na meretumi annyina me nan so, ɛyɛ cholera?",symptoms_query,Mmerɛyɛ kɛseɛ a ɛte sɛ saa betumi afiri nsuo pii a ɛsa wɔ wo ho afiri cholera ayamtuo ne afeɛ mu. Kɔ clinic ntɛm ara!,"If I feel very weak and cannot stand on my feet, is it cholera? Severe weakness like this can come from the massive loss of fluids due to cholera diarrhea and vomiting. Go to the clinic quickly!",CDC Ghana
"Aduane a mfifiseɛ dii so, ɛwɔ sɛ me to gu?",prevention_query,"Aane, ɛyɛ banbɔ paa sɛ wobɛto aduane a mfifiseɛ pii dii so gu, efisɛ wɔbetumi de cholera mmoawa abɛgu so a ɛde yareɛ bɛba.","Food that flies visited, should I throw it away? Yes, it is very safe to throw away food that many flies visited, because they could have deposited cholera bacteria onto it which causes sickness.",Ghana Ministry of Health
"Sɛ me ba no nsuo asa na n'anofafa awo, ɛyɛ emergency?",emergency_query,"AANE, EYI NE EMERGENCY! Anofafa a awo kyerɛ sɛ abofra no ho nsuo asa koraa afiri ayamtuo mu. Ma no ORS na kɔ clinic seesei.","If my child is dehydrated and their mouth is dry, is it an emergency? YES, THIS IS AN EMERGENCY! A dry mouth means the child is severely dehydrated from diarrhea. Give ORS and go to the clinic right now.",WHO Ghana
Heffa na yɛyɛ vaccine wɔ Ghana ha?,prevention_query,Ghana Health Service taa yɛ cholera vaccine dwumadie wɔ mmeae a yareɛ no atae asi. Kɔ government hospital a ɛbɛn wo kɔbisa.,Where do they do the vaccine in Ghana? The Ghana Health Service usually conducts cholera vaccine campaigns in areas where the disease breaks out. Go to a government hospital near you to ask.,Ghana Health Service
ORS nsuo no yɛbɛtumi de nsuo firi subɔnten mu ayɛ?,treatment_query,Dabi! Ɛwɔ sɛ wo de nsuo pa a wɔanoa mu anaa pure water na ɛyɛ ORS nsuo no na woande mmoawa foforo anwura yarefoɔ no ho.,"The ORS water, can we use water from the river to make it? No! You must use clean water that has been boiled or sachet water to make the ORS solution so you don't introduce new bacteria into the patient.",CDC Ghana
"Ayamtuo no mu yɛ den na ɛfeɛ no nto mpa, dɛn aduru na metumi anyan wɔ fie?",treatment_query,"Nyan ORS nsuo (lita baako nsuo, asikre nsia, nkyene fa) ma no nom ntɛm ara na monfa no nkɔ ayaresabea mprepren ara.","The diarrhea is severe and vomiting won't stop, what medicine can I mix at home? Mix ORS water (1 liter water, 6 teaspoons sugar, 1/2 teaspoon salt) for them to drink immediately and take them to the hospital right away.",WHO Ghana
"Chatbot, da mase!",general_greeting,Meda wo ase nso! Apɔwmuden yɛ adɛn kɛse. Tena ase asomdwoe mu na bɔ wo ho ban.,"Chatbot, thank you! Thank you too! Health is wealth. Stay safe and protect yourself.",Ghana NLP
Response yi boa me paa nnɛ,general_greeting,Ɛyɛ me anigye paa! Bisa me biribiara a ɛfa cholera banbɔ ne ano aduru ho bio na mɛbua wo.,This response helps me a lot today. I am very happy! Ask me anything about cholera prevention and treatment again and I will answer you.,Ghana NLP
"Sɛ meba no anya ayamtuo na merekyere no fie, ɛyɛ asiane?",emergency_query,"Aane, sɛ ayamtuo no te sɛ nsubɛn na emu yɛ den a, mmkyere no fie. Kɔ ayaresabea ntɛm na wankɔwu afiri dehydration mu.","If my child gets diarrhea and I keep them at home, is it dangerous? Yes, if the diarrhea looks like rice-water and is severe, do not keep them at home. Go to the hospital quickly so they don't die from dehydration.",CDC Ghana
Kwan bɛn so na cholera bacteria fa sa yɛn?,transmission_query,Bacteria no fa nsuo anaa aduane a fĩ guom akɔwura mu a yɛnom anaa yɛdi mu. Ɛno na ɛtare yɛn.,How does the cholera bacteria infect us? The bacteria travels through water or food contaminated with waste that we drink or eat. That is how it infects us.,WHO Ghana
Sɛ me ho nni samina metumi de aduru a yɛde hohoro nsa (sanitizer) adi dwuma?,prevention_query,"Aane, alcohol-based hand sanitizer betumi akum mmoawa bi, nanso samina ne nsuo a ɛretew da so yɛ ɔkwan pa paa ma cholera.","If I don't have soap can I use hand sanitizer instead? Yes, alcohol-based hand sanitizer can kill some bacteria, but soap and running water remain the best method for cholera.",CDC Ghana
"Me ho nsuo asa afiri ayamtuo mu, dɛn ne nsenkyerɛne?",symptoms_query,"Wobɛhu sɛ wo ho nwoma repipiri, woapɔn ani, wo ho ayɛ mmerɛ kɛse, na woanofafa awo. Kɔ ayaresabea ntɛm!","My fluids are low from diarrhea, what are the symptoms? You will notice your skin wrinkling, sunken eyes, extreme weakness, and a dry mouth. Go to the hospital quickly!",WHO Ghana
Government clinics wɔ ORS aduru pii?,treatment_query,"Aane, Ghana Health Service abɔ mbɔden de ORS nnuru pii agu government clinics ahorow mu sɛnea yarefoɔ bɛnya ayaresa kwa.","Do government clinics have plenty of ORS medicine? Yes, the Ghana Health Service has made efforts to place plenty of ORS medicines in various government clinics so patients receive free treatment.",Ghana Health Service
Asikre dodo bɛn na yɛde yɛ fie ORS?,treatment_query,Fa asikre nsa-mmerɛ nsia (6 teaspoons) ne nkyene nsa-mmerɛ fa (1/2 teaspoon) fra nsuo pa lita baako mu.,How much sugar do we use to make home-made ORS? Use 6 teaspoons of sugar and 1/2 teaspoon of salt mixed into 1 liter of clean water.,CDC Ghana
"Yarefoɔ no rentumi nkasa bio, dɛn na mɛyɛ?",emergency_query,EYI NE EMERGENCY A ƐMU YƐ DEN PAA! Mma no nnnom biribiara na wankɔfe anwura ne hwerew mu. Fa no kɔ ayaresabea ntɛm ara!,"The patient cannot speak anymore, what should I do? THIS IS A VERY SEVERE EMERGENCY! Do not give them anything to drink so they don't choke. Take them to the hospital immediately!",WHO Ghana
"Mema wo aha o, chatbot!",general_greeting,Mema wo aha paa! Akwaaba bio. Metumi abua wo cholera ho nsɛmmisa biara nnɛ.,"Good afternoon to you, chatbot! Good afternoon indeed! Welcome again. I can answer any cholera questions today.",Ghana NLP
Medaase ma wo boa,general_greeting,Meda wo ase nso! Apɔwmuden na yɛrepɛ ma wo ne wo fiefoɔ. Hwɛ wo ho so yie.,Thank you for your help. Thank you too! We wish good health for you and your family. Take good care of yourself.,Ghana NLP
"Sɛ me ho yɛ hye na meyam tu a, ɛyɛ cholera?",symptoms_query,"Cholera ayamtuo taa ba a atiridii nnim, nanso sɛ ayamtuo no te sɛ nsubɛn na emu yɛ den a, ebia ɛyɛ cholera. Kɔ clinic kɔhwɛ.","If I feel feverish and my stomach runs, is it cholera? Cholera diarrhea usually comes without fever, but if the diarrhea looks like rice-water and is severe, it could be cholera. Go to the clinic to check.",CDC
"Mfifiseɛ gyina efi so na ɔbɛsi me nuane so, mɛyɛ dɛn?",transmission_query,"Sɛ mfifiseɛ si wo nuane so a, ɛbetumi de cholera mmoawa agu so. To saa nuane no gu anaa nua mu yie ma ɛyɛ hyere paa ansa na woadi.","Flies stood on waste and landed on my food, what should I do? If flies land on your food, they can deposit cholera bacteria. Throw that food away or heat it thoroughly until very hot before eating.",WHO Ghana
"Nsuo a yɛnua mu, ɛkum cholera mmoawa no nyinaa?",prevention_query,"Aane paa, sɛ wo nua nsuo no ma ɛrehuru yie a, ɛkum cholera mmoawa ne mmoawa bɔne biara a ɛwɔ nsuo no mu na ama ayɛ safe.","Water that we boil, does it kill all cholera bacteria? Yes indeed, when you boil water to a rolling boil, it kills cholera bacteria and any harmful micro-organisms in the water to make it safe.",Ghana Ministry of Health
"Sɛ me nkyene ne asikre nsuo no akyɛ nnɔnhwerew 24, metumi ama me ba no anom?",treatment_query,"Dabi, to gu. Fie ORS nsuo biara a woayɛ no sɛe nnɔnhwerew 24 akyi. Yɛ foforo mmom ma no bere biara.","If my salt and sugar water lasts 24 hours, can I give it to my child to drink? No, throw it away. Any home-made ORS water you make spoils after 24 hours. Make a fresh one for them instead every time.",CDC Ghana
Ghana Health Service wɔ akwan bi a wɔde siw cholera kwan?,prevention_query,"Aane, Ghana Health Service yɛ apɔwmuden nkrataa, tu ɔmanfoɔ fo sɛ wɔnhohoro wɔn nsa, na wɔma vaccines wɔ mmeae a asiane wom.","Does the Ghana Health Service have ways to prevent cholera? Yes, the Ghana Health Service creates health campaigns, advises the public to wash hands, and provides vaccines in high-risk areas.",Ghana Health Service
Nsa hohoro ne samina boa paa?,prevention_query,"Aane, nsa hohoro ne samina ne nsuo a ɛretew gu nsuo pa mu siw cholera kwan kɛseɛ paa efisɛ ɛkum mmoawa no afiri wo nsa ho.","Does handwashing with soap help a lot? Yes, washing hands with soap and running water helps prevent cholera significantly because it kills the bacteria from your hands.",WHO Ghana
"Me ba no retumi anom ORS bio na ɔrefe paa, ɛwɔ sɛ mekɔ clinic?",emergency_query,"AANE, KƆ CLINIC MPREPREN ARA! Sɛ abofra no rentumi nnom aduru no na ɔrefe a, ne ho nsuo bɛsa ntɛm afiri ne ho na ankyɛ na ɔbɛtɔ mmetegwee.","My child cannot drink ORS anymore and is vomiting heavily, should I go to the clinic? YES, GO TO THE CLINIC RIGHT AWAY! If the child cannot drink the medicine and is vomiting, their fluids will deplete rapidly and they will collapse soon.",WHO Ghana
"Kyei chatbot pa, ete sɛn?",general_greeting,"Ɛyɛ, akwaaba! Me ne Cholera Twi Chatbot. Metumi abua wo cholera ho nsɛm biara wɔ Twi mu.","Hey good chatbot, how is it? It is well, welcome! I am the Cholera Twi Chatbot. I can answer any cholera questions in Twi.",Ghana NLP
Medaase ma nkrataa yi nyinaa,general_greeting,Meda wo ase nso! Kɔ so tena ase asomdwoe mu na hwɛ wo ho so yie afiri cholera ho.,Thank you for all this information. Thank you too! Keep staying safe and take good care of yourself away from cholera.,Ghana NLP
"Ayamtuo no firi ase nnɛ anɔpa na me ho nwoma repipiri, ɛyɛ dɛn?",emergency_query,Nwoma a repipiri (loss of skin elasticity) kyerɛ sɛ wo ho nsuo asa koraa (severe dehydration) afiri cholera mu. Kɔ ayaresabea ntɛm!,"The diarrhea started this morning and my skin is wrinkling, what is it? Wrinkling skin (loss of skin elasticity) means you are severely dehydrated from cholera. Go to the hospital quickly!",WHO Ghana
"Aduane a yɛankata so, cholera mmoawa betumi awura mu?",transmission_query,"Aane paa, mfifiseɛ betumi de fĩ afiri abɔnten abɛgu aduane a yɛankata so no so na ama yɛanya cholera yareɛ no.","Food that is not covered, can cholera bacteria enter it? Yes indeed, flies can bring waste from outside and deposit it onto uncovered food, causing us to get the cholera disease.",CDC Ghana
"Sɛ mepae pure water sachet na me nsa ho fi a, asiane wom?",prevention_query,"Aane, wo nsa a ho fi no betumi de mmoawa agu sachet no ano na woanom de cholera awura wo ho. Hohoro wo nsa ansa.","If I open a sachet of pure water and my hands are dirty, is there danger? Yes, your dirty hands can transfer bacteria to the tip of the sachet and you will drink it, introducing cholera into your body. Wash your hands first.",Ghana Ministry of Health
"Fie ORS nsuo no, yɛde nkyene dodo bɛn na ɛfra mu?",treatment_query,Fa nkyene nsa-mmerɛ fa (1/2 teaspoon) ne asikre nsia (6 teaspoons) fra nsuo pa lita baako mu.,"The home-made ORS water, how much salt do we mix in? Use 1/2 teaspoon of salt and 6 teaspoons of sugar mixed into 1 liter of clean water.",CDC Ghana
Ghana Health Service betumi abɔ yɛn kɔkɔɔ sɛ cholera ba a?,prevention_query,"Aane, Ghana Health Service taa de radio ne tv so bɔ ɔmanfoɔ kɔkɔɔ daa bere biara a cholera yareɛ no bɛba ɔman no mu.","Can the Ghana Health Service warn us if cholera comes? Yes, the Ghana Health Service usually uses radio and TV to warn the public whenever the cholera disease enters the country.",Ghana Health Service
"ORS paket no, yɛde nsuo dodo bɛn na ɛyɛ?",treatment_query,Taa fa nsuo pa lita baako na fa fra ORS paket baako mu yie sɛnea atwerɛ wɔ paket no akyi pɛpɛɛpɛ.,"The ORS packet, how much water do we use to make it? Typically use 1 liter of clean water to mix with one ORS packet thoroughly as written exactly on the back of the packet.",WHO Ghana
"Yarefoɔ no anya mmetegwee na ɔrente asɛm, dɛn ne emergency action?",emergency_query,EYI NE EMERGENCY A ƐMU YƐ DEN PAA! Mma no nnnom biribiara wɔ n'anom. Fa no kɔ ayaresabea ntɛm ara na wɔama no nsuo wɔ ne ntin (IV fluids).,"The patient has collapsed and is unresponsive, what is the emergency action? THIS IS A VERY SEVERE EMERGENCY! Do not give them anything by mouth. Take them to the hospital immediately for intravenous fluids (IV fluids).",WHO Ghana
"Mema wo adwo, chatbot nua!",general_greeting,Mema wo adwo paa! Akwaaba. Bisa me cholera ho nsɛmmisa biara a ɛfa apɔwmuden ho.,"Good evening, chatbot brother/sister! Good evening indeed! Welcome. Ask me any cholera questions regarding health.",Ghana NLP
Mo mmuaeɛ yi yɛ me fɛ paa daa,general_greeting,Meda wo ase nso! Yɛn anigye ne sɛ wo bɛbɔ wo ho ban afiri cholera yareɛ ho daa. Tena ase asomdwoe mu.,Your responses please me very much always. Thank you too! Our joy is that you protect yourself from the cholera disease always. Stay safe.,Ghana NLP
"Ayamtuo a ɛte sɛ mrose nsuo pii, ɛyɛ cholera nsenkyerɛne?",symptoms_query,"Aane paa, ayamtuo a ɛte sɛ mrose nsuo (rice-water stools) ne cholera nsenkyerɛne kɛseɛ a ɛda adi paa. Kɔ ayaresabea ntɛm.","Is plenty of rice-water diarrhea a cholera symptom? Yes indeed, diarrhea that looks like rice-water is the classic and most definitive symptom of cholera. Go to the hospital quickly.",WHO Ghana
"Sɛ me nom nsuo firi dɔteɛ mu a, metumi nya cholera?",transmission_query,"Aane, nsuo a ɛfiri dɔteɛ mu anaa atwene mu taa nya cholera mmoawa afiri efi mu. Asiane kɛseɔ wom sɛ wobɛnom.","If I drink water from a muddy place can I get cholera? Yes, water from muddy places or runoff drains often contains cholera bacteria from waste. There is big danger if you drink it.",CDC Ghana
Dɛn nti na samina hia paa bere a yɛhohoro yɛn nsa?,prevention_query,"Samina kum cholera mmoawa no na ɛyi efi biara a ɛwɔ wo nsa ho afiri hɔ, nea nsuo kwa nnfa nntumi nnyɛ.","Why is soap so important when we wash our hands? Soap kills the cholera bacteria and removes any filth from your hands, which water alone cannot do.",Ghana Ministry of Health
"Me fie ORS no, metumi de asikre pii afra mu sɛnea ɛbɛyɛ dɛ?",treatment_query,"Dabi, mma no nnkpasoɔ. Fa asikre nsia (6 teaspoons) ne nkyene fa (1/2 teaspoon) pɛpɛɛpɛ. Sɛ wo de asikre pii gu mu a, ɛbetumi ama ayamtuo no anya kɔ so kɛse.","My home-made ORS, can I mix plenty of sugar to make it sweet? No, do not exceed the limit. Use exactly 6 teaspoons of sugar and 1/2 teaspoon of salt. If you put too much sugar, it can make the diarrhea even worse.",WHO Ghana
Ghana Health Service bɛma yɛn aduru wɔ adagya mu?,treatment_query,"Ghana Health Service de nnuru gu government clinics mu. Sɛ wo kɔ hɔ a, wɔbɛhwɛ wo yie na wɔama wo ORS ne IV fluids a ɛho hia.","Will the Ghana Health Service give us medicine in the community? The Ghana Health Service places medicines in government clinics. If you go there, they will care for you well and give you the necessary ORS and IV fluids.",Ghana Health Service
"Sɛ me ho nsuo asa koraa na meretumi nte asɛm yie, ɛwɔ sɛ me nom ORS?",emergency_query,"Sɛ wo ho yɛ mmerɛ dodo na warentumi nnte asɛm yie a, ɛyɛ emergency kɛse. Kɔ ayaresabea ntɛm na wɔma wo nsuo wɔ wo ntin (IV fluids).","If my fluids are completely gone and I cannot understand things well, should I drink ORS? If you are too weak and semi-conscious, it is a major emergency. Go to the hospital quickly for intravenous fluids (IV fluids).",WHO Ghana
"Mema wo akye o, chatbot nua pa!",general_greeting,Mema wo akye paa! Akwaaba. Metumi abua wo cholera ho nsɛmmisa biara nnɛ.,"Good morning to you, good chatbot brother/sister! Good morning indeed! Welcome. I can answer any cholera questions today.",Ghana NLP
Medaase ma mmoaeɛ pa yi,general_greeting,Meda wo ase nso! Hwɛ wo ho so yie na horo wo nsa ne samina bere biara. Tena ase asomdwoe mu.,Thank you for this good help. Thank you too! Take good care of yourself and wash your hands with soap every time. Stay safe.,Ghana NLP
"Sɛ me ho yɛ mmerɛ na meretumi nnidi, ɛyɛ cholera?",symptoms_query,"Mmerɛyɛ betumi ayɛ cholera nsenkyerɛne afiri nsuo a ɛsa nti. Sɛ ayamtuo ne ɛfeɛ fra mu a, ɛyɛ asiane paa. Kɔ ayaresabea.","If I feel weak and cannot eat, is it cholera? Weakness can be a cholera symptom due to fluid loss. If diarrhea and vomiting are combined, it is very dangerous. Go to the hospital.",WHO Ghana
Abutuo a yɛankata so betumi de cholera bacteria aba?,transmission_query,"Aane paa, abutuo a yɛankata so no betumi anya efi afiri asuogya mu na mfifiseɛ de cholera mmoawa no awura nsuo no mu.","Can an uncovered well bring cholera bacteria? Yes indeed, an uncovered well can receive contamination from toilets and flies can introduce cholera bacteria into the water.",CDC Ghana
"Me nsa ho fi na me de yɛ aduane ma me fiefoɔ, ɛde yareɛ bɛba?",prevention_query,"Aane, eyi de cholera yareɛ bɛba ntɛm ara. Hohoro wo nsa ne samina ne nsuo a ɛretew bere biara ansa na woayɛ aduane.","My hands are dirty and I use them to cook for my family, will it bring disease? Yes, this will bring the cholera disease very quickly. Wash your hands with soap and running water every time before you cook.",Ghana Ministry of Health
Fie ORS nsuo no metumi de pure water sachet ayɛ?,treatment_query,"Aane, pure water sachet a ɛfiri beae pa a ho tew yɛ safe paa a wobetumi de ayɛ fie ORS nsuo no.","The home-made ORS water can I use a pure water sachet to make it? Yes, a pure water sachet from a clean, trusted source is very safe to use for making home-made ORS water.",CDC Ghana
Ghana Health Service de cholera vaccine ma adagya mu?,prevention_query,"Aane, Ghana Health Service de Oral Cholera Vaccine ma adagya mu kwa wɔ mmeae a cholera yareɛ no atae asi na ama banbɔ.","Does the Ghana Health Service give cholera vaccine in the community? Yes, the Ghana Health Service provides the Oral Cholera Vaccine in communities for free in areas where the cholera disease breaks out to ensure protection.",Ghana Health Service
"Sɛ me nsa kyere me me nan mu afiri ayamtuo nti, dɛn aduru na ɛwɔ hɔ?",treatment_query,Nom ORS nsuo seesei ara na kɔ clinic. Saa nsa kyere ne nankyere yi (muscle cramps) firi nsuo ne nkyene a ɛsa wɔ ho nti.,"If my hands and legs cramp because of diarrhea, what medicine is there? Drink ORS water right now and go to the clinic. These muscle cramps are due to the loss of water and salts from your body.",WHO Ghana
"Yarefoɔ no n'ani apɔn na ɔrente nsɛm, ɛwɔ sɛ me ma no ORS?",emergency_query,"Sɛ n'ani da hɔ na ɔbetumi anom a, ma no ORS nkakrakakra na monsɔre nkɔ ayaresabea seesei. Sɛ ɔrente nsɛm koraa a, mmfa nnom no na wankɔfe.","The patient's eyes are sunken and they are unresponsive, should I give them ORS? If they are conscious and able to swallow, give them ORS in small sips and head to the hospital right now. If completely unconscious, do not force them to drink so they don't choke.",CDC Ghana
"Mema wo aha, chatbot pa!",general_greeting,Mema wo aha paa! Akwaaba bio. Dɛn na wopɛ sɛ meboa wo fa cholera apɔwmuden ho nnɛ?,"Good afternoon, good chatbot! Good afternoon indeed! Welcome again. What do you want me to help you with regarding cholera health today?",Ghana NLP
Mo adwuma yi boa Ghanafoɔ paa,general_greeting,Meda wo ase! Ɛyɛ yɛn anigye sɛ yɛde Twi kasa bɛboa Ghanafoɔ nyinaa ma wɔanya apɔwmuden afiri cholera ho.,Your work helps Ghanaians a lot. Thank you! It is our joy to use the Twi language to help all Ghanaians gain good health away from cholera.,Ghana NLP
"Ayamtuo a ɛte sɛ nsubɛn ne afeɛ pii, ɛyɛ cholera?",symptoms_query,"Aane, ayamtuo kɛseɛ a ɛte sɛ nsubɛn (rice-water stools) ne afeɛ a ɛnto mpa yɛ cholera nsenkyerɛne titiriw. Kɔ clinic ntɛm.","Is watery diarrhea and plenty of vomiting cholera? Yes, severe watery diarrhea (rice-water stools) and frequent vomiting are primary symptoms of cholera. Go to the clinic quickly.",WHO Ghana
"Sɛ me nom nsuo firi asubɔnten mu a, metumi nya cholera mmoawa?",transmission_query,"Aane paa, asubɔnten nsuo pii nya efi afiri abɔnten na cholera mmoawa betumi atena mu. Noa wo nsuo ansa na wanom.","If I drink water from the river can I get cholera bacteria? Yes indeed, many river waters receive contamination from outside and cholera bacteria can live in them. Boil your water before drinking.",CDC Ghana
Dɛn nti na yɛkata aduane so afiri mfifiseɛ ho?,prevention_query,Yɛkata aduane so afiri mfifiseɛ ho efisɛ mfifiseɛ de fĩ afiri abɔnten abɛgu aduane so na ɛde cholera mmoawa bɛba.,Why do we cover food away from flies? We cover food away from flies because flies bring waste from outside onto the food and introduce cholera bacteria.,Ghana Ministry of Health
"Fie ORS nsuo no, metumi de nsuo a yɛnua mu ayɛ?",treatment_query,"Aane, nsuo a woanoa mu yie na ɛyɛ nwunu yɛ safe paa a wobetumi de ayɛ fie ORS nsuo no.","The home-made ORS water, can I use water that has been boiled to make it? Yes, water that you have boiled thoroughly and allowed to cool is very safe to use for making home-made ORS water.",CDC Ghana
Ghana Health Service wɔ nnuru a yɛde sa cholera wɔ clinics?,treatment_query,"Aane, Ghana Health Service abɔ mbɔden de ORS ne nsuo a yɛde bɔ ntin mu (IV fluids) agu clinics ahorow mu kwa ma yarefoɔ.","Does the Ghana Health Service have medicines to treat cholera in clinics? Yes, the Ghana Health Service has made efforts to place ORS and intravenous fluids (IV fluids) in various clinics for free for patients.",Ghana Health Service
"Me ba no ho ayɛ mmerɛ dodo na ɔrentumi nsɔre, dɛn ne emergency action?",emergency_query,EYI NE EMERGENCY KƐSE! Monsɔre mprepren kɔ ayaresabea a ɛbɛn mo. Dɔkota bɛma no nsuo wɔ ne ntin (IV fluids) ampon ne nkwa.,"My child is too weak and cannot wake up, what is the emergency action? THIS IS A HUGE EMERGENCY! Rise up right now and go to the nearest hospital. The doctor will give intravenous fluids (IV fluids) to save their life.",WHO Ghana
"Mema wo adwo o, chatbot nua!",general_greeting,Mema wo adwo paa! Akwaaba bio. Metumi abua wo cholera ho nsɛmmisa biara nnɛ.,"Good evening to you, chatbot brother/sister! Good evening indeed! Welcome again. I can answer any cholera questions today.",Ghana NLP
Medaase ma mmuaeɛ pa yi daa,general_greeting,Meda wo ase nso! Kɔ so bɔ wo ho ban afiri cholera yareɛ ho na horo wo nsa. Tena ase asomdwoe mu.,Thank you for this good response always. Thank you too! Keep protecting yourself from the cholera disease and wash your hands. Stay safe.,Ghana NLP
"Sɛ me ho yɛ mmerɛ na meyam tu a, ɛyɛ cholera?",symptoms_query,"Cholera ayamtuo taa ba a atiridii nnim, nanso sɛ ayamtuo no te sɛ nsubɛn na emu yɛ den a, ebia ɛyɛ cholera. Kɔ clinic kɔhwɛ.","If I feel feverish and my stomach runs, is it cholera? Cholera diarrhea usually comes without fever, but if the diarrhea looks like rice-water and is severe, it could be cholera. Go to the clinic to check.",CDC
Meda banknotes yi nyinaa ase,general_greeting,Meda wo ase nso! Ɛyɛ me anigye sɛ meboa wo. Hwɛ wo ho so yie afiri cholera ho.,Thank you very much for all this data. Thank you too! It is my pleasure to help you. Take good care of yourself against cholera.,Ghana NLP
Nsuo a yɛwɔ sɛ yɛnom no yɛ sɛn?,prevention_query,"Nom nsuo a wɔanoa, pure water a ɛfiri beae pa, anaa bottled water. Kora wo nsuo ho ban.","Which safe water should we drink? Drink boiled water, sachet water from a trusted source, or bottled water. Protect your water source.",Ghana Ministry of Health
Sɛ me ho nni samina metumi de nsuo kwa ahohoro me nsa?,prevention_query,Nsuo kwa ntaa nkum cholera mmoawa no yie. Fa samina anaa nsofa (ash) fra mu ahoro wo nsa na woanya banbɔ pa.,If I don't have soap can I use water alone to wash my hands? Water alone usually doesn't kill the cholera bacteria effectively. Use soap or mix with ash to wash your hands for proper protection.,CDC Ghana
Cholera yareɛ ho nsenkyerɛne titiriw ne sɛn?,symptoms_query,Ayamtuo ne afeɛ kɛseɛ a ɛnto mpa na ɛkyerɛ sɛ obi betumi anya cholera yareɛ no. Wo ho nsuo bɛtumi asa ntɛm ara.,"Severe watery diarrhea and uncontrollable vomiting are signs of cholera, which can cause rapid dehydration.",CDC Ghana
Obi a ɔwɔ cholera no ho da sɛn?,symptoms_query,Cholera yareɛ no ho nsenkyerɛne titiriw ne ayamtuo kɛseɛ a ɛte sɛ nsuo (a ɛte sɛ nsubɛn) ne ɛfeɛ a ɛnto mpa. Eyi betumi ama wo ho nsuo asa ntɛm (dehydration).,The main symptoms of cholera are severe watery diarrhea (like rice-water) and frequent vomiting. This can cause rapid dehydration.,WHO Ghana Health Service
"Ayamtuo a ɛte sɛ nsubɛn, ɛyɛ cholera nsenkyerɛne?",symptoms_query,Cholera yareɛ no ho nsenkyerɛne titiriw ne ayamtuo kɛseɛ a ɛte sɛ nsuo (a ɛte sɛ nsubɛn) ne ɛfeɛ a ɛnto mpa. Eyi betumi ama wo ho nsuo asa ntɛm (dehydration).,The main symptoms of cholera are severe watery diarrhea (like rice-water) and frequent vomiting. This can cause rapid dehydration.,WHO Ghana Health Service
"Afeɛ pii na me ho, ɛyɛ cholera?",symptoms_query,Ayamtuo ne afeɛ kɛseɛ a ɛnto mpa na ɛkyerɛ sɛ obi betumi anya cholera yareɛ no. Wo ho nsuo bɛtumi asa ntɛm ara.,"Severe watery diarrhea and uncontrollable vomiting are signs of cholera, which can cause rapid dehydration.",CDC Ghana
"Sɛ me ho yɛ hye na meyam tu a, ɛkyerɛ sɛn?",symptoms_query,Cholera yareɛ no ho nsenkyerɛne titiriw ne ayamtuo kɛseɛ a ɛte sɛ nsuo (a ɛte sɛ nsubɛn) ne ɛfeɛ a ɛnto mpa. Eyi betumi ama wo ho nsuo asa ntɛm (dehydration).,The main symptoms of cholera are severe watery diarrhea (like rice-water) and frequent vomiting. This can cause rapid dehydration.,WHO Ghana Health Service
"Me ho nsuo asa koraa sɛ mefe bebree, ɛyɛ dɛn?",symptoms_query,Ayamtuo ne afeɛ kɛseɛ a ɛnto mpa na ɛkyerɛ sɛ obi betumi anya cholera yareɛ no. Wo ho nsuo bɛtumi asa ntɛm ara.,"Severe watery diarrhea and uncontrollable vomiting are signs of cholera, which can cause rapid dehydration.",CDC Ghana
Cholera tumi ma obi n'ani apɔn?,symptoms_query,Cholera yareɛ no ho nsenkyerɛne titiriw ne ayamtuo kɛseɛ a ɛte sɛ nsuo (a ɛte sɛ nsubɛn) ne ɛfeɛ a ɛnto mpa. Eyi betumi ama wo ho nsuo asa ntɛm (dehydration).,The main symptoms of cholera are severe watery diarrhea (like rice-water) and frequent vomiting. This can cause rapid dehydration.,WHO Ghana Health Service
Ɛbɛtumi ayɛ cholera na ayamtuo no nni nsuo mu?,symptoms_query,Ayamtuo ne afeɛ kɛseɛ a ɛnto mpa na ɛkyerɛ sɛ obi betumi anya cholera yareɛ no. Wo ho nsuo bɛtumi asa ntɛm ara.,"Severe watery diarrhea and uncontrollable vomiting are signs of cholera, which can cause rapid dehydration.",CDC Ghana
"Me nan ne me nsa mu rekyere me, ɛyɛ cholera?",symptoms_query,Cholera yareɛ no ho nsenkyerɛne titiriw ne ayamtuo kɛseɛ a ɛte sɛ nsuo (a ɛte sɛ nsubɛn) ne ɛfeɛ a ɛnto mpa. Eyi betumi ama wo ho nsuo asa ntɛm (dehydration).,The main symptoms of cholera are severe watery diarrhea (like rice-water) and frequent vomiting. This can cause rapid dehydration.,WHO Ghana Health Service
"Sɛ me ho yɛ mmerɛ kɛse firi ayamtuo mu a, ɛkyerɛ sɛn?",symptoms_query,Ayamtuo ne afeɛ kɛseɛ a ɛnto mpa na ɛkyerɛ sɛ obi betumi anya cholera yareɛ no. Wo ho nsuo bɛtumi asa ntɛm ara.,"Severe watery diarrhea and uncontrollable vomiting are signs of cholera, which can cause rapid dehydration.",CDC Ghana
Cholera mmoawa no tumi ma me yafunu atu me?,symptoms_query,Cholera yareɛ no ho nsenkyerɛne titiriw ne ayamtuo kɛseɛ a ɛte sɛ nsuo (a ɛte sɛ nsubɛn) ne ɛfeɛ a ɛnto mpa. Eyi betumi ama wo ho nsuo asa ntɛm (dehydration).,The main symptoms of cholera are severe watery diarrhea (like rice-water) and frequent vomiting. This can cause rapid dehydration.,WHO Ghana Health Service
Ɛbɛtumi ayɛ cholera na meyare da mmienu nko?,symptoms_query,Ayamtuo ne afeɛ kɛseɛ a ɛnto mpa na ɛkyerɛ sɛ obi betumi anya cholera yareɛ no. Wo ho nsuo bɛtumi asa ntɛm ara.,"Severe watery diarrhea and uncontrollable vomiting are signs of cholera, which can cause rapid dehydration.",CDC Ghana
"Sɛ me anom awo na merefɛ a, ɛkyerɛ sɛn?",symptoms_query,Cholera yareɛ no ho nsenkyerɛne titiriw ne ayamtuo kɛseɛ a ɛte sɛ nsuo (a ɛte sɛ nsubɛn) ne ɛfeɛ a ɛnto mpa. Eyi betumi ama wo ho nsuo asa ntɛm (dehydration).,The main symptoms of cholera are severe watery diarrhea (like rice-water) and frequent vomiting. This can cause rapid dehydration.,WHO Ghana Health Service
"Ayamtuo a ɛnhuri mpa ne afeɛ pii, ɛyɛ cholera?",symptoms_query,Ayamtuo ne afeɛ kɛseɛ a ɛnto mpa na ɛkyerɛ sɛ obi betumi anya cholera yareɛ no. Wo ho nsuo bɛtumi asa ntɛm ara.,"Severe watery diarrhea and uncontrollable vomiting are signs of cholera, which can cause rapid dehydration.",CDC Ghana
Cholera yareɛ tumi ma me ntiti me?,symptoms_query,Cholera yareɛ no ho nsenkyerɛne titiriw ne ayamtuo kɛseɛ a ɛte sɛ nsuo (a ɛte sɛ nsubɛn) ne ɛfeɛ a ɛnto mpa. Eyi betumi ama wo ho nsuo asa ntɛm (dehydration).,The main symptoms of cholera are severe watery diarrhea (like rice-water) and frequent vomiting. This can cause rapid dehydration.,WHO Ghana Health Service
"Me ba no ayamtuo no nte ase, ɛyɛ asiane?",emergency_query,Ayamtuo ne afeɛ kɛseɛ a ɛnto mpa na ɛkyerɛ sɛ obi betumi anya cholera yareɛ no. Wo ho nsuo bɛtumi asa ntɛm ara.,"Severe watery diarrhea and uncontrollable vomiting are signs of cholera, which can cause rapid dehydration.",CDC Ghana
"Sɛ obi ho nsuo asa wɔ cholera mu a, ɛho te sɛn?",symptoms_query,Cholera yareɛ no ho nsenkyerɛne titiriw ne ayamtuo kɛseɛ a ɛte sɛ nsuo (a ɛte sɛ nsubɛn) ne ɛfeɛ a ɛnto mpa. Eyi betumi ama wo ho nsuo asa ntɛm (dehydration).,The main symptoms of cholera are severe watery diarrhea (like rice-water) and frequent vomiting. This can cause rapid dehydration.,WHO Ghana Health Service
Mmofra betumi anya cholera sɛ wɔwɔ ayamtuo a?,symptoms_query,Ayamtuo ne afeɛ kɛseɛ a ɛnto mpa na ɛkyerɛ sɛ obi betumi anya cholera yareɛ no. Wo ho nsuo bɛtumi asa ntɛm ara.,"Severe watery diarrhea and uncontrollable vomiting are signs of cholera, which can cause rapid dehydration.",CDC Ghana
Cholera tumi ma obi koma ntɔɔ?,symptoms_query,Cholera yareɛ no ho nsenkyerɛne titiriw ne ayamtuo kɛseɛ a ɛte sɛ nsuo (a ɛte sɛ nsubɛn) ne ɛfeɛ a ɛnto mpa. Eyi betumi ama wo ho nsuo asa ntɛm (dehydration).,The main symptoms of cholera are severe watery diarrhea (like rice-water) and frequent vomiting. This can cause rapid dehydration.,WHO Ghana Health Service
Ayamtuo ne afeɛ no ba wɔ berɛ bɛn mu?,symptoms_query,Ayamtuo ne afeɛ kɛseɛ a ɛnto mpa na ɛkyerɛ sɛ obi betumi anya cholera yareɛ no. Wo ho nsuo bɛtumi asa ntɛm ara.,"Severe watery diarrhea and uncontrollable vomiting are signs of cholera, which can cause rapid dehydration.",CDC Ghana
"Sɛ me ho nsuo asa a, dɛn nsenkyerɛne na ɛba?",symptoms_query,Cholera yareɛ no ho nsenkyerɛne titiriw ne ayamtuo kɛseɛ a ɛte sɛ nsuo (a ɛte sɛ nsubɛn) ne ɛfeɛ a ɛnto mpa. Eyi betumi ama wo ho nsuo asa ntɛm (dehydration).,The main symptoms of cholera are severe watery diarrhea (like rice-water) and frequent vomiting. This can cause rapid dehydration.,WHO Ghana Health Service
Cholera yareɛ tumi ma yɛn ho titi titi?,symptoms_query,Ayamtuo ne afeɛ kɛseɛ a ɛnto mpa na ɛkyerɛ sɛ obi betumi anya cholera yareɛ no. Wo ho nsuo bɛtumi asa ntɛm ara.,"Severe watery diarrhea and uncontrollable vomiting are signs of cholera, which can cause rapid dehydration.",CDC Ghana
"Me nan mu rekyere me firi cholera nti, ɛyɛ asiane?",symptoms_query,Cholera yareɛ no ho nsenkyerɛne titiriw ne ayamtuo kɛseɛ a ɛte sɛ nsuo (a ɛte sɛ nsubɛn) ne ɛfeɛ a ɛnto mpa. Eyi betumi ama wo ho nsuo asa ntɛm (dehydration).,The main symptoms of cholera are severe watery diarrhea (like rice-water) and frequent vomiting. This can cause rapid dehydration.,WHO Ghana Health Service
"Sɛ me ba no afɛre na ɔkɔ agya nsuo pii a, ɛyɛ cholera?",symptoms_query,Ayamtuo ne afeɛ kɛseɛ a ɛnto mpa na ɛkyerɛ sɛ obi betumi anya cholera yareɛ no. Wo ho nsuo bɛtumi asa ntɛm ara.,"Severe watery diarrhea and uncontrollable vomiting are signs of cholera, which can cause rapid dehydration.",CDC Ghana
Cholera nsenkyerɛne betumi akyerɛ ase bere bɛn mu?,symptoms_query,Cholera yareɛ no ho nsenkyerɛne titiriw ne ayamtuo kɛseɛ a ɛte sɛ nsuo (a ɛte sɛ nsubɛn) ne ɛfeɛ a ɛnto mpa. Eyi betumi ama wo ho nsuo asa ntɛm (dehydration).,The main symptoms of cholera are severe watery diarrhea (like rice-water) and frequent vomiting. This can cause rapid dehydration.,WHO Ghana Health Service
"Sɛ ayamtuo ne afeɛ ba bɔne a, ɛwɔ sɛ mekɔ clinic?",emergency_query,Ayamtuo ne afeɛ kɛseɛ a ɛnto mpa na ɛkyerɛ sɛ obi betumi anya cholera yareɛ no. Wo ho nsuo bɛtumi asa ntɛm ara.,"Severe watery diarrhea and uncontrollable vomiting are signs of cholera, which can cause rapid dehydration.",CDC Ghana
"Me ba no rekyere na ne nan mu apo, ɛyɛ cholera?",symptoms_query,Cholera yareɛ no ho nsenkyerɛne titiriw ne ayamtuo kɛseɛ a ɛte sɛ nsuo (a ɛte sɛ nsubɛn) ne ɛfeɛ a ɛnto mpa. Eyi betumi ama wo ho nsuo asa ntɛm (dehydration).,The main symptoms of cholera are severe watery diarrhea (like rice-water) and frequent vomiting. This can cause rapid dehydration.,WHO Ghana Health Service
Cholera tumi ma obi ho wɔ fɛ sɛ obi a ɔte ase?,symptoms_query,Ayamtuo ne afeɛ kɛseɛ a ɛnto mpa na ɛkyerɛ sɛ obi betumi anya cholera yareɛ no. Wo ho nsuo bɛtumi asa ntɛm ara.,"Severe watery diarrhea and uncontrollable vomiting are signs of cholera, which can cause rapid dehydration.",CDC Ghana
Dɛn nsenkyerɛne na ɛkyerɛ sɛ cholera mu yɛ den?,symptoms_query,Cholera yareɛ no ho nsenkyerɛne titiriw ne ayamtuo kɛseɛ a ɛte sɛ nsuo (a ɛte sɛ nsubɛn) ne ɛfeɛ a ɛnto mpa. Eyi betumi ama wo ho nsuo asa ntɛm (dehydration).,The main symptoms of cholera are severe watery diarrhea (like rice-water) and frequent vomiting. This can cause rapid dehydration.,WHO Ghana Health Service
"Me mma no nyinaa wɔ ayamtuo baabi, ɛyɛ cholera?",symptoms_query,Ayamtuo ne afeɛ kɛseɛ a ɛnto mpa na ɛkyerɛ sɛ obi betumi anya cholera yareɛ no. Wo ho nsuo bɛtumi asa ntɛm ara.,"Severe watery diarrhea and uncontrollable vomiting are signs of cholera, which can cause rapid dehydration.",CDC Ghana
"Sɛ obi fɛre na ɔnte asɛm yie, ɛyɛ cholera?",symptoms_query,Cholera yareɛ no ho nsenkyerɛne titiriw ne ayamtuo kɛseɛ a ɛte sɛ nsuo (a ɛte sɛ nsubɛn) ne ɛfeɛ a ɛnto mpa. Eyi betumi ama wo ho nsuo asa ntɛm (dehydration).,The main symptoms of cholera are severe watery diarrhea (like rice-water) and frequent vomiting. This can cause rapid dehydration.,WHO Ghana Health Service
Cholera tumi ma me ani gye huro?,symptoms_query,Ayamtuo ne afeɛ kɛseɛ a ɛnto mpa na ɛkyerɛ sɛ obi betumi anya cholera yareɛ no. Wo ho nsuo bɛtumi asa ntɛm ara.,"Severe watery diarrhea and uncontrollable vomiting are signs of cholera, which can cause rapid dehydration.",CDC Ghana
"Ayamtuo a ɛte sɛ nsubɛn nsuo ne ho titi, ɛyɛ cholera?",symptoms_query,Cholera yareɛ no ho nsenkyerɛne titiriw ne ayamtuo kɛseɛ a ɛte sɛ nsuo (a ɛte sɛ nsubɛn) ne ɛfeɛ a ɛnto mpa. Eyi betumi ama wo ho nsuo asa ntɛm (dehydration).,The main symptoms of cholera are severe watery diarrhea (like rice-water) and frequent vomiting. This can cause rapid dehydration.,WHO Ghana Health Service
"Me ba no afɛre pii na ne ho yɛ hye, ɛyɛ cholera?",symptoms_query,Ayamtuo ne afeɛ kɛseɛ a ɛnto mpa na ɛkyerɛ sɛ obi betumi anya cholera yareɛ no. Wo ho nsuo bɛtumi asa ntɛm ara.,"Severe watery diarrhea and uncontrollable vomiting are signs of cholera, which can cause rapid dehydration.",CDC Ghana
"Sɛ obi anya cholera a, ɔhunu sɛn?",symptoms_query,Cholera yareɛ no ho nsenkyerɛne titiriw ne ayamtuo kɛseɛ a ɛte sɛ nsuo (a ɛte sɛ nsubɛn) ne ɛfeɛ a ɛnto mpa. Eyi betumi ama wo ho nsuo asa ntɛm (dehydration).,The main symptoms of cholera are severe watery diarrhea (like rice-water) and frequent vomiting. This can cause rapid dehydration.,WHO Ghana Health Service
Cholera yareɛ tumi kum obi bere bɛn mu?,symptoms_query,Ayamtuo ne afeɛ kɛseɛ a ɛnto mpa na ɛkyerɛ sɛ obi betumi anya cholera yareɛ no. Wo ho nsuo bɛtumi asa ntɛm ara.,"Severe watery diarrhea and uncontrollable vomiting are signs of cholera, which can cause rapid dehydration.",CDC Ghana
"Mmofra ketewa wɔ cholera a, dɛn nsenkyerɛne na ɛda adi?",symptoms_query,Cholera yareɛ no ho nsenkyerɛne titiriw ne ayamtuo kɛseɛ a ɛte sɛ nsuo (a ɛte sɛ nsubɛn) ne ɛfeɛ a ɛnto mpa. Eyi betumi ama wo ho nsuo asa ntɛm (dehydration).,The main symptoms of cholera are severe watery diarrhea (like rice-water) and frequent vomiting. This can cause rapid dehydration.,WHO Ghana Health Service
"Sɛ me yam tu me na ayamtuo ba a, ɛyɛ cholera?",symptoms_query,Ayamtuo ne afeɛ kɛseɛ a ɛnto mpa na ɛkyerɛ sɛ obi betumi anya cholera yareɛ no. Wo ho nsuo bɛtumi asa ntɛm ara.,"Severe watery diarrhea and uncontrollable vomiting are signs of cholera, which can cause rapid dehydration.",CDC Ghana
Ɛbɛtumi ayɛ cholera na dehydration annya me nso?,symptoms_query,Cholera yareɛ no ho nsenkyerɛne titiriw ne ayamtuo kɛseɛ a ɛte sɛ nsuo (a ɛte sɛ nsubɛn) ne ɛfeɛ a ɛnto mpa. Eyi betumi ama wo ho nsuo asa ntɛm (dehydration).,The main symptoms of cholera are severe watery diarrhea (like rice-water) and frequent vomiting. This can cause rapid dehydration.,WHO Ghana Health Service
"Me ho titi titi firi cholera nsenkyerɛne ho, dɛn mɛyɛ?",symptoms_query,Ayamtuo ne afeɛ kɛseɛ a ɛnto mpa na ɛkyerɛ sɛ obi betumi anya cholera yareɛ no. Wo ho nsuo bɛtumi asa ntɛm ara.,"Severe watery diarrhea and uncontrollable vomiting are signs of cholera, which can cause rapid dehydration.",CDC Ghana
"Cholera mmoawa no kɔ obi ho a, berɛ bɛn mu na ɛda adi?",symptoms_query,Cholera yareɛ no ho nsenkyerɛne titiriw ne ayamtuo kɛseɛ a ɛte sɛ nsuo (a ɛte sɛ nsubɛn) ne ɛfeɛ a ɛnto mpa. Eyi betumi ama wo ho nsuo asa ntɛm (dehydration).,The main symptoms of cholera are severe watery diarrhea (like rice-water) and frequent vomiting. This can cause rapid dehydration.,WHO Ghana Health Service
"Sɛ ayamtuo ne afeɛ ba wɔ dɔ koro mu a, ɛyɛ cholera?",symptoms_query,Ayamtuo ne afeɛ kɛseɛ a ɛnto mpa na ɛkyerɛ sɛ obi betumi anya cholera yareɛ no. Wo ho nsuo bɛtumi asa ntɛm ara.,"Severe watery diarrhea and uncontrollable vomiting are signs of cholera, which can cause rapid dehydration.",CDC Ghana
"Me maame afɛre pii na ɔnte asɛm yie, ɛyɛ cholera?",symptoms_query,Cholera yareɛ no ho nsenkyerɛne titiriw ne ayamtuo kɛseɛ a ɛte sɛ nsuo (a ɛte sɛ nsubɛn) ne ɛfeɛ a ɛnto mpa. Eyi betumi ama wo ho nsuo asa ntɛm (dehydration).,The main symptoms of cholera are severe watery diarrhea (like rice-water) and frequent vomiting. This can cause rapid dehydration.,WHO Ghana Health Service
"Sɛ obi anya cholera a, ɛho betumi ayɛ yaw?",symptoms_query,Ayamtuo ne afeɛ kɛseɛ a ɛnto mpa na ɛkyerɛ sɛ obi betumi anya cholera yareɛ no. Wo ho nsuo bɛtumi asa ntɛm ara.,"Severe watery diarrhea and uncontrollable vomiting are signs of cholera, which can cause rapid dehydration.",CDC Ghana
Ɛdeɛn na ɛkyerɛ sɛ cholera mu yɛ den?,symptoms_query,Cholera yareɛ no ho nsenkyerɛne titiriw ne ayamtuo kɛseɛ a ɛte sɛ nsuo (a ɛte sɛ nsubɛn) ne ɛfeɛ a ɛnto mpa. Eyi betumi ama wo ho nsuo asa ntɛm (dehydration).,The main symptoms of cholera are severe watery diarrhea (like rice-water) and frequent vomiting. This can cause rapid dehydration.,WHO Ghana Health Service
Cholera nsenkyerɛne betumi ayɛ yaw wɔ yam mu?,symptoms_query,Ayamtuo ne afeɛ kɛseɛ a ɛnto mpa na ɛkyerɛ sɛ obi betumi anya cholera yareɛ no. Wo ho nsuo bɛtumi asa ntɛm ara.,"Severe watery diarrhea and uncontrollable vomiting are signs of cholera, which can cause rapid dehydration.",CDC Ghana
"Me ba no ne ho yɛ hye na ɔnte asɛm, ɛyɛ cholera?",symptoms_query,Cholera yareɛ no ho nsenkyerɛne titiriw ne ayamtuo kɛseɛ a ɛte sɛ nsuo (a ɛte sɛ nsubɛn) ne ɛfeɛ a ɛnto mpa. Eyi betumi ama wo ho nsuo asa ntɛm (dehydration).,The main symptoms of cholera are severe watery diarrhea (like rice-water) and frequent vomiting. This can cause rapid dehydration.,WHO Ghana Health Service
"Sɛ dehydration aba a, ɛda adi sɛn wɔ obi ho?",symptoms_query,Ayamtuo ne afeɛ kɛseɛ a ɛnto mpa na ɛkyerɛ sɛ obi betumi anya cholera yareɛ no. Wo ho nsuo bɛtumi asa ntɛm ara.,"Severe watery diarrhea and uncontrollable vomiting are signs of cholera, which can cause rapid dehydration.",CDC Ghana
"Cholera mmoawa no ba a, dɛn da adi ntɛm?",symptoms_query,Cholera yareɛ no ho nsenkyerɛne titiriw ne ayamtuo kɛseɛ a ɛte sɛ nsuo (a ɛte sɛ nsubɛn) ne ɛfeɛ a ɛnto mpa. Eyi betumi ama wo ho nsuo asa ntɛm (dehydration).,The main symptoms of cholera are severe watery diarrhea (like rice-water) and frequent vomiting. This can cause rapid dehydration.,WHO Ghana Health Service
"Sɛ me ho nsuo asa na me retiti me a, ɛyɛ cholera?",symptoms_query,Ayamtuo ne afeɛ kɛseɛ a ɛnto mpa na ɛkyerɛ sɛ obi betumi anya cholera yareɛ no. Wo ho nsuo bɛtumi asa ntɛm ara.,"Severe watery diarrhea and uncontrollable vomiting are signs of cholera, which can cause rapid dehydration.",CDC Ghana
Ɛhefa na cholera bacteria tena hɔ?,transmission_query,Cholera tare ntɛm ara nam nsuo anaa aduane a cholera bacteria firi obi bin mu akɔwura mu.,Cholera spreads rapidly through drinking water or eating food contaminated with the cholera bacteria from feces.,WHO Ghana
Cholera firi nsuo bɔne mu ba?,transmission_query,"Cholera mmoawa no firi aduane anaa nsuo a efi guom na afra, paa ayaresabea bin anaa efi a mfifiseɛ akɔdi so.",The cholera bacteria comes from food or water contaminated with human sewage or waste carried by flies.,CDC
Sɛn na efi a ɛgu no de cholera aba?,transmission_query,Cholera tare ntɛm ara nam nsuo anaa aduane a cholera bacteria firi obi bin mu akɔwura mu.,Cholera spreads rapidly through drinking water or eating food contaminated with the cholera bacteria from feces.,WHO Ghana
Mfifiseɛ betumi de cholera kɔ me nuane mu?,transmission_query,"Cholera mmoawa no firi aduane anaa nsuo a efi guom na afra, paa ayaresabea bin anaa efi a mfifiseɛ akɔdi so.",The cholera bacteria comes from food or water contaminated with human sewage or waste carried by flies.,CDC
Cholera bacteria betumi atena abutuo mu?,transmission_query,Cholera tare ntɛm ara nam nsuo anaa aduane a cholera bacteria firi obi bin mu akɔwura mu.,Cholera spreads rapidly through drinking water or eating food contaminated with the cholera bacteria from feces.,WHO Ghana
Obi bin mu nsuo betumi de cholera aba?,transmission_query,"Cholera mmoawa no firi aduane anaa nsuo a efi guom na afra, paa ayaresabea bin anaa efi a mfifiseɛ akɔdi so.",The cholera bacteria comes from food or water contaminated with human sewage or waste carried by flies.,CDC
"Sɛ me kɔ adidi baabi a nsuo no ho nni tew, ɛyɛ asiane?",transmission_query,Cholera tare ntɛm ara nam nsuo anaa aduane a cholera bacteria firi obi bin mu akɔwura mu.,Cholera spreads rapidly through drinking water or eating food contaminated with the cholera bacteria from feces.,WHO Ghana
Cholera betumi afiri ɔman bi akɔ ɔman foforɔ?,transmission_query,"Cholera mmoawa no firi aduane anaa nsuo a efi guom na afra, paa ayaresabea bin anaa efi a mfifiseɛ akɔdi so.",The cholera bacteria comes from food or water contaminated with human sewage or waste carried by flies.,CDC
"Aduane a mfifiseɛ akɔdi so, ɛde cholera ba?",transmission_query,Cholera tare ntɛm ara nam nsuo anaa aduane a cholera bacteria firi obi bin mu akɔwura mu.,Cholera spreads rapidly through drinking water or eating food contaminated with the cholera bacteria from feces.,WHO Ghana
Nsuo a ɛwɔ agya mu betumi de cholera ba?,transmission_query,"Cholera mmoawa no firi aduane anaa nsuo a efi guom na afra, paa ayaresabea bin anaa efi a mfifiseɛ akɔdi so.",The cholera bacteria comes from food or water contaminated with human sewage or waste carried by flies.,CDC
"Sɛ me nom nsuo a yɛannua no a, cholera bɛba?",transmission_query,Cholera tare ntɛm ara nam nsuo anaa aduane a cholera bacteria firi obi bin mu akɔwura mu.,Cholera spreads rapidly through drinking water or eating food contaminated with the cholera bacteria from feces.,WHO Ghana
Obi a ɔwɔ cholera no tumi de maa me?,transmission_query,"Cholera mmoawa no firi aduane anaa nsuo a efi guom na afra, paa ayaresabea bin anaa efi a mfifiseɛ akɔdi so.",The cholera bacteria comes from food or water contaminated with human sewage or waste carried by flies.,CDC
Ɛhefa na cholera mmoawa pɛ sɛ wɔtena?,transmission_query,Cholera tare ntɛm ara nam nsuo anaa aduane a cholera bacteria firi obi bin mu akɔwura mu.,Cholera spreads rapidly through drinking water or eating food contaminated with the cholera bacteria from feces.,WHO Ghana
Cholera firi efi mu bra nsuo mu?,transmission_query,"Cholera mmoawa no firi aduane anaa nsuo a efi guom na afra, paa ayaresabea bin anaa efi a mfifiseɛ akɔdi so.",The cholera bacteria comes from food or water contaminated with human sewage or waste carried by flies.,CDC
Sɛ yɛtɔ nfura wɔ kwan ho a cholera bɛba?,transmission_query,Cholera tare ntɛm ara nam nsuo anaa aduane a cholera bacteria firi obi bin mu akɔwura mu.,Cholera spreads rapidly through drinking water or eating food contaminated with the cholera bacteria from feces.,WHO Ghana
Asubɔnten betumi de cholera aba?,transmission_query,"Cholera mmoawa no firi aduane anaa nsuo a efi guom na afra, paa ayaresabea bin anaa efi a mfifiseɛ akɔdi so.",The cholera bacteria comes from food or water contaminated with human sewage or waste carried by flies.,CDC
Obi bin bɛtumi ama cholera akɔ nsuo mu?,transmission_query,Cholera tare ntɛm ara nam nsuo anaa aduane a cholera bacteria firi obi bin mu akɔwura mu.,Cholera spreads rapidly through drinking water or eating food contaminated with the cholera bacteria from feces.,WHO Ghana
Cholera bacteria betumi atena nnuane a yɛankata so mu?,transmission_query,"Cholera mmoawa no firi aduane anaa nsuo a efi guom na afra, paa ayaresabea bin anaa efi a mfifiseɛ akɔdi so.",The cholera bacteria comes from food or water contaminated with human sewage or waste carried by flies.,CDC
"Sɛ obi kɔ tiafi a anwumia ho, ɔbɛtumi ama cholera atrɛ?",transmission_query,Cholera tare ntɛm ara nam nsuo anaa aduane a cholera bacteria firi obi bin mu akɔwura mu.,Cholera spreads rapidly through drinking water or eating food contaminated with the cholera bacteria from feces.,WHO Ghana
Dɛn de cholera kɔ beae foforo?,transmission_query,"Cholera mmoawa no firi aduane anaa nsuo a efi guom na afra, paa ayaresabea bin anaa efi a mfifiseɛ akɔdi so.",The cholera bacteria comes from food or water contaminated with human sewage or waste carried by flies.,CDC
Kwan bɛn so na cholera firi ɔman bi akɔ foforo?,transmission_query,Cholera tare ntɛm ara nam nsuo anaa aduane a cholera bacteria firi obi bin mu akɔwura mu.,Cholera spreads rapidly through drinking water or eating food contaminated with the cholera bacteria from feces.,WHO Ghana
"Sɛ obi nom nsuo a cholera mmoawa wɔ mu a, bere bɛn mu na ɔbɛyɛ yarefoɔ?",transmission_query,"Cholera mmoawa no firi aduane anaa nsuo a efi guom na afra, paa ayaresabea bin anaa efi a mfifiseɛ akɔdi so.",The cholera bacteria comes from food or water contaminated with human sewage or waste carried by flies.,CDC
Cholera bacteria betumi atena aduane a yɛanoa mu?,transmission_query,Cholera tare ntɛm ara nam nsuo anaa aduane a cholera bacteria firi obi bin mu akɔwura mu.,Cholera spreads rapidly through drinking water or eating food contaminated with the cholera bacteria from feces.,WHO Ghana
Mfifiseɛ betumi de cholera afiri tiafi mu aba me nuane ho?,transmission_query,"Cholera mmoawa no firi aduane anaa nsuo a efi guom na afra, paa ayaresabea bin anaa efi a mfifiseɛ akɔdi so.",The cholera bacteria comes from food or water contaminated with human sewage or waste carried by flies.,CDC
"Sɛ me dware wɔ asubɔnten mu a, cholera bɛba?",transmission_query,Cholera tare ntɛm ara nam nsuo anaa aduane a cholera bacteria firi obi bin mu akɔwura mu.,Cholera spreads rapidly through drinking water or eating food contaminated with the cholera bacteria from feces.,WHO Ghana
Cholera firi he de baa Ghana?,transmission_query,"Cholera mmoawa no firi aduane anaa nsuo a efi guom na afra, paa ayaresabea bin anaa efi a mfifiseɛ akɔdi so.",The cholera bacteria comes from food or water contaminated with human sewage or waste carried by flies.,CDC
Nsuo a yɛde hohoro nnuane mu betumi de cholera ba?,transmission_query,Cholera tare ntɛm ara nam nsuo anaa aduane a cholera bacteria firi obi bin mu akɔwura mu.,Cholera spreads rapidly through drinking water or eating food contaminated with the cholera bacteria from feces.,WHO Ghana
"Obi a ɔwɔ cholera nso wɔ gya ho a, ɔde maa afoforɔ?",transmission_query,"Cholera mmoawa no firi aduane anaa nsuo a efi guom na afra, paa ayaresabea bin anaa efi a mfifiseɛ akɔdi so.",The cholera bacteria comes from food or water contaminated with human sewage or waste carried by flies.,CDC
Cholera bacteria betumi atena nsuo mu bere bɛn?,transmission_query,Cholera tare ntɛm ara nam nsuo anaa aduane a cholera bacteria firi obi bin mu akɔwura mu.,Cholera spreads rapidly through drinking water or eating food contaminated with the cholera bacteria from feces.,WHO Ghana
"Sɛ me ba wo aduane mfifiseɛ akɔ so a, ɛyɛ asiane ma cholera?",transmission_query,"Cholera mmoawa no firi aduane anaa nsuo a efi guom na afra, paa ayaresabea bin anaa efi a mfifiseɛ akɔdi so.",The cholera bacteria comes from food or water contaminated with human sewage or waste carried by flies.,CDC
"Aduane a obi de nsa kɔmaa me a obi no wɔ cholera, ɛyɛ asiane?",transmission_query,Cholera tare ntɛm ara nam nsuo anaa aduane a cholera bacteria firi obi bin mu akɔwura mu.,Cholera spreads rapidly through drinking water or eating food contaminated with the cholera bacteria from feces.,WHO Ghana
Dɛn mfifiseɛ na wɔde cholera ba aduane mu?,transmission_query,"Cholera mmoawa no firi aduane anaa nsuo a efi guom na afra, paa ayaresabea bin anaa efi a mfifiseɛ akɔdi so.",The cholera bacteria comes from food or water contaminated with human sewage or waste carried by flies.,CDC
"Sɛ yɛde nsuo firi abutuo mu a annua de noa aduane a, ɛyɛ asiane?",transmission_query,Cholera tare ntɛm ara nam nsuo anaa aduane a cholera bacteria firi obi bin mu akɔwura mu.,Cholera spreads rapidly through drinking water or eating food contaminated with the cholera bacteria from feces.,WHO Ghana
Cholera betumi afiri nnuane akyɛ mu aba?,transmission_query,"Cholera mmoawa no firi aduane anaa nsuo a efi guom na afra, paa ayaresabea bin anaa efi a mfifiseɛ akɔdi so.",The cholera bacteria comes from food or water contaminated with human sewage or waste carried by flies.,CDC
Obi bin mu efi betumi ama asubɔnten anya cholera mmoawa?,transmission_query,Cholera tare ntɛm ara nam nsuo anaa aduane a cholera bacteria firi obi bin mu akɔwura mu.,Cholera spreads rapidly through drinking water or eating food contaminated with the cholera bacteria from feces.,WHO Ghana
"Sɛ obi nom nsuo firi dɔteɛ mu a, cholera bɛba?",transmission_query,"Cholera mmoawa no firi aduane anaa nsuo a efi guom na afra, paa ayaresabea bin anaa efi a mfifiseɛ akɔdi so.",The cholera bacteria comes from food or water contaminated with human sewage or waste carried by flies.,CDC
Cholera mmoawa betumi atena samina so?,transmission_query,Cholera tare ntɛm ara nam nsuo anaa aduane a cholera bacteria firi obi bin mu akɔwura mu.,Cholera spreads rapidly through drinking water or eating food contaminated with the cholera bacteria from feces.,WHO Ghana
"Sɛ obi de nsa bɛma me nsuo a obi no wɔ cholera, ɛyɛ asiane?",transmission_query,"Cholera mmoawa no firi aduane anaa nsuo a efi guom na afra, paa ayaresabea bin anaa efi a mfifiseɛ akɔdi so.",The cholera bacteria comes from food or water contaminated with human sewage or waste carried by flies.,CDC
Kwan bɛn so na cholera bacteria fa kɔ obi ho?,transmission_query,Cholera tare ntɛm ara nam nsuo anaa aduane a cholera bacteria firi obi bin mu akɔwura mu.,Cholera spreads rapidly through drinking water or eating food contaminated with the cholera bacteria from feces.,WHO Ghana
"Nnuane a yɛankata so na mfifiseɛ adi so, ɛde cholera aba?",transmission_query,"Cholera mmoawa no firi aduane anaa nsuo a efi guom na afra, paa ayaresabea bin anaa efi a mfifiseɛ akɔdi so.",The cholera bacteria comes from food or water contaminated with human sewage or waste carried by flies.,CDC
"Sɛ obi hohoro nsa ne nsuo a cholera mmoawa wɔ mu a, ɛyɛ asiane?",transmission_query,Cholera tare ntɛm ara nam nsuo anaa aduane a cholera bacteria firi obi bin mu akɔwura mu.,Cholera spreads rapidly through drinking water or eating food contaminated with the cholera bacteria from feces.,WHO Ghana
Cholera bacteria betumi atena aduane mu nnɔnhwerew dodo bɛn?,transmission_query,"Cholera mmoawa no firi aduane anaa nsuo a efi guom na afra, paa ayaresabea bin anaa efi a mfifiseɛ akɔdi so.",The cholera bacteria comes from food or water contaminated with human sewage or waste carried by flies.,CDC
Nsuo firi akura mu betumi de cholera ba?,transmission_query,Cholera tare ntɛm ara nam nsuo anaa aduane a cholera bacteria firi obi bin mu akɔwura mu.,Cholera spreads rapidly through drinking water or eating food contaminated with the cholera bacteria from feces.,WHO Ghana
"Sɛ yɛde nsuo firi asubɔnten de noa a, cholera mmoawa wu?",transmission_query,"Cholera mmoawa no firi aduane anaa nsuo a efi guom na afra, paa ayaresabea bin anaa efi a mfifiseɛ akɔdi so.",The cholera bacteria comes from food or water contaminated with human sewage or waste carried by flies.,CDC
Cholera bacteria tumi asa wɔ nua nsuo mu?,transmission_query,Cholera tare ntɛm ara nam nsuo anaa aduane a cholera bacteria firi obi bin mu akɔwura mu.,Cholera spreads rapidly through drinking water or eating food contaminated with the cholera bacteria from feces.,WHO Ghana
"Sɛ obi afɛ na obi no wɔ cholera, ɛkyerɛ sɛn?",transmission_query,"Cholera mmoawa no firi aduane anaa nsuo a efi guom na afra, paa ayaresabea bin anaa efi a mfifiseɛ akɔdi so.",The cholera bacteria comes from food or water contaminated with human sewage or waste carried by flies.,CDC
Dɛn tumi kum cholera mmoawa wɔ nsuo mu?,transmission_query,Cholera tare ntɛm ara nam nsuo anaa aduane a cholera bacteria firi obi bin mu akɔwura mu.,Cholera spreads rapidly through drinking water or eating food contaminated with the cholera bacteria from feces.,WHO Ghana
Cholera firi aduane mu aba sɛ mfifiseɛ kɔdi so?,transmission_query,"Cholera mmoawa no firi aduane anaa nsuo a efi guom na afra, paa ayaresabea bin anaa efi a mfifiseɛ akɔdi so.",The cholera bacteria comes from food or water contaminated with human sewage or waste carried by flies.,CDC
"Sɛ adagya mu nsuo ho nni tew a, cholera bɛba?",prevention_query,Cholera tare ntɛm ara nam nsuo anaa aduane a cholera bacteria firi obi bin mu akɔwura mu.,Cholera spreads rapidly through drinking water or eating food contaminated with the cholera bacteria from feces.,WHO Ghana
"Obi a wɔyɛ nuane na ne nsa ho fi, ɔde cholera bɛba?",transmission_query,"Cholera mmoawa no firi aduane anaa nsuo a efi guom na afra, paa ayaresabea bin anaa efi a mfifiseɛ akɔdi so.",The cholera bacteria comes from food or water contaminated with human sewage or waste carried by flies.,CDC
Mɛhohoro me nsa bere bɛn na ɛboa?,prevention_query,"Hohoro wo nsa ne samina ne nsuo pa bere biara, nua wo nsuo ansa na woanom, na kata wo nnuane so yie.","Wash your hands with soap and safe water, boil your drinking water, and always cover your food.",WHO Ghana
Dɛn na metumi ayɛ na me ba anya cholera?,prevention_query,"Na yɛbɛyɛ ne sɛ: Hohoro wo nsa ne samina bere biara, di aduane a ɛyɛ hyere na nua wo nsuo ansa na woanom.","To avoid cholera: wash your hands with soap, eat hot cooked food, and boil your water before drinking.",CDC
"Nsuo a yɛnua mu na yɛde nom, ɛtua aseɛ?",prevention_query,"Hohoro wo nsa ne samina ne nsuo pa bere biara, nua wo nsuo ansa na woanom, na kata wo nnuane so yie.","Wash your hands with soap and safe water, boil your drinking water, and always cover your food.",WHO Ghana
"Sɛ me ho nni samina a, dɛn na metumi de di samina ananmu?",prevention_query,"Na yɛbɛyɛ ne sɛ: Hohoro wo nsa ne samina bere biara, di aduane a ɛyɛ hyere na nua wo nsuo ansa na woanom.","To avoid cholera: wash your hands with soap, eat hot cooked food, and boil your water before drinking.",CDC
Mɛde dɛn ahohoro me nsa ansa na medidi?,prevention_query,"Hohoro wo nsa ne samina ne nsuo pa bere biara, nua wo nsuo ansa na woanom, na kata wo nnuane so yie.","Wash your hands with soap and safe water, boil your drinking water, and always cover your food.",WHO Ghana
Kata aduane so betumi asiw cholera kwan?,prevention_query,"Na yɛbɛyɛ ne sɛ: Hohoro wo nsa ne samina bere biara, di aduane a ɛyɛ hyere na nua wo nsuo ansa na woanom.","To avoid cholera: wash your hands with soap, eat hot cooked food, and boil your water before drinking.",CDC
Ɛwɔ sɛ mekɔ hohoro me nsa bere bɛn?,prevention_query,"Hohoro wo nsa ne samina ne nsuo pa bere biara, nua wo nsuo ansa na woanom, na kata wo nnuane so yie.","Wash your hands with soap and safe water, boil your drinking water, and always cover your food.",WHO Ghana
"Sɛ me kɔ adidi baabi a, dɛn na metumi ayɛ na cholera annya me?",prevention_query,"Na yɛbɛyɛ ne sɛ: Hohoro wo nsa ne samina bere biara, di aduane a ɛyɛ hyere na nua wo nsuo ansa na woanom.","To avoid cholera: wash your hands with soap, eat hot cooked food, and boil your water before drinking.",CDC
"Nsuo a yɛnua mu de nom tea, ɛboa?",prevention_query,"Hohoro wo nsa ne samina ne nsuo pa bere biara, nua wo nsuo ansa na woanom, na kata wo nnuane so yie.","Wash your hands with soap and safe water, boil your drinking water, and always cover your food.",WHO Ghana
Mɛde dɛn bɔ me mma ho ban afiri cholera ho?,prevention_query,"Na yɛbɛyɛ ne sɛ: Hohoro wo nsa ne samina bere biara, di aduane a ɛyɛ hyere na nua wo nsuo ansa na woanom.","To avoid cholera: wash your hands with soap, eat hot cooked food, and boil your water before drinking.",CDC
Ɛwɔ sɛ me noa me nsuo bere dodo bɛn?,prevention_query,"Hohoro wo nsa ne samina ne nsuo pa bere biara, nua wo nsuo ansa na woanom, na kata wo nnuane so yie.","Wash your hands with soap and safe water, boil your drinking water, and always cover your food.",WHO Ghana
Chlorine tabs betumi akum cholera mmoawa wɔ nsuo mu?,transmission_query,"Na yɛbɛyɛ ne sɛ: Hohoro wo nsa ne samina bere biara, di aduane a ɛyɛ hyere na nua wo nsuo ansa na woanom.","To avoid cholera: wash your hands with soap, eat hot cooked food, and boil your water before drinking.",CDC
"Sɛ me pɛ sɛ metena adagya mu fɛfɛɛfɛ a, dɛn na mɛyɛ?",prevention_query,"Hohoro wo nsa ne samina ne nsuo pa bere biara, nua wo nsuo ansa na woanom, na kata wo nnuane so yie.","Wash your hands with soap and safe water, boil your drinking water, and always cover your food.",WHO Ghana
Hohoro nsa ne samina bɛ boa pa paa?,prevention_query,"Na yɛbɛyɛ ne sɛ: Hohoro wo nsa ne samina bere biara, di aduane a ɛyɛ hyere na nua wo nsuo ansa na woanom.","To avoid cholera: wash your hands with soap, eat hot cooked food, and boil your water before drinking.",CDC
Dɛn na metumi ayɛ na cholera annya me wɔ adidi baabi?,prevention_query,"Hohoro wo nsa ne samina ne nsuo pa bere biara, nua wo nsuo ansa na woanom, na kata wo nnuane so yie.","Wash your hands with soap and safe water, boil your drinking water, and always cover your food.",WHO Ghana
Ɛwɔ sɛ me dware mprempren wɔ cholera berɛ mu?,prevention_query,"Na yɛbɛyɛ ne sɛ: Hohoro wo nsa ne samina bere biara, di aduane a ɛyɛ hyere na nua wo nsuo ansa na woanom.","To avoid cholera: wash your hands with soap, eat hot cooked food, and boil your water before drinking.",CDC
"Sɛ me pɛ sɛ me ba ankɔ tiafi wɔ bɔnten so a, dɛn na mɛyɛ?",prevention_query,"Hohoro wo nsa ne samina ne nsuo pa bere biara, nua wo nsuo ansa na woanom, na kata wo nnuane so yie.","Wash your hands with soap and safe water, boil your drinking water, and always cover your food.",WHO Ghana
Dɛn na ɛboa ma nsuo pa na yɛde nom?,prevention_query,"Na yɛbɛyɛ ne sɛ: Hohoro wo nsa ne samina bere biara, di aduane a ɛyɛ hyere na nua wo nsuo ansa na woanom.","To avoid cholera: wash your hands with soap, eat hot cooked food, and boil your water before drinking.",CDC
Mɛde dɛn ahohoro nnuane ansa na mɛnoa?,prevention_query,"Hohoro wo nsa ne samina ne nsuo pa bere biara, nua wo nsuo ansa na woanom, na kata wo nnuane so yie.","Wash your hands with soap and safe water, boil your drinking water, and always cover your food.",WHO Ghana
ORS nsuo betumi asiw cholera kwan ansa na ɛba?,prevention_query,"Na yɛbɛyɛ ne sɛ: Hohoro wo nsa ne samina bere biara, di aduane a ɛyɛ hyere na nua wo nsuo ansa na woanom.","To avoid cholera: wash your hands with soap, eat hot cooked food, and boil your water before drinking.",CDC
"Sɛ me kɔ oman a wɔwɔ cholera hɔ a, dɛn na mɛyɛ?",prevention_query,"Hohoro wo nsa ne samina ne nsuo pa bere biara, nua wo nsuo ansa na woanom, na kata wo nnuane so yie.","Wash your hands with soap and safe water, boil your drinking water, and always cover your food.",WHO Ghana
Ɛwɔ sɛ mekɔ hohoro me nsa wɔ tiafi akyi?,prevention_query,"Na yɛbɛyɛ ne sɛ: Hohoro wo nsa ne samina bere biara, di aduane a ɛyɛ hyere na nua wo nsuo ansa na woanom.","To avoid cholera: wash your hands with soap, eat hot cooked food, and boil your water before drinking.",CDC
Mɛde dɛn ahohoro me nsa pa wɔ kwan ho?,prevention_query,"Hohoro wo nsa ne samina ne nsuo pa bere biara, nua wo nsuo ansa na woanom, na kata wo nnuane so yie.","Wash your hands with soap and safe water, boil your drinking water, and always cover your food.",WHO Ghana
"Sɛ adagya mu mfifiseɛ boro so a, ɛde cholera ba?",prevention_query,"Na yɛbɛyɛ ne sɛ: Hohoro wo nsa ne samina bere biara, di aduane a ɛyɛ hyere na nua wo nsuo ansa na woanom.","To avoid cholera: wash your hands with soap, eat hot cooked food, and boil your water before drinking.",CDC
Dɛn na metumi ayɛ na efi anto me fie mu?,prevention_query,"Hohoro wo nsa ne samina ne nsuo pa bere biara, nua wo nsuo ansa na woanom, na kata wo nnuane so yie.","Wash your hands with soap and safe water, boil your drinking water, and always cover your food.",WHO Ghana
Ɛwɔ sɛ me bo me nuane ho ban ma mfifiseɛ?,prevention_query,"Na yɛbɛyɛ ne sɛ: Hohoro wo nsa ne samina bere biara, di aduane a ɛyɛ hyere na nua wo nsuo ansa na woanom.","To avoid cholera: wash your hands with soap, eat hot cooked food, and boil your water before drinking.",CDC
"Sɛ me pɛ sɛ me ba anom nsuo firi kɔkɔɔ a, ɛyɛ safe?",prevention_query,"Hohoro wo nsa ne samina ne nsuo pa bere biara, nua wo nsuo ansa na woanom, na kata wo nnuane so yie.","Wash your hands with soap and safe water, boil your drinking water, and always cover your food.",WHO Ghana
Mɛde dɛn bɔ me fie ho ban afiri cholera ho?,prevention_query,"Na yɛbɛyɛ ne sɛ: Hohoro wo nsa ne samina bere biara, di aduane a ɛyɛ hyere na nua wo nsuo ansa na woanom.","To avoid cholera: wash your hands with soap, eat hot cooked food, and boil your water before drinking.",CDC
"Nsuo sachet a yɛtɔn wɔ kwan ho, ɛyɛ safe?",prevention_query,"Hohoro wo nsa ne samina ne nsuo pa bere biara, nua wo nsuo ansa na woanom, na kata wo nnuane so yie.","Wash your hands with soap and safe water, boil your drinking water, and always cover your food.",WHO Ghana
Dɛn na ɛboa na cholera antra adagya mu?,prevention_query,"Na yɛbɛyɛ ne sɛ: Hohoro wo nsa ne samina bere biara, di aduane a ɛyɛ hyere na nua wo nsuo ansa na woanom.","To avoid cholera: wash your hands with soap, eat hot cooked food, and boil your water before drinking.",CDC
"Sɛ me pɛ sɛ me ba mpe cholera a, dɛn na ɛboa paa?",prevention_query,"Hohoro wo nsa ne samina ne nsuo pa bere biara, nua wo nsuo ansa na woanom, na kata wo nnuane so yie.","Wash your hands with soap and safe water, boil your drinking water, and always cover your food.",WHO Ghana
"Hohoro nnuane ansa na wonoa, ɛboa?",prevention_query,"Na yɛbɛyɛ ne sɛ: Hohoro wo nsa ne samina bere biara, di aduane a ɛyɛ hyere na nua wo nsuo ansa na woanom.","To avoid cholera: wash your hands with soap, eat hot cooked food, and boil your water before drinking.",CDC
Mɛde dɛn kum cholera mmoawa wɔ me fie nsuo mu?,prevention_query,"Hohoro wo nsa ne samina ne nsuo pa bere biara, nua wo nsuo ansa na woanom, na kata wo nnuane so yie.","Wash your hands with soap and safe water, boil your drinking water, and always cover your food.",WHO Ghana
"Sɛ me fiefoɔ pɛ sɛ wɔnom nsuo firi abutuo mu a, ɛyɛ asiane?",prevention_query,"Na yɛbɛyɛ ne sɛ: Hohoro wo nsa ne samina bere biara, di aduane a ɛyɛ hyere na nua wo nsuo ansa na woanom.","To avoid cholera: wash your hands with soap, eat hot cooked food, and boil your water before drinking.",CDC
Ɛwɔ sɛ mekɔ hohoro me nsa ansa na medidi bere biara?,prevention_query,"Hohoro wo nsa ne samina ne nsuo pa bere biara, nua wo nsuo ansa na woanom, na kata wo nnuane so yie.","Wash your hands with soap and safe water, boil your drinking water, and always cover your food.",WHO Ghana
Dɛn na metumi ayɛ na me kunu ananya cholera?,prevention_query,"Na yɛbɛyɛ ne sɛ: Hohoro wo nsa ne samina bere biara, di aduane a ɛyɛ hyere na nua wo nsuo ansa na woanom.","To avoid cholera: wash your hands with soap, eat hot cooked food, and boil your water before drinking.",CDC
Sɛ me nom nsuo a yɛnua mu a cholera bɛba?,transmission_query,"Hohoro wo nsa ne samina ne nsuo pa bere biara, nua wo nsuo ansa na woanom, na kata wo nnuane so yie.","Wash your hands with soap and safe water, boil your drinking water, and always cover your food.",WHO Ghana
Nsuo filtration systems betumi akum cholera mmoawa?,prevention_query,"Na yɛbɛyɛ ne sɛ: Hohoro wo nsa ne samina bere biara, di aduane a ɛyɛ hyere na nua wo nsuo ansa na woanom.","To avoid cholera: wash your hands with soap, eat hot cooked food, and boil your water before drinking.",CDC
Mɛde dɛn bɔ me mma ban sɛ cholera annya wɔn?,prevention_query,"Hohoro wo nsa ne samina ne nsuo pa bere biara, nua wo nsuo ansa na woanom, na kata wo nnuane so yie.","Wash your hands with soap and safe water, boil your drinking water, and always cover your food.",WHO Ghana
Ɛwɔ sɛ mekɔ hohoro me nsa wɔ ansa na me ba nuane?,prevention_query,"Na yɛbɛyɛ ne sɛ: Hohoro wo nsa ne samina bere biara, di aduane a ɛyɛ hyere na nua wo nsuo ansa na woanom.","To avoid cholera: wash your hands with soap, eat hot cooked food, and boil your water before drinking.",CDC
Dɛn na metumi de ayɛ me nsuo safe wɔ adagya mu?,prevention_query,"Hohoro wo nsa ne samina ne nsuo pa bere biara, nua wo nsuo ansa na woanom, na kata wo nnuane so yie.","Wash your hands with soap and safe water, boil your drinking water, and always cover your food.",WHO Ghana
"Sɛ kɔkɔɔ a yɛde nom no ho nni tew a, ɛyɛ asiane?",prevention_query,"Na yɛbɛyɛ ne sɛ: Hohoro wo nsa ne samina bere biara, di aduane a ɛyɛ hyere na nua wo nsuo ansa na woanom.","To avoid cholera: wash your hands with soap, eat hot cooked food, and boil your water before drinking.",CDC
Mɛde dɛn bɔ me ho ban sɛ obi antumi amfa cholera amma me?,prevention_query,"Hohoro wo nsa ne samina ne nsuo pa bere biara, nua wo nsuo ansa na woanom, na kata wo nnuane so yie.","Wash your hands with soap and safe water, boil your drinking water, and always cover your food.",WHO Ghana
"Sɛ me pɛ sɛ me dware wɔ asubɔnten a, ɛyɛ safe wɔ cholera berɛ mu?",prevention_query,"Na yɛbɛyɛ ne sɛ: Hohoro wo nsa ne samina bere biara, di aduane a ɛyɛ hyere na nua wo nsuo ansa na woanom.","To avoid cholera: wash your hands with soap, eat hot cooked food, and boil your water before drinking.",CDC
Ɛwɔ sɛ me noa me nsuo sɛ me wɔ adagya mu?,prevention_query,"Hohoro wo nsa ne samina ne nsuo pa bere biara, nua wo nsuo ansa na woanom, na kata wo nnuane so yie.","Wash your hands with soap and safe water, boil your drinking water, and always cover your food.",WHO Ghana
Dɛn na ɛboa ma me fie aba cholera mmoawa anatra mu?,prevention_query,"Na yɛbɛyɛ ne sɛ: Hohoro wo nsa ne samina bere biara, di aduane a ɛyɛ hyere na nua wo nsuo ansa na woanom.","To avoid cholera: wash your hands with soap, eat hot cooked food, and boil your water before drinking.",CDC
"Sɛ me pɛ sɛ me de sachet water nom a, ɛyɛ safe?",prevention_query,"Hohoro wo nsa ne samina ne nsuo pa bere biara, nua wo nsuo ansa na woanom, na kata wo nnuane so yie.","Wash your hands with soap and safe water, boil your drinking water, and always cover your food.",WHO Ghana
Mɛde dɛn bɔ me adidi baabi ho ban?,prevention_query,"Na yɛbɛyɛ ne sɛ: Hohoro wo nsa ne samina bere biara, di aduane a ɛyɛ hyere na nua wo nsuo ansa na woanom.","To avoid cholera: wash your hands with soap, eat hot cooked food, and boil your water before drinking.",CDC
Ɛwɔ sɛ me hohoro me nsa wɔ ansa na mede aduane mba?,prevention_query,"Hohoro wo nsa ne samina ne nsuo pa bere biara, nua wo nsuo ansa na woanom, na kata wo nnuane so yie.","Wash your hands with soap and safe water, boil your drinking water, and always cover your food.",WHO Ghana
Dɛn tumi boa ma cholera antra adagya a yɛte mu?,prevention_query,"Na yɛbɛyɛ ne sɛ: Hohoro wo nsa ne samina bere biara, di aduane a ɛyɛ hyere na nua wo nsuo ansa na woanom.","To avoid cholera: wash your hands with soap, eat hot cooked food, and boil your water before drinking.",CDC
ORS yɛ dɛn?,treatment_query,"Yɛde ORS (Oral Rehydration Salts) nsuo na ɛsa cholera ntɛm ara na nsuo ansɛe wo ho. Sɛ emu yɛ den a, kɔ ayaresabea ntɛm.","Cholera is treated immediately with ORS (Oral Rehydration Salts) to restore fluids. If severe, go to the hospital immediately.",WHO Ghana
Mɛyɛ ORS fie sɛn?,treatment_query,"Fa lita baako nsuo pa, asikre nsa-mmerɛ nsia (6 teaspoons), ne nkyene nsa-mmerɛ fa (1/2 teaspoon) na fra bom yie ma ɔnom.","Mix 1 liter of clean water, 6 teaspoons of sugar, and 1/2 teaspoon of salt to make Home-made Rehydration Solution.",CDC
Sɛn na metumi ayɛ ORS wɔ me fie?,treatment_query,"Yɛde ORS (Oral Rehydration Salts) nsuo na ɛsa cholera ntɛm ara na nsuo ansɛe wo ho. Sɛ emu yɛ den a, kɔ ayaresabea ntɛm.","Cholera is treated immediately with ORS (Oral Rehydration Salts) to restore fluids. If severe, go to the hospital immediately.",WHO Ghana
Aduru bɛn na ɛsa cholera ntɛm?,treatment_query,"Fa lita baako nsuo pa, asikre nsa-mmerɛ nsia (6 teaspoons), ne nkyene nsa-mmerɛ fa (1/2 teaspoon) na fra bom yie ma ɔnom.","Mix 1 liter of clean water, 6 teaspoons of sugar, and 1/2 teaspoon of salt to make Home-made Rehydration Solution.",CDC
"Sɛ obi anya cholera a, ntɛm ara ɛwɔ sɛ yɛyɛ dɛn?",treatment_query,"Fa lita baako nsuo pa, asikre nsa-mmerɛ nsia (6 teaspoons), ne nkyene nsa-mmerɛ fa (1/2 teaspoon) na fra bom yie ma ɔnom.","Mix 1 liter of clean water, 6 teaspoons of sugar, and 1/2 teaspoon of salt to make Home-made Rehydration Solution.",CDC
Mɛde zinc tablets sɛn?,treatment_query,"Yɛde ORS (Oral Rehydration Salts) nsuo na ɛsa cholera ntɛm ara na nsuo ansɛe wo ho. Sɛ emu yɛ den a, kɔ ayaresabea ntɛm.","Cholera is treated immediately with ORS (Oral Rehydration Salts) to restore fluids. If severe, go to the hospital immediately.",WHO Ghana
Adɔkota de aduru bɛn de sa cholera?,treatment_query,"Fa lita baako nsuo pa, asikre nsa-mmerɛ nsia (6 teaspoons), ne nkyene nsa-mmerɛ fa (1/2 teaspoon) na fra bom yie ma ɔnom.","Mix 1 liter of clean water, 6 teaspoons of sugar, and 1/2 teaspoon of salt to make Home-made Rehydration Solution.",CDC
Me fie nsuo no yɛ safe de yɛ ORS?,treatment_query,"Yɛde ORS (Oral Rehydration Salts) nsuo na ɛsa cholera ntɛm ara na nsuo ansɛe wo ho. Sɛ emu yɛ den a, kɔ ayaresabea ntɛm.","Cholera is treated immediately with ORS (Oral Rehydration Salts) to restore fluids. If severe, go to the hospital immediately.",WHO Ghana
"Sɛ me anya cholera a, mɛnam fie anaa mɛkɔ clinic?",treatment_query,"Fa lita baako nsuo pa, asikre nsa-mmerɛ nsia (6 teaspoons), ne nkyene nsa-mmerɛ fa (1/2 teaspoon) na fra bom yie ma ɔnom.","Mix 1 liter of clean water, 6 teaspoons of sugar, and 1/2 teaspoon of salt to make Home-made Rehydration Solution.",CDC
ORS nsuo yɛ ntɛm wɔ berɛ bɛn mu?,treatment_query,"Yɛde ORS (Oral Rehydration Salts) nsuo na ɛsa cholera ntɛm ara na nsuo ansɛe wo ho. Sɛ emu yɛ den a, kɔ ayaresabea ntɛm.","Cholera is treated immediately with ORS (Oral Rehydration Salts) to restore fluids. If severe, go to the hospital immediately.",WHO Ghana
Mɛde asikre ne nkyene nsuo sa cholera fie?,treatment_query,"Fa lita baako nsuo pa, asikre nsa-mmerɛ nsia (6 teaspoons), ne nkyene nsa-mmerɛ fa (1/2 teaspoon) na fra bom yie ma ɔnom.","Mix 1 liter of clean water, 6 teaspoons of sugar, and 1/2 teaspoon of salt to make Home-made Rehydration Solution.",CDC
Cholera treatment no ɛtua sika pii?,treatment_query,"Yɛde ORS (Oral Rehydration Salts) nsuo na ɛsa cholera ntɛm ara na nsuo ansɛe wo ho. Sɛ emu yɛ den a, kɔ ayaresabea ntɛm.","Cholera is treated immediately with ORS (Oral Rehydration Salts) to restore fluids. If severe, go to the hospital immediately.",WHO Ghana
Sɛ obi anom ORS a ɛboa ntɛm ara?,treatment_query,"Fa lita baako nsuo pa, asikre nsa-mmerɛ nsia (6 teaspoons), ne nkyene nsa-mmerɛ fa (1/2 teaspoon) na fra bom yie ma ɔnom.","Mix 1 liter of clean water, 6 teaspoons of sugar, and 1/2 teaspoon of salt to make Home-made Rehydration Solution.",CDC
"Me ba no refe bebree, ORS bɛboa?",treatment_query,"Yɛde ORS (Oral Rehydration Salts) nsuo na ɛsa cholera ntɛm ara na nsuo ansɛe wo ho. Sɛ emu yɛ den a, kɔ ayaresabea ntɛm.","Cholera is treated immediately with ORS (Oral Rehydration Salts) to restore fluids. If severe, go to the hospital immediately.",WHO Ghana
Mɛnam clinic anaa ayaresabea wɔ cholera mu?,treatment_query,"Fa lita baako nsuo pa, asikre nsa-mmerɛ nsia (6 teaspoons), ne nkyene nsa-mmerɛ fa (1/2 teaspoon) na fra bom yie ma ɔnom.","Mix 1 liter of clean water, 6 teaspoons of sugar, and 1/2 teaspoon of salt to make Home-made Rehydration Solution.",CDC
"Sɛ obi anya cholera a, ɛwɔ sɛ yɛde nkyene nsuo ama no?",treatment_query,"Yɛde ORS (Oral Rehydration Salts) nsuo na ɛsa cholera ntɛm ara na nsuo ansɛe wo ho. Sɛ emu yɛ den a, kɔ ayaresabea ntɛm.","Cholera is treated immediately with ORS (Oral Rehydration Salts) to restore fluids. If severe, go to the hospital immediately.",WHO Ghana
ORS nsuo betumi asa dehydration?,treatment_query,"Fa lita baako nsuo pa, asikre nsa-mmerɛ nsia (6 teaspoons), ne nkyene nsa-mmerɛ fa (1/2 teaspoon) na fra bom yie ma ɔnom.","Mix 1 liter of clean water, 6 teaspoons of sugar, and 1/2 teaspoon of salt to make Home-made Rehydration Solution.",CDC
Mɛde asikre dodo bɛn de yɛ fie ORS?,treatment_query,"Yɛde ORS (Oral Rehydration Salts) nsuo na ɛsa cholera ntɛm ara na nsuo ansɛe wo ho. Sɛ emu yɛ den a, kɔ ayaresabea ntɛm.","Cholera is treated immediately with ORS (Oral Rehydration Salts) to restore fluids. If severe, go to the hospital immediately.",WHO Ghana
Cholera treatment no akye bere bɛn?,treatment_query,"Fa lita baako nsuo pa, asikre nsa-mmerɛ nsia (6 teaspoons), ne nkyene nsa-mmerɛ fa (1/2 teaspoon) na fra bom yie ma ɔnom.","Mix 1 liter of clean water, 6 teaspoons of sugar, and 1/2 teaspoon of salt to make Home-made Rehydration Solution.",CDC
"Sɛ me ba no anya cholera a, mɛde nkosua ama no?",treatment_query,"Yɛde ORS (Oral Rehydration Salts) nsuo na ɛsa cholera ntɛm ara na nsuo ansɛe wo ho. Sɛ emu yɛ den a, kɔ ayaresabea ntɛm.","Cholera is treated immediately with ORS (Oral Rehydration Salts) to restore fluids. If severe, go to the hospital immediately.",WHO Ghana
IV fluids yɛ dɛn wɔ cholera mu?,treatment_query,"Fa lita baako nsuo pa, asikre nsa-mmerɛ nsia (6 teaspoons), ne nkyene nsa-mmerɛ fa (1/2 teaspoon) na fra bom yie ma ɔnom.","Mix 1 liter of clean water, 6 teaspoons of sugar, and 1/2 teaspoon of salt to make Home-made Rehydration Solution.",CDC
Mɛde dɛn ama me ba no anom sɛ obi anya cholera?,treatment_query,"Yɛde ORS (Oral Rehydration Salts) nsuo na ɛsa cholera ntɛm ara na nsuo ansɛe wo ho. Sɛ emu yɛ den a, kɔ ayaresabea ntɛm.","Cholera is treated immediately with ORS (Oral Rehydration Salts) to restore fluids. If severe, go to the hospital immediately.",WHO Ghana
"Sɛ ORS nni hɔ a, mɛde dɛn adi ananmu?",treatment_query,"Fa lita baako nsuo pa, asikre nsa-mmerɛ nsia (6 teaspoons), ne nkyene nsa-mmerɛ fa (1/2 teaspoon) na fra bom yie ma ɔnom.","Mix 1 liter of clean water, 6 teaspoons of sugar, and 1/2 teaspoon of salt to make Home-made Rehydration Solution.",CDC
Clinic de ORS ama kwa anaa yɛtɔ?,treatment_query,"Yɛde ORS (Oral Rehydration Salts) nsuo na ɛsa cholera ntɛm ara na nsuo ansɛe wo ho. Sɛ emu yɛ den a, kɔ ayaresabea ntɛm.","Cholera is treated immediately with ORS (Oral Rehydration Salts) to restore fluids. If severe, go to the hospital immediately.",WHO Ghana
Cholera asa wɔ berɛ bɛn mu sɛ yɛde ORS sa?,treatment_query,"Fa lita baako nsuo pa, asikre nsa-mmerɛ nsia (6 teaspoons), ne nkyene nsa-mmerɛ fa (1/2 teaspoon) na fra bom yie ma ɔnom.","Mix 1 liter of clean water, 6 teaspoons of sugar, and 1/2 teaspoon of salt to make Home-made Rehydration Solution.",CDC
Mɛde dɛn ama me nana de anom sɛ obi anya cholera?,treatment_query,"Yɛde ORS (Oral Rehydration Salts) nsuo na ɛsa cholera ntɛm ara na nsuo ansɛe wo ho. Sɛ emu yɛ den a, kɔ ayaresabea ntɛm.","Cholera is treated immediately with ORS (Oral Rehydration Salts) to restore fluids. If severe, go to the hospital immediately.",WHO Ghana
"Sɛ cholera mu yɛ den paa a, adɔkota de dɛn sa?",treatment_query,"Fa lita baako nsuo pa, asikre nsa-mmerɛ nsia (6 teaspoons), ne nkyene nsa-mmerɛ fa (1/2 teaspoon) na fra bom yie ma ɔnom.","Mix 1 liter of clean water, 6 teaspoons of sugar, and 1/2 teaspoon of salt to make Home-made Rehydration Solution.",CDC
"ORS nsuo, ɛboa ma ho nsuo san ba?",treatment_query,"Yɛde ORS (Oral Rehydration Salts) nsuo na ɛsa cholera ntɛm ara na nsuo ansɛe wo ho. Sɛ emu yɛ den a, kɔ ayaresabea ntɛm.","Cholera is treated immediately with ORS (Oral Rehydration Salts) to restore fluids. If severe, go to the hospital immediately.",WHO Ghana
Mɛde fie nsuo anaa sachet water yɛ ORS?,treatment_query,"Fa lita baako nsuo pa, asikre nsa-mmerɛ nsia (6 teaspoons), ne nkyene nsa-mmerɛ fa (1/2 teaspoon) na fra bom yie ma ɔnom.","Mix 1 liter of clean water, 6 teaspoons of sugar, and 1/2 teaspoon of salt to make Home-made Rehydration Solution.",CDC
"Sɛ obi nnom ORS ntɛm ara wɔ cholera mu a, ɛyɛ asiane?",treatment_query,"Yɛde ORS (Oral Rehydration Salts) nsuo na ɛsa cholera ntɛm ara na nsuo ansɛe wo ho. Sɛ emu yɛ den a, kɔ ayaresabea ntɛm.","Cholera is treated immediately with ORS (Oral Rehydration Salts) to restore fluids. If severe, go to the hospital immediately.",WHO Ghana
Ghana Health Service de ORS ma adagya mu kwa?,treatment_query,"Fa lita baako nsuo pa, asikre nsa-mmerɛ nsia (6 teaspoons), ne nkyene nsa-mmerɛ fa (1/2 teaspoon) na fra bom yie ma ɔnom.","Mix 1 liter of clean water, 6 teaspoons of sugar, and 1/2 teaspoon of salt to make Home-made Rehydration Solution.",CDC
Mɛde nkyene a yɛde noa sɛn wɔ fie ORS mu?,treatment_query,"Yɛde ORS (Oral Rehydration Salts) nsuo na ɛsa cholera ntɛm ara na nsuo ansɛe wo ho. Sɛ emu yɛ den a, kɔ ayaresabea ntɛm.","Cholera is treated immediately with ORS (Oral Rehydration Salts) to restore fluids. If severe, go to the hospital immediately.",WHO Ghana
"Sɛ ORS paket no akyɛ a, ɛyɛ safe?",treatment_query,"Fa lita baako nsuo pa, asikre nsa-mmerɛ nsia (6 teaspoons), ne nkyene nsa-mmerɛ fa (1/2 teaspoon) na fra bom yie ma ɔnom.","Mix 1 liter of clean water, 6 teaspoons of sugar, and 1/2 teaspoon of salt to make Home-made Rehydration Solution.",CDC
Cholera asa wɔ fie anaa ɛwɔ sɛ yɛkɔ clinic?,treatment_query,"Yɛde ORS (Oral Rehydration Salts) nsuo na ɛsa cholera ntɛm ara na nsuo ansɛe wo ho. Sɛ emu yɛ den a, kɔ ayaresabea ntɛm.","Cholera is treated immediately with ORS (Oral Rehydration Salts) to restore fluids. If severe, go to the hospital immediately.",WHO Ghana
Mɛde dɛn bɔ ORS nsuo ho ban ma mmofra?,treatment_query,"Fa lita baako nsuo pa, asikre nsa-mmerɛ nsia (6 teaspoons), ne nkyene nsa-mmerɛ fa (1/2 teaspoon) na fra bom yie ma ɔnom.","Mix 1 liter of clean water, 6 teaspoons of sugar, and 1/2 teaspoon of salt to make Home-made Rehydration Solution.",CDC
"Sɛ obi nom ORS pii a, ɛboa?",treatment_query,"Yɛde ORS (Oral Rehydration Salts) nsuo na ɛsa cholera ntɛm ara na nsuo ansɛe wo ho. Sɛ emu yɛ den a, kɔ ayaresabea ntɛm.","Cholera is treated immediately with ORS (Oral Rehydration Salts) to restore fluids. If severe, go to the hospital immediately.",WHO Ghana
Adɔkota de antibiotic de sa cholera?,treatment_query,"Fa lita baako nsuo pa, asikre nsa-mmerɛ nsia (6 teaspoons), ne nkyene nsa-mmerɛ fa (1/2 teaspoon) na fra bom yie ma ɔnom.","Mix 1 liter of clean water, 6 teaspoons of sugar, and 1/2 teaspoon of salt to make Home-made Rehydration Solution.",CDC
ORS nsuo mɛde ama me nana nnom wɔ fie?,treatment_query,"Yɛde ORS (Oral Rehydration Salts) nsuo na ɛsa cholera ntɛm ara na nsuo ansɛe wo ho. Sɛ emu yɛ den a, kɔ ayaresabea ntɛm.","Cholera is treated immediately with ORS (Oral Rehydration Salts) to restore fluids. If severe, go to the hospital immediately.",WHO Ghana
"Sɛ obi anya cholera a, ɛwɔ sɛ obi anom nsuo bebree?",treatment_query,"Fa lita baako nsuo pa, asikre nsa-mmerɛ nsia (6 teaspoons), ne nkyene nsa-mmerɛ fa (1/2 teaspoon) na fra bom yie ma ɔnom.","Mix 1 liter of clean water, 6 teaspoons of sugar, and 1/2 teaspoon of salt to make Home-made Rehydration Solution.",CDC
Mɛde dɛn ahohoro ORS paket ansa na mɛyɛ?,treatment_query,"Yɛde ORS (Oral Rehydration Salts) nsuo na ɛsa cholera ntɛm ara na nsuo ansɛe wo ho. Sɛ emu yɛ den a, kɔ ayaresabea ntɛm.","Cholera is treated immediately with ORS (Oral Rehydration Salts) to restore fluids. If severe, go to the hospital immediately.",WHO Ghana
Cholera asa wɔ nnɔnhwerew bɛn?,treatment_query,"Fa lita baako nsuo pa, asikre nsa-mmerɛ nsia (6 teaspoons), ne nkyene nsa-mmerɛ fa (1/2 teaspoon) na fra bom yie ma ɔnom.","Mix 1 liter of clean water, 6 teaspoons of sugar, and 1/2 teaspoon of salt to make Home-made Rehydration Solution.",CDC
"Sɛ me ba no rentia ORS a, mɛde dɛn ama no?",treatment_query,"Yɛde ORS (Oral Rehydration Salts) nsuo na ɛsa cholera ntɛm ara na nsuo ansɛe wo ho. Sɛ emu yɛ den a, kɔ ayaresabea ntɛm.","Cholera is treated immediately with ORS (Oral Rehydration Salts) to restore fluids. If severe, go to the hospital immediately.",WHO Ghana
IV nsuo de sa cholera sɛn?,treatment_query,"Fa lita baako nsuo pa, asikre nsa-mmerɛ nsia (6 teaspoons), ne nkyene nsa-mmerɛ fa (1/2 teaspoon) na fra bom yie ma ɔnom.","Mix 1 liter of clean water, 6 teaspoons of sugar, and 1/2 teaspoon of salt to make Home-made Rehydration Solution.",CDC
ORS betumi ama me ba no san nyane?,treatment_query,"Yɛde ORS (Oral Rehydration Salts) nsuo na ɛsa cholera ntɛm ara na nsuo ansɛe wo ho. Sɛ emu yɛ den a, kɔ ayaresabea ntɛm.","Cholera is treated immediately with ORS (Oral Rehydration Salts) to restore fluids. If severe, go to the hospital immediately.",WHO Ghana
Mɛde lita baako nsuo ne nkyene ne asikre yɛ ORS?,treatment_query,"Fa lita baako nsuo pa, asikre nsa-mmerɛ nsia (6 teaspoons), ne nkyene nsa-mmerɛ fa (1/2 teaspoon) na fra bom yie ma ɔnom.","Mix 1 liter of clean water, 6 teaspoons of sugar, and 1/2 teaspoon of salt to make Home-made Rehydration Solution.",CDC
"Sɛ me anya cholera a, mɛkɔ ayaresabea bɛn?",treatment_query,"Yɛde ORS (Oral Rehydration Salts) nsuo na ɛsa cholera ntɛm ara na nsuo ansɛe wo ho. Sɛ emu yɛ den a, kɔ ayaresabea ntɛm.","Cholera is treated immediately with ORS (Oral Rehydration Salts) to restore fluids. If severe, go to the hospital immediately.",WHO Ghana
"ORS ne nsuo kwa, yɛde bɛn de sa cholera pa ara?",treatment_query,"Fa lita baako nsuo pa, asikre nsa-mmerɛ nsia (6 teaspoons), ne nkyene nsa-mmerɛ fa (1/2 teaspoon) na fra bom yie ma ɔnom.","Mix 1 liter of clean water, 6 teaspoons of sugar, and 1/2 teaspoon of salt to make Home-made Rehydration Solution.",CDC
Mɛde fie aduru bɛn de sa cholera?,treatment_query,"Yɛde ORS (Oral Rehydration Salts) nsuo na ɛsa cholera ntɛm ara na nsuo ansɛe wo ho. Sɛ emu yɛ den a, kɔ ayaresabea ntɛm.","Cholera is treated immediately with ORS (Oral Rehydration Salts) to restore fluids. If severe, go to the hospital immediately.",WHO Ghana
"Sɛ cholera ba a, ntɛm ara yɛde ORS bɛsa, anaasɛ yɛkɔ clinic?",treatment_query,"Fa lita baako nsuo pa, asikre nsa-mmerɛ nsia (6 teaspoons), ne nkyene nsa-mmerɛ fa (1/2 teaspoon) na fra bom yie ma ɔnom.","Mix 1 liter of clean water, 6 teaspoons of sugar, and 1/2 teaspoon of salt to make Home-made Rehydration Solution.",CDC
"Yarefoɔ no n'ani apɔn, ɛyɛ emergency?",emergency_query,Ma no ORS nsuo na kɔ ayaresabea a ɛbɛn wo ntɛm ara! Eyi yɛ emergency paa!,Give him ORS and run to the nearest hospital immediately! This is a major emergency!,WHO Ghana
"Me ba no rentumi nsɔre, dɛn na mɛyɛ ntɛm?",emergency_query,"EYI NE EMERGENCY! Ma no ORS nsuo sɛ obetumi anom, na fa no kɔ ayaresabea ntɛm ara na wɔakɔma no nsuo wɔ ne ntin (IV fluids).","THIS IS AN EMERGENCY! Give ORS if conscious, and take them to the hospital immediately for IV fluids.",CDC
Cholera no kum obi bere bɛn mu?,emergency_query,Ma no ORS nsuo na kɔ ayaresabea a ɛbɛn wo ntɛm ara! Eyi yɛ emergency paa!,Give him ORS and run to the nearest hospital immediately! This is a major emergency!,WHO Ghana
"Sɛ me kunu no anya cholera mu den paa a, dɛn mɛyɛ?",emergency_query,"EYI NE EMERGENCY! Ma no ORS nsuo sɛ obetumi anom, na fa no kɔ ayaresabea ntɛm ara na wɔakɔma no nsuo wɔ ne ntin (IV fluids).","THIS IS AN EMERGENCY! Give ORS if conscious, and take them to the hospital immediately for IV fluids.",CDC
"Yarefoɔ no ne ho nsuo asa koraa, ɛyɛ emergency?",emergency_query,Ma no ORS nsuo na kɔ ayaresabea a ɛbɛn wo ntɛm ara! Eyi yɛ emergency paa!,Give him ORS and run to the nearest hospital immediately! This is a major emergency!,WHO Ghana
"Me maame rente asɛm yie na ɔrefe, dɛn mɛyɛ?",emergency_query,"EYI NE EMERGENCY! Ma no ORS nsuo sɛ obetumi anom, na fa no kɔ ayaresabea ntɛm ara na wɔakɔma no nsuo wɔ ne ntin (IV fluids).","THIS IS AN EMERGENCY! Give ORS if conscious, and take them to the hospital immediately for IV fluids.",CDC
Ɛwɔ sɛ me fa yarefoɔ no kɔ ayaresabea berɛ bɛn?,emergency_query,Ma no ORS nsuo na kɔ ayaresabea a ɛbɛn wo ntɛm ara! Eyi yɛ emergency paa!,Give him ORS and run to the nearest hospital immediately! This is a major emergency!,WHO Ghana
"Sɛ me ba no ntumi nkasa na ɔrefe a, ɛyɛ emergency?",emergency_query,"EYI NE EMERGENCY! Ma no ORS nsuo sɛ obetumi anom, na fa no kɔ ayaresabea ntɛm ara na wɔakɔma no nsuo wɔ ne ntin (IV fluids).","THIS IS AN EMERGENCY! Give ORS if conscious, and take them to the hospital immediately for IV fluids.",CDC
Cholera tumi kum obi wɔ nnɔnhwerew bɛn mu?,emergency_query,Ma no ORS nsuo na kɔ ayaresabea a ɛbɛn wo ntɛm ara! Eyi yɛ emergency paa!,Give him ORS and run to the nearest hospital immediately! This is a major emergency!,WHO Ghana
"Me nana no atew ase firi cholera, dɛn mɛyɛ?",emergency_query,"EYI NE EMERGENCY! Ma no ORS nsuo sɛ obetumi anom, na fa no kɔ ayaresabea ntɛm ara na wɔakɔma no nsuo wɔ ne ntin (IV fluids).","THIS IS AN EMERGENCY! Give ORS if conscious, and take them to the hospital immediately for IV fluids.",CDC
"Yarefoɔ no anya mmetegwee firi dehydration, ɛyɛ asiane?",emergency_query,Ma no ORS nsuo na kɔ ayaresabea a ɛbɛn wo ntɛm ara! Eyi yɛ emergency paa!,Give him ORS and run to the nearest hospital immediately! This is a major emergency!,WHO Ghana
"Sɛ obi anya cholera na n'ani apɔn a, mɛkɔ clinic bɛn?",emergency_query,"EYI NE EMERGENCY! Ma no ORS nsuo sɛ obetumi anom, na fa no kɔ ayaresabea ntɛm ara na wɔakɔma no nsuo wɔ ne ntin (IV fluids).","THIS IS AN EMERGENCY! Give ORS if conscious, and take them to the hospital immediately for IV fluids.",CDC
"Me ba no renten na ɔrefe bebree, dɛn mɛyɛ ntɛm?",emergency_query,Ma no ORS nsuo na kɔ ayaresabea a ɛbɛn wo ntɛm ara! Eyi yɛ emergency paa!,Give him ORS and run to the nearest hospital immediately! This is a major emergency!,WHO Ghana
"Sɛ cholera yarefoɔ no rentumi nkasa bio a, ɛyɛ dɛn?",emergency_query,"EYI NE EMERGENCY! Ma no ORS nsuo sɛ obetumi anom, na fa no kɔ ayaresabea ntɛm ara na wɔakɔma no nsuo wɔ ne ntin (IV fluids).","THIS IS AN EMERGENCY! Give ORS if conscious, and take them to the hospital immediately for IV fluids.",CDC
Ɛwɔ sɛ me telephone ambulance bere bɛn?,emergency_query,Ma no ORS nsuo na kɔ ayaresabea a ɛbɛn wo ntɛm ara! Eyi yɛ emergency paa!,Give him ORS and run to the nearest hospital immediately! This is a major emergency!,WHO Ghana
"Me maame anya cholera na ɔte mmerɛ so a, ɛyɛ emergency?",emergency_query,"EYI NE EMERGENCY! Ma no ORS nsuo sɛ obetumi anom, na fa no kɔ ayaresabea ntɛm ara na wɔakɔma no nsuo wɔ ne ntin (IV fluids).","THIS IS AN EMERGENCY! Give ORS if conscious, and take them to the hospital immediately for IV fluids.",CDC
"Yarefoɔ no ne ho yɛ hye na ne koma ntɔɔ, ɛyɛ emergency?",emergency_query,Ma no ORS nsuo na kɔ ayaresabea a ɛbɛn wo ntɛm ara! Eyi yɛ emergency paa!,Give him ORS and run to the nearest hospital immediately! This is a major emergency!,WHO Ghana
"Sɛ obi anom ORS na ɔte so refe a, ɛyɛ asiane?",emergency_query,"EYI NE EMERGENCY! Ma no ORS nsuo sɛ obetumi anom, na fa no kɔ ayaresabea ntɛm ara na wɔakɔma no nsuo wɔ ne ntin (IV fluids).","THIS IS AN EMERGENCY! Give ORS if conscious, and take them to the hospital immediately for IV fluids.",CDC
"Me nana no rentumi nnyina na ne nan mu apow, dɛn mɛyɛ?",emergency_query,Ma no ORS nsuo na kɔ ayaresabea a ɛbɛn wo ntɛm ara! Eyi yɛ emergency paa!,Give him ORS and run to the nearest hospital immediately! This is a major emergency!,WHO Ghana
"Cholera mu yɛ den na me ba no rentumi nkasa, dɛn ne emergency action?",emergency_query,"EYI NE EMERGENCY! Ma no ORS nsuo sɛ obetumi anom, na fa no kɔ ayaresabea ntɛm ara na wɔakɔma no nsuo wɔ ne ntin (IV fluids).","THIS IS AN EMERGENCY! Give ORS if conscious, and take them to the hospital immediately for IV fluids.",CDC
Ɛbɛtumi ayɛ cholera mu den na IV fluids hia?,emergency_query,Ma no ORS nsuo na kɔ ayaresabea a ɛbɛn wo ntɛm ara! Eyi yɛ emergency paa!,Give him ORS and run to the nearest hospital immediately! This is a major emergency!,WHO Ghana
"Sɛ obi anya cholera na n'ani apɔn wɔ fie a, dɛn mɛyɛ ansa na ambulance aba?",emergency_query,"EYI NE EMERGENCY! Ma no ORS nsuo sɛ obetumi anom, na fa no kɔ ayaresabea ntɛm ara na wɔakɔma no nsuo wɔ ne ntin (IV fluids).","THIS IS AN EMERGENCY! Give ORS if conscious, and take them to the hospital immediately for IV fluids.",CDC
"Me kunu anya cholera mu den na ɔrente asɛm yie, dɛn mɛyɛ?",emergency_query,Ma no ORS nsuo na kɔ ayaresabea a ɛbɛn wo ntɛm ara! Eyi yɛ emergency paa!,Give him ORS and run to the nearest hospital immediately! This is a major emergency!,WHO Ghana
"Yarefoɔ no ne ho nsuo asa na ɔntumi maa ase, ɛyɛ emergency?",emergency_query,"EYI NE EMERGENCY! Ma no ORS nsuo sɛ obetumi anom, na fa no kɔ ayaresabea ntɛm ara na wɔakɔma no nsuo wɔ ne ntin (IV fluids).","THIS IS AN EMERGENCY! Give ORS if conscious, and take them to the hospital immediately for IV fluids.",CDC
"Sɛ cholera mu yɛ den na obi rentumi mma ORS anom a, dɛn na yɛyɛ?",emergency_query,Ma no ORS nsuo na kɔ ayaresabea a ɛbɛn wo ntɛm ara! Eyi yɛ emergency paa!,Give him ORS and run to the nearest hospital immediately! This is a major emergency!,WHO Ghana
"Me ba no renten paa na ne ho yɛ hye, ɛwɔ sɛ mefa no kɔ clinic?",emergency_query,"EYI NE EMERGENCY! Ma no ORS nsuo sɛ obetumi anom, na fa no kɔ ayaresabea ntɛm ara na wɔakɔma no nsuo wɔ ne ntin (IV fluids).","THIS IS AN EMERGENCY! Give ORS if conscious, and take them to the hospital immediately for IV fluids.",CDC
Ghana emergency number bɛn na mɛtelephone wɔ cholera emergency mu?,emergency_query,Ma no ORS nsuo na kɔ ayaresabea a ɛbɛn wo ntɛm ara! Eyi yɛ emergency paa!,Give him ORS and run to the nearest hospital immediately! This is a major emergency!,WHO Ghana
"Sɛ yarefoɔ no anya mmetegwee na obi ntumi mfa no ankɔ clinic a, dɛn mɛyɛ?",emergency_query,"EYI NE EMERGENCY! Ma no ORS nsuo sɛ obetumi anom, na fa no kɔ ayaresabea ntɛm ara na wɔakɔma no nsuo wɔ ne ntin (IV fluids).","THIS IS AN EMERGENCY! Give ORS if conscious, and take them to the hospital immediately for IV fluids.",CDC
Cholera emergency sign titiriw ne sɛn?,emergency_query,Ma no ORS nsuo na kɔ ayaresabea a ɛbɛn wo ntɛm ara! Eyi yɛ emergency paa!,Give him ORS and run to the nearest hospital immediately! This is a major emergency!,WHO Ghana
"Me maame anya cholera na ɔrefe wɔ fie, dɛn na mɛyɛ ntɛm ara?",emergency_query,"EYI NE EMERGENCY! Ma no ORS nsuo sɛ obetumi anom, na fa no kɔ ayaresabea ntɛm ara na wɔakɔma no nsuo wɔ ne ntin (IV fluids).","THIS IS AN EMERGENCY! Give ORS if conscious, and take them to the hospital immediately for IV fluids.",CDC
"Sɛ obi anya cholera mu den na otumi nkɔ clinic ankasa a, dɛn mɛyɛ?",emergency_query,Ma no ORS nsuo na kɔ ayaresabea a ɛbɛn wo ntɛm ara! Eyi yɛ emergency paa!,Give him ORS and run to the nearest hospital immediately! This is a major emergency!,WHO Ghana
Ayaresabea a ɛbɛn Sunyani wɔ hɔ betumi asa cholera emergency?,emergency_query,"EYI NE EMERGENCY! Ma no ORS nsuo sɛ obetumi anom, na fa no kɔ ayaresabea ntɛm ara na wɔakɔma no nsuo wɔ ne ntin (IV fluids).","THIS IS AN EMERGENCY! Give ORS if conscious, and take them to the hospital immediately for IV fluids.",CDC
"Yarefoɔ no rentumi nsɔre na ɔrente asɛm, ɛwɔ sɛ me yɛ dɛn ntɛm?",emergency_query,Ma no ORS nsuo na kɔ ayaresabea a ɛbɛn wo ntɛm ara! Eyi yɛ emergency paa!,Give him ORS and run to the nearest hospital immediately! This is a major emergency!,WHO Ghana
"Sɛ me ba no anya cholera mu den na mewɔ sika a ɛntua ayaresabea ho a, dɛn mɛyɛ?",emergency_query,"EYI NE EMERGENCY! Ma no ORS nsuo sɛ obetumi anom, na fa no kɔ ayaresabea ntɛm ara na wɔakɔma no nsuo wɔ ne ntin (IV fluids).","THIS IS AN EMERGENCY! Give ORS if conscious, and take them to the hospital immediately for IV fluids.",CDC
NHIS betumi ato cholera emergency ho dwumadie ato?,emergency_query,Ma no ORS nsuo na kɔ ayaresabea a ɛbɛn wo ntɛm ara! Eyi yɛ emergency paa!,Give him ORS and run to the nearest hospital immediately! This is a major emergency!,WHO Ghana
"Sɛ obi anya cholera na ɔte mmerɛ paa so a, ɛwɔ sɛ me yɛ dɛn?",emergency_query,Ma no ORS nsuo na kɔ ayaresabea a ɛbɛn wo ntɛm ara! Eyi yɛ emergency paa!,Give him ORS and run to the nearest hospital immediately! This is a major emergency!,WHO Ghana
"Me ba no anya cholera mu den na ɔrente asɛm yie, ɛyɛ emergency?",emergency_query,"EYI NE EMERGENCY! Ma no ORS nsuo sɛ obetumi anom, na fa no kɔ ayaresabea ntɛm ara na wɔakɔma no nsuo wɔ ne ntin (IV fluids).","THIS IS AN EMERGENCY! Give ORS if conscious, and take them to the hospital immediately for IV fluids.",CDC
Ɛwɔ sɛ mekɔ me fie ORS de ama yarefoɔ no ansa na mɛfa no kɔ clinic?,emergency_query,Ma no ORS nsuo na kɔ ayaresabea a ɛbɛn wo ntɛm ara! Eyi yɛ emergency paa!,Give him ORS and run to the nearest hospital immediately! This is a major emergency!,WHO Ghana
"Yarefoɔ no afeɛ ne ayamtuo ntɔ mpa, ɛyɛ emergency?",emergency_query,"EYI NE EMERGENCY! Ma no ORS nsuo sɛ obetumi anom, na fa no kɔ ayaresabea ntɛm ara na wɔakɔma no nsuo wɔ ne ntin (IV fluids).","THIS IS AN EMERGENCY! Give ORS if conscious, and take them to the hospital immediately for IV fluids.",CDC
"Sɛ obi anya cholera wɔ adwuma so na nni obi a ɔbɛtumi boa no a, dɛn mɛyɛ?",emergency_query,Ma no ORS nsuo na kɔ ayaresabea a ɛbɛn wo ntɛm ara! Eyi yɛ emergency paa!,Give him ORS and run to the nearest hospital immediately! This is a major emergency!,WHO Ghana
"Me kunu no rentete na ɔnte asɛm yie firi cholera nti, ɛyɛ emergency?",emergency_query,"EYI NE EMERGENCY! Ma no ORS nsuo sɛ obetumi anom, na fa no kɔ ayaresabea ntɛm ara na wɔakɔma no nsuo wɔ ne ntin (IV fluids).","THIS IS AN EMERGENCY! Give ORS if conscious, and take them to the hospital immediately for IV fluids.",CDC
Cholera tumi kum obi saa ntɛm ara?,emergency_query,Ma no ORS nsuo na kɔ ayaresabea a ɛbɛn wo ntɛm ara! Eyi yɛ emergency paa!,Give him ORS and run to the nearest hospital immediately! This is a major emergency!,WHO Ghana
"Sɛ obi anya cholera na ɔnte asɛm yie a, ɛwɔ sɛ oma no ORS anaa yɛkɔ clinic?",emergency_query,"EYI NE EMERGENCY! Ma no ORS nsuo sɛ obetumi anom, na fa no kɔ ayaresabea ntɛm ara na wɔakɔma no nsuo wɔ ne ntin (IV fluids).","THIS IS AN EMERGENCY! Give ORS if conscious, and take them to the hospital immediately for IV fluids.",CDC
"Me mma ketewa no anya cholera mu den, ɛyɛ emergency paa?",emergency_query,Ma no ORS nsuo na kɔ ayaresabea a ɛbɛn wo ntɛm ara! Eyi yɛ emergency paa!,Give him ORS and run to the nearest hospital immediately! This is a major emergency!,WHO Ghana
"Yarefoɔ no rentumi nsɔre na ɔrefe, ɛwɔ sɛ me telephone he?",emergency_query,"EYI NE EMERGENCY! Ma no ORS nsuo sɛ obetumi anom, na fa no kɔ ayaresabea ntɛm ara na wɔakɔma no nsuo wɔ ne ntin (IV fluids).","THIS IS AN EMERGENCY! Give ORS if conscious, and take them to the hospital immediately for IV fluids.",CDC
"Sɛ me nana no anya cholera na ɔmfiri ahemfie mu nkɔ clinic a, dɛn mɛyɛ?",emergency_query,Ma no ORS nsuo na kɔ ayaresabea a ɛbɛn wo ntɛm ara! Eyi yɛ emergency paa!,Give him ORS and run to the nearest hospital immediately! This is a major emergency!,WHO Ghana
Kumasi Teaching Hospital betumi asa cholera emergency?,emergency_query,"EYI NE EMERGENCY! Ma no ORS nsuo sɛ obetumi anom, na fa no kɔ ayaresabea ntɛm ara na wɔakɔma no nsuo wɔ ne ntin (IV fluids).","THIS IS AN EMERGENCY! Give ORS if conscious, and take them to the hospital immediately for IV fluids.",CDC
Ɛwɔ sɛ mede ORS ama yarefoɔ no ansa na ɛmfa no kɔ clinic?,emergency_query,Ma no ORS nsuo na kɔ ayaresabea a ɛbɛn wo ntɛm ara! Eyi yɛ emergency paa!,Give him ORS and run to the nearest hospital immediately! This is a major emergency!,WHO Ghana
"Sɛ cholera mu yɛ den na obi atew ase a, dɛn ne first aid?",emergency_query,"EYI NE EMERGENCY! Ma no ORS nsuo sɛ obetumi anom, na fa no kɔ ayaresabea ntɛm ara na wɔakɔma no nsuo wɔ ne ntin (IV fluids).","THIS IS AN EMERGENCY! Give ORS if conscious, and take them to the hospital immediately for IV fluids.",CDC
"Me ba no anya cholera na ne ho nsuo asa koraa, mɛkɔ ayaresabea bɛn wɔ Accra?",emergency_query,Ma no ORS nsuo na kɔ ayaresabea a ɛbɛn wo ntɛm ara! Eyi yɛ emergency paa!,Give him ORS and run to the nearest hospital immediately! This is a major emergency!,WHO Ghana
"Ete sɛn, chatbot?",general_greeting,Mema wo akye! Me ne Cholera Twi Chatbot. Metumi abua wo cholera ho nsɛm.,Hello! I am the Cholera Twi Chatbot. I can answer your questions about cholera.,Ghana NLP
"Akwaaba, chatbot nua!",general_greeting,Akwaaba! Metumi aboa wo wɔ cholera yareɛ ho nsɛm biara. Bisa biribi!,Welcome! I can help you with any questions about cholera. Ask anything!,Ghana NLP
"Ɔdwo, chatbot pa!",general_greeting,Mema wo akye! Me ne Cholera Twi Chatbot. Metumi abua wo cholera ho nsɛm.,Hello! I am the Cholera Twi Chatbot. I can answer your questions about cholera.,Ghana NLP
"Chatbot, wo ho te sɛn nnɛ?",general_greeting,Akwaaba! Metumi aboa wo wɔ cholera yareɛ ho nsɛm biara. Bisa biribi!,Welcome! I can help you with any questions about cholera. Ask anything!,Ghana NLP
Me ba sɛ wobɛboa me,general_greeting,Mema wo akye! Me ne Cholera Twi Chatbot. Metumi abua wo cholera ho nsɛm.,Hello! I am the Cholera Twi Chatbot. I can answer your questions about cholera.,Ghana NLP
"Yaa chatbot, ɛte sɛn?",general_greeting,Akwaaba! Metumi aboa wo wɔ cholera yareɛ ho nsɛm biara. Bisa biribi!,Welcome! I can help you with any questions about cholera. Ask anything!,Ghana NLP
"Maakye chatbot, metumi abisa wo biribi?",general_greeting,Mema wo akye! Me ne Cholera Twi Chatbot. Metumi abua wo cholera ho nsɛm.,Hello! I am the Cholera Twi Chatbot. I can answer your questions about cholera.,Ghana NLP
Mema wo adwo chatbot nua!,general_greeting,Akwaaba! Metumi aboa wo wɔ cholera yareɛ ho nsɛm biara. Bisa biribi!,Welcome! I can help you with any questions about cholera. Ask anything!,Ghana NLP
"Chatbot, mreboa wo boa me nnɛ",general_greeting,Mema wo akye! Me ne Cholera Twi Chatbot. Metumi abua wo cholera ho nsɛm.,Hello! I am the Cholera Twi Chatbot. I can answer your questions about cholera.,Ghana NLP
"Hello chatbot, yɛ ne yɛn ho!",general_greeting,Akwaaba! Metumi aboa wo wɔ cholera yareɛ ho nsɛm biara. Bisa biribi!,Welcome! I can help you with any questions about cholera. Ask anything!,Ghana NLP
Medaase ma saa adwuma pa yi,general_greeting,Mema wo akye! Me ne Cholera Twi Chatbot. Metumi abua wo cholera ho nsɛm.,Hello! I am the Cholera Twi Chatbot. I can answer your questions about cholera.,Ghana NLP
Mo yɛ adwuma pa paa!,general_greeting,Akwaaba! Metumi aboa wo wɔ cholera yareɛ ho nsɛm biara. Bisa biribi!,Welcome! I can help you with any questions about cholera. Ask anything!,Ghana NLP
"Chatbot, mi ne wo kasa!",general_greeting,Mema wo akye! Me ne Cholera Twi Chatbot. Metumi abua wo cholera ho nsɛm.,Hello! I am the Cholera Twi Chatbot. I can answer your questions about cholera.,Ghana NLP
"Akwaaba, me din de Edwin",general_greeting,Akwaaba! Metumi aboa wo wɔ cholera yareɛ ho nsɛm biara. Bisa biribi!,Welcome! I can help you with any questions about cholera. Ask anything!,Ghana NLP
"Chatbot, wo nim Twi pa ara!",general_greeting,Mema wo akye! Me ne Cholera Twi Chatbot. Metumi abua wo cholera ho nsɛm.,Hello! I am the Cholera Twi Chatbot. I can answer your questions about cholera.,Ghana NLP
"Mema wo akye, bɛboa me!",general_greeting,Akwaaba! Metumi aboa wo wɔ cholera yareɛ ho nsɛm biara. Bisa biribi!,Welcome! I can help you with any questions about cholera. Ask anything!,Ghana NLP
"Yaa, chatbot pa, ete sɛn?",general_greeting,Mema wo akye! Me ne Cholera Twi Chatbot. Metumi abua wo cholera ho nsɛm.,Hello! I am the Cholera Twi Chatbot. I can answer your questions about cholera.,Ghana NLP
"Chatbot, wo tumi boa me wɔ adesua ho?",general_greeting,Akwaaba! Metumi aboa wo wɔ cholera yareɛ ho nsɛm biara. Bisa biribi!,Welcome! I can help you with any questions about cholera. Ask anything!,Ghana NLP
Medaase ma mmuaeɛ pa yi nyinaa,general_greeting,Mema wo akye! Me ne Cholera Twi Chatbot. Metumi abua wo cholera ho nsɛm.,Hello! I am the Cholera Twi Chatbot. I can answer your questions about cholera.,Ghana NLP
"Mema wo adwo, chatbot nua pa!",general_greeting,Mema wo akye! Me ne Cholera Twi Chatbot. Metumi abua wo cholera ho nsɛm.,Hello! I am the Cholera Twi Chatbot. I can answer your questions about cholera.,Ghana NLP
Chatbot no yɛ adwuma pa paa!,general_greeting,Akwaaba! Metumi aboa wo wɔ cholera yareɛ ho nsɛm biara. Bisa biribi!,Welcome! I can help you with any questions about cholera. Ask anything!,Ghana NLP
Mema wo aha chatbot pa!,general_greeting,Mema wo akye! Me ne Cholera Twi Chatbot. Metumi abua wo cholera ho nsɛm.,Hello! I am the Cholera Twi Chatbot. I can answer your questions about cholera.,Ghana NLP
Akwaaba! Metumi abisa wo cholera ho?,general_greeting,Akwaaba! Metumi aboa wo wɔ cholera yareɛ ho nsɛm biara. Bisa biribi!,Welcome! I can help you with any questions about cholera. Ask anything!,Ghana NLP
"Chatbot, wo nim Asante Twi pa?",general_greeting,Mema wo akye! Me ne Cholera Twi Chatbot. Metumi abua wo cholera ho nsɛm.,Hello! I am the Cholera Twi Chatbot. I can answer your questions about cholera.,Ghana NLP
"Yaa chatbot nua, me reboa wo!",general_greeting,Akwaaba! Metumi aboa wo wɔ cholera yareɛ ho nsɛm biara. Bisa biribi!,Welcome! I can help you with any questions about cholera. Ask anything!,Ghana NLP
"Ɔkyena, chatbot pa!",general_greeting,Mema wo akye! Me ne Cholera Twi Chatbot. Metumi abua wo cholera ho nsɛm.,Hello! I am the Cholera Twi Chatbot. I can answer your questions about cholera.,Ghana NLP
"Chatbot, wo yɛ adwuma pa ara wɔ Ghana!",general_greeting,Akwaaba! Metumi aboa wo wɔ cholera yareɛ ho nsɛm biara. Bisa biribi!,Welcome! I can help you with any questions about cholera. Ask anything!,Ghana NLP
Me nim sɛ wobɛboa me nnɛ!,general_greeting,Mema wo akye! Me ne Cholera Twi Chatbot. Metumi abua wo cholera ho nsɛm.,Hello! I am the Cholera Twi Chatbot. I can answer your questions about cholera.,Ghana NLP
"Ɛte sɛn, chatbot nua?",general_greeting,Akwaaba! Metumi aboa wo wɔ cholera yareɛ ho nsɛm biara. Bisa biribi!,Welcome! I can help you with any questions about cholera. Ask anything!,Ghana NLP
"Mema wo akye chatbot, mi ne wo!",general_greeting,Mema wo akye! Me ne Cholera Twi Chatbot. Metumi abua wo cholera ho nsɛm.,Hello! I am the Cholera Twi Chatbot. I can answer your questions about cholera.,Ghana NLP
"Chatbot, medaase ma wo adwuma!",general_greeting,Akwaaba! Metumi aboa wo wɔ cholera yareɛ ho nsɛm biara. Bisa biribi!,Welcome! I can help you with any questions about cholera. Ask anything!,Ghana NLP
Yɛ ne yɛn nnɛ chatbot!,general_greeting,Mema wo akye! Me ne Cholera Twi Chatbot. Metumi abua wo cholera ho nsɛm.,Hello! I am the Cholera Twi Chatbot. I can answer your questions about cholera.,Ghana NLP
Hello! Me reboa wo boa me.,general_greeting,Akwaaba! Metumi aboa wo wɔ cholera yareɛ ho nsɛm biara. Bisa biribi!,Welcome! I can help you with any questions about cholera. Ask anything!,Ghana NLP
"Chatbot, wo tumi kasa Twi pa paa!",general_greeting,Mema wo akye! Me ne Cholera Twi Chatbot. Metumi abua wo cholera ho nsɛm.,Hello! I am the Cholera Twi Chatbot. I can answer your questions about cholera.,Ghana NLP
Mema wo adwo chatbot pa!,general_greeting,Akwaaba! Metumi aboa wo wɔ cholera yareɛ ho nsɛm biara. Bisa biribi!,Welcome! I can help you with any questions about cholera. Ask anything!,Ghana NLP
Akwaaba! Mepɛ sɛ wobɛboa me,general_greeting,Mema wo akye! Me ne Cholera Twi Chatbot. Metumi abua wo cholera ho nsɛm.,Hello! I am the Cholera Twi Chatbot. I can answer your questions about cholera.,Ghana NLP
"Chatbot nua, wo yɛ adwuma pa!",general_greeting,Akwaaba! Metumi aboa wo wɔ cholera yareɛ ho nsɛm biara. Bisa biribi!,Welcome! I can help you with any questions about cholera. Ask anything!,Ghana NLP
Medaase ma wo mmuaeɛ pa yi daa!,general_greeting,Mema wo akye! Me ne Cholera Twi Chatbot. Metumi abua wo cholera ho nsɛm.,Hello! I am the Cholera Twi Chatbot. I can answer your questions about cholera.,Ghana NLP
Mema wo aha nua chatbot!,general_greeting,Akwaaba! Metumi aboa wo wɔ cholera yareɛ ho nsɛm biara. Bisa biribi!,Welcome! I can help you with any questions about cholera. Ask anything!,Ghana NLP
"Chatbot, wo tumi boa Ghanafoɔ paa!",general_greeting,Mema wo akye! Me ne Cholera Twi Chatbot. Metumi abua wo cholera ho nsɛm.,Hello! I am the Cholera Twi Chatbot. I can answer your questions about cholera.,Ghana NLP
"Yaa nua, ɛte sɛn nnɛ?",general_greeting,Akwaaba! Metumi aboa wo wɔ cholera yareɛ ho nsɛm biara. Bisa biribi!,Welcome! I can help you with any questions about cholera. Ask anything!,Ghana NLP
"Chatbot, me nim sɛ wobɛboa me!",general_greeting,Mema wo akye! Me ne Cholera Twi Chatbot. Metumi abua wo cholera ho nsɛm.,Hello! I am the Cholera Twi Chatbot. I can answer your questions about cholera.,Ghana NLP
Mema wo akye chatbot nua pa!,general_greeting,Akwaaba! Metumi aboa wo wɔ cholera yareɛ ho nsɛm biara. Bisa biribi!,Welcome! I can help you with any questions about cholera. Ask anything!,Ghana NLP
Me pɛ sɛ mebisa wo biribi!,general_greeting,Mema wo akye! Me ne Cholera Twi Chatbot. Metumi abua wo cholera ho nsɛm.,Hello! I am the Cholera Twi Chatbot. I can answer your questions about cholera.,Ghana NLP
"Akwaaba chatbot pa, ete sɛn?",general_greeting,Akwaaba! Metumi aboa wo wɔ cholera yareɛ ho nsɛm biara. Bisa biribi!,Welcome! I can help you with any questions about cholera. Ask anything!,Ghana NLP
"Chatbot, Ghana NLP adwuma no yɛ fɛ paa!",general_greeting,Mema wo akye! Me ne Cholera Twi Chatbot. Metumi abua wo cholera ho nsɛm.,Hello! I am the Cholera Twi Chatbot. I can answer your questions about cholera.,Ghana NLP
"Ɔdwo, ɛte sɛn chatbot?",general_greeting,Akwaaba! Metumi aboa wo wɔ cholera yareɛ ho nsɛm biara. Bisa biribi!,Welcome! I can help you with any questions about cholera. Ask anything!,Ghana NLP
"Chatbot nua, me da wo ase!",general_greeting,Mema wo akye! Me ne Cholera Twi Chatbot. Metumi abua wo cholera ho nsɛm.,Hello! I am the Cholera Twi Chatbot. I can answer your questions about cholera.,Ghana NLP
"Hello chatbot, metumi abisa?",general_greeting,Akwaaba! Metumi aboa wo wɔ cholera yareɛ ho nsɛm biara. Bisa biribi!,Welcome! I can help you with any questions about cholera. Ask anything!,Ghana NLP
"Chatbot, wo tumi boa Ghanafoɔ wɔ cholera ho!",general_greeting,Mema wo akye! Me ne Cholera Twi Chatbot. Metumi abua wo cholera ho nsɛm.,Hello! I am the Cholera Twi Chatbot. I can answer your questions about cholera.,Ghana NLP
"Sɛ menua me nsuo a, cholera mmoawa bɛwu",prevention_query,"Hohoro wo nsa ne samina ne nsuo pa bere biara, nua wo nsuo ansa na woanom, na kata wo nnuane so yie.","Wash your hands with soap and safe water, boil your drinking water, and always cover your food.",WHO Ghana
Samina tumi kum cholera mmoawa wɔ nsa ho,prevention_query,"Hohoro wo nsa ne samina ne nsuo pa bere biara, nua wo nsuo ansa na woanom, na kata wo nnuane so yie.","Wash your hands with soap and safe water, boil your drinking water, and always cover your food.",WHO Ghana
Noa nsuo ansa na wonnom na ɛbɔ wo ho ban,prevention_query,"Hohoro wo nsa ne samina ne nsuo pa bere biara, nua wo nsuo ansa na woanom, na kata wo nnuane so yie.","Wash your hands with soap and safe water, boil your drinking water, and always cover your food.",WHO Ghana
"Sɛ me hohoro me nsa ne samina a, cholera annya me",prevention_query,"Hohoro wo nsa ne samina ne nsuo pa bere biara, nua wo nsuo ansa na woanom, na kata wo nnuane so yie.","Wash your hands with soap and safe water, boil your drinking water, and always cover your food.",WHO Ghana
Kata aduane so na mfifiseɛ anko so,prevention_query,"Hohoro wo nsa ne samina ne nsuo pa bere biara, nua wo nsuo ansa na woanom, na kata wo nnuane so yie.","Wash your hands with soap and safe water, boil your drinking water, and always cover your food.",WHO Ghana
Mɛde chlorine akyekyere me nsuo mu bɔ me ho ban,prevention_query,"Hohoro wo nsa ne samina ne nsuo pa bere biara, nua wo nsuo ansa na woanom, na kata wo nnuane so yie.","Wash your hands with soap and safe water, boil your drinking water, and always cover your food.",WHO Ghana
Noa aduane hyere bɔ wo ho ban afiri cholera ho,prevention_query,"Hohoro wo nsa ne samina ne nsuo pa bere biara, nua wo nsuo ansa na woanom, na kata wo nnuane so yie.","Wash your hands with soap and safe water, boil your drinking water, and always cover your food.",WHO Ghana
"Sɛ medi aduane a ɛyɛ hyere a, cholera annya me",prevention_query,"Hohoro wo nsa ne samina ne nsuo pa bere biara, nua wo nsuo ansa na woanom, na kata wo nnuane so yie.","Wash your hands with soap and safe water, boil your drinking water, and always cover your food.",WHO Ghana
Hohoro nsa ne samina bɔ ho ban wɔ cholera mu,prevention_query,"Hohoro wo nsa ne samina ne nsuo pa bere biara, nua wo nsuo ansa na woanom, na kata wo nnuane so yie.","Wash your hands with soap and safe water, boil your drinking water, and always cover your food.",WHO Ghana
Mɛhohoro me nsa bere biara bɔ me ho ban,prevention_query,"Hohoro wo nsa ne samina ne nsuo pa bere biara, nua wo nsuo ansa na woanom, na kata wo nnuane so yie.","Wash your hands with soap and safe water, boil your drinking water, and always cover your food.",WHO Ghana
Cholera mmoawa fa nsuo mu kɔ obi ho,transmission_query,Cholera tare ntɛm ara nam nsuo anaa aduane a cholera bacteria firi obi bin mu akɔwura mu.,Cholera spreads rapidly through drinking water or eating food contaminated with the cholera bacteria from feces.,WHO Ghana
Cholera bacteria tena nsuo bɔne mu,transmission_query,Cholera tare ntɛm ara nam nsuo anaa aduane a cholera bacteria firi obi bin mu akɔwura mu.,Cholera spreads rapidly through drinking water or eating food contaminated with the cholera bacteria from feces.,WHO Ghana
Efi a ɛwɔ nsuo mu de cholera kɔ onipa ho,transmission_query,Cholera tare ntɛm ara nam nsuo anaa aduane a cholera bacteria firi obi bin mu akɔwura mu.,Cholera spreads rapidly through drinking water or eating food contaminated with the cholera bacteria from feces.,WHO Ghana
Cholera firi obi bin mu fa nsuo mu aba,transmission_query,Cholera tare ntɛm ara nam nsuo anaa aduane a cholera bacteria firi obi bin mu akɔwura mu.,Cholera spreads rapidly through drinking water or eating food contaminated with the cholera bacteria from feces.,WHO Ghana
Aduane a cholera bacteria wɔ mu de yareɛ aba,transmission_query,Cholera tare ntɛm ara nam nsuo anaa aduane a cholera bacteria firi obi bin mu akɔwura mu.,Cholera spreads rapidly through drinking water or eating food contaminated with the cholera bacteria from feces.,WHO Ghana
Cholera kɔ obi ho nam nsuo a efi guom,transmission_query,Cholera tare ntɛm ara nam nsuo anaa aduane a cholera bacteria firi obi bin mu akɔwura mu.,Cholera spreads rapidly through drinking water or eating food contaminated with the cholera bacteria from feces.,WHO Ghana
Cholera bacteria tumi atena aduane mu ama yareɛ aba,transmission_query,Cholera tare ntɛm ara nam nsuo anaa aduane a cholera bacteria firi obi bin mu akɔwura mu.,Cholera spreads rapidly through drinking water or eating food contaminated with the cholera bacteria from feces.,WHO Ghana
Mfifiseɛ de cholera kɔ aduane so nam ɔkwan bɛn so,transmission_query,Cholera tare ntɛm ara nam nsuo anaa aduane a cholera bacteria firi obi bin mu akɔwura mu.,Cholera spreads rapidly through drinking water or eating food contaminated with the cholera bacteria from feces.,WHO Ghana
Nsuo a efi guom de cholera bacteria aba,transmission_query,Cholera tare ntɛm ara nam nsuo anaa aduane a cholera bacteria firi obi bin mu akɔwura mu.,Cholera spreads rapidly through drinking water or eating food contaminated with the cholera bacteria from feces.,WHO Ghana
Cholera bacteria fa kwan bɛn so de ba obi ho,transmission_query,Cholera tare ntɛm ara nam nsuo anaa aduane a cholera bacteria firi obi bin mu akɔwura mu.,Cholera spreads rapidly through drinking water or eating food contaminated with the cholera bacteria from feces.,WHO Ghana
Dɛn nsenkyerɛne da adi wɔ obi a ɔwɔ cholera ho?,symptoms_query,Cholera yareɛ no ho nsenkyerɛne titiriw ne ayamtuo kɛseɛ a ɛte sɛ nsuo (a ɛte sɛ nsubɛn) ne ɛfeɛ a ɛnto mpa. Eyi betumi ama wo ho nsuo asa ntɛm (dehydration).,The main symptoms of cholera are severe watery diarrhea (like rice-water) and frequent vomiting. This can cause rapid dehydration.,WHO Ghana
Ayamtuo ne afeɛ yɛ cholera nsenkyerɛne titiriw,symptoms_query,Cholera yareɛ no ho nsenkyerɛne titiriw ne ayamtuo kɛseɛ a ɛte sɛ nsuo (a ɛte sɛ nsubɛn) ne ɛfeɛ a ɛnto mpa. Eyi betumi ama wo ho nsuo asa ntɛm (dehydration).,The main symptoms of cholera are severe watery diarrhea (like rice-water) and frequent vomiting. This can cause rapid dehydration.,WHO Ghana
"Sɛ cholera aka obi a, ne ho da adi sɛn?",symptoms_query,Cholera yareɛ no ho nsenkyerɛne titiriw ne ayamtuo kɛseɛ a ɛte sɛ nsuo (a ɛte sɛ nsubɛn) ne ɛfeɛ a ɛnto mpa. Eyi betumi ama wo ho nsuo asa ntɛm (dehydration).,The main symptoms of cholera are severe watery diarrhea (like rice-water) and frequent vomiting. This can cause rapid dehydration.,WHO Ghana
Cholera nsenkyerɛne wɔ obi ho da adi sɛn?,symptoms_query,Cholera yareɛ no ho nsenkyerɛne titiriw ne ayamtuo kɛseɛ a ɛte sɛ nsuo (a ɛte sɛ nsubɛn) ne ɛfeɛ a ɛnto mpa. Eyi betumi ama wo ho nsuo asa ntɛm (dehydration).,The main symptoms of cholera are severe watery diarrhea (like rice-water) and frequent vomiting. This can cause rapid dehydration.,WHO Ghana
Me ho yɛ sɛn sɛ cholera aka me?,symptoms_query,Cholera yareɛ no ho nsenkyerɛne titiriw ne ayamtuo kɛseɛ a ɛte sɛ nsuo (a ɛte sɛ nsubɛn) ne ɛfeɛ a ɛnto mpa. Eyi betumi ama wo ho nsuo asa ntɛm (dehydration).,The main symptoms of cholera are severe watery diarrhea (like rice-water) and frequent vomiting. This can cause rapid dehydration.,WHO Ghana
"Sɛ obi ho nsuo asa koraa firi cholera, ɛyɛ emergency?",emergency_query,Ma no ORS nsuo na kɔ ayaresabea a ɛbɛn wo ntɛm ara! Eyi yɛ emergency paa!,Give him ORS and run to the nearest hospital immediately! This is a major emergency!,WHO Ghana
"Ayamtuo ne afeɛ pii mu yɛ den paa, kɔ clinic ntɛm",emergency_query,Ma no ORS nsuo na kɔ ayaresabea a ɛbɛn wo ntɛm ara! Eyi yɛ emergency paa!,Give him ORS and run to the nearest hospital immediately! This is a major emergency!,WHO Ghana
"Sɛ obi anya cholera mu den na ɔnte asɛm yie, kɔ ayaresabea",emergency_query,Ma no ORS nsuo na kɔ ayaresabea a ɛbɛn wo ntɛm ara! Eyi yɛ emergency paa!,Give him ORS and run to the nearest hospital immediately! This is a major emergency!,WHO Ghana
"Cholera mu yɛ den paa na obi atew ase, ɛyɛ emergency",emergency_query,Ma no ORS nsuo na kɔ ayaresabea a ɛbɛn wo ntɛm ara! Eyi yɛ emergency paa!,Give him ORS and run to the nearest hospital immediately! This is a major emergency!,WHO Ghana
"Sɛ obi rente asɛm yie firi cholera nti, fa no kɔ clinic ntɛm",emergency_query,Ma no ORS nsuo na kɔ ayaresabea a ɛbɛn wo ntɛm ara! Eyi yɛ emergency paa!,Give him ORS and run to the nearest hospital immediately! This is a major emergency!,WHO Ghana
Cholera yɛ dɛn?,general_info_query,Cholera yɛ yareɛ a ɛba nam mmoawa a wɔfrɛ no Vibrio cholerae so. Ɛtare ntɛm nam nsuo anaa aduane a efi wɔ mu so na ɛma obi ayamtuo ne afeɛ kɛseɛ.,Cholera is a disease caused by bacteria called Vibrio cholerae. It spreads quickly through contaminated water or food and causes severe diarrhea and vomiting.,WHO Ghana
Yareɛ bɛn ne cholera?,general_info_query,Cholera yɛ yareɛ a ɛba nam mmoawa a wɔfrɛ no Vibrio cholerae so. Ɛtare ntɛm nam nsuo anaa aduane a efi wɔ mu so na ɛma obi ayamtuo ne afeɛ kɛseɛ.,Cholera is a disease caused by bacteria called Vibrio cholerae. It spreads quickly through contaminated water or food and causes severe diarrhea and vomiting.,WHO Ghana
Kyerɛkyerɛ me cholera ho asɛm,general_info_query,Cholera yɛ yareɛ a ɛba nam mmoawa a wɔfrɛ no Vibrio cholerae so. Ɛtare ntɛm nam nsuo anaa aduane a efi wɔ mu so na ɛma obi ayamtuo ne afeɛ kɛseɛ.,Cholera is a disease caused by bacteria called Vibrio cholerae. It spreads quickly through contaminated water or food and causes severe diarrhea and vomiting.,WHO Ghana
Cholera yɛ ɔyare a ɛyɛ hu?,general_info_query,"Aane, cholera yɛ ɔyare a ɛyɛ hu, nanso yɛtumi sa no ntɛm sɛ yɛnya ORS anaa nsuo wɔ ntin (IV fluids) ntɛm.","Yes, cholera is a dangerous disease, but it can be treated quickly with ORS or IV fluids if caught early.",Ghana Health Service
Ɛfiri he na cholera yareɛ nya ne din?,general_info_query,Cholera yɛ mmoawa yareɛ a ɛwɔ tebea horow mu wɔ wiase mu na ɛtaa ba mmeaɛ a nsuo pa nni hɔ anaa efi bebree wɔ hɔ.,Cholera is a bacterial disease found in various parts of the world and it commonly occurs where clean water is scarce or sanitation is poor.,CDC
Hena na cholera tumi ka no kɛse?,risk_factors_query,"Mmɔfra nkumaa, mmerewa, ne wɔn a wɔn ho nsuo dodoɔ nyɛ pa (wɔn a wɔyare kwa) na cholera tumi ka wɔn kɛseɛ paa.","Young children, elderly people, and those with weakened immune systems or poor nutrition are most at risk of severe cholera.",WHO Ghana
Hefa na cholera taa ba kɛse?,risk_factors_query,"Mmɔfra nkumaa, mmerewa, ne wɔn a wɔn ho nsuo dodoɔ nyɛ pa (wɔn a wɔyare kwa) na cholera tumi ka wɔn kɛseɛ paa.","Young children, elderly people, and those with weakened immune systems or poor nutrition are most at risk of severe cholera.",WHO Ghana
Mmeaɛ bɛn na cholera taa ba paa?,risk_factors_query,"Mmeaɛ a nsuo pa nni hɔ, anaa a wɔntoto efi yiye, ne mmeaɛ a nnipa pii tena bɔ mu (refugee camps anaa mmeaɛ a asɛm bi asi) na cholera taa ba paa.","Areas without clean water access, poor sanitation, or overcrowded settings such as camps or disaster zones are where cholera most commonly occurs.",Ghana Ministry of Health
Bere bɛn na cholera taa yɛ den kɛse?,risk_factors_query,Osutɔ berɛ mu a nsuo a efi frafra nsuo pa mu no na cholera taa yɛ den kɛse paa wɔ Ghana.,"The rainy season, when contaminated water often mixes with clean water sources, is when cholera outbreaks tend to worsen in Ghana.",Ghana Health Service
"Sɛ wɔanya cholera na wɔansa no ntɛm a, dɛn na ebetumi asi?",complications_query,"Sɛ wɔansa cholera ntɛm a, nipadua no betumi ahwere nsuo dodoɔ ama nsuo a ɛwɔ mogya mu atew, na eyi betumi ama akoma anyɛ adwuma yiye, na sɛ ɛsen ntɛm koraa a, ɛbɛtumi de owuo aba.","If cholera is not treated quickly, the body can lose so much fluid that blood volume drops, straining the heart, and in extreme cases it can lead to death.",WHO Ghana
Cholera betumi akum obi anaa?,complications_query,"Aane, sɛ wɔansa cholera ntɛm na nsuo a ayera no ɔntɛm nsan mma a, ebetumi akum obi. Nanso sɛ yɛde ORS anaa IV fluids sa no ntɛm a, ɛtaa nkum obiara.","Yes, cholera can be fatal if the fluid loss is not quickly reversed, but with prompt ORS or IV fluid treatment, it rarely kills.",CDC
Dɛn na ɛbɛtumi asi sɛ obi anya cholera na wannya ayaresa ntɛm?,complications_query,"Sɛ wɔansa cholera ntɛm a, nipadua no betumi ahwere nsuo dodoɔ ama nsuo a ɛwɔ mogya mu atew, na eyi betumi ama akoma anyɛ adwuma yiye, na sɛ ɛsen ntɛm koraa a, ɛbɛtumi de owuo aba.","If cholera is not treated quickly, the body can lose so much fluid that blood volume drops, straining the heart, and in extreme cases it can lead to death.",WHO Ghana
Aduru bi wɔ hɔ a ɛsiw cholera kwan?,vaccination_query,"Aane, cholera vaccine wɔ hɔ a wɔde ma nnipa a wɔte mmeaɛ a cholera taa ba anaa sɛ ɛreyɛ aba. Kɔ ayaresabea anaa clinic bi mu bisa ho asɛm.","Yes, there are oral cholera vaccines given to people in high-risk areas or during outbreaks. Visit a hospital or clinic for more information.",WHO Ghana
Cholera vaccine wɔ hɔ anaa?,vaccination_query,"Aane, cholera vaccine wɔ hɔ a wɔde ma nnipa a wɔte mmeaɛ a cholera taa ba anaa sɛ ɛreyɛ aba. Kɔ ayaresabea anaa clinic bi mu bisa ho asɛm.","Yes, there are oral cholera vaccines given to people in high-risk areas or during outbreaks. Visit a hospital or clinic for more information.",WHO Ghana
Ɛsɛ sɛ menya cholera vaccine anaa?,vaccination_query,"Sɛ wote mmeaɛ a cholera taa ba anaa sɛ asɛm bi asi wɔ wo mpɔtam hɔ a, eye sɛ wubisa ayaresabea anaa Ghana Health Service adwumayɛfoɔ ho asɛm fa cholera vaccine ho.","If you live in a cholera-prone area or there has been a recent outbreak nearby, it's a good idea to ask your local health service about the cholera vaccine.",Ghana Health Service
Cholera vaccine bɛtumi asiw yareɛ no kwan koraa anaa?,vaccination_query,"Cholera vaccine mma ɔbɔ ho ban a ɛyɛ den, nanso ɛnsi kwan koraa. Ɛsɛ sɛ wodi nsuo pa nom ne hohoro nsa mmara so daa.",The cholera vaccine provides strong protection but doesn't guarantee complete prevention. You should still follow safe water and hand hygiene practices.,CDC
"Sɛ obi nya cholera na wagye ayaresa a, sɛn na ɔbɛyɛ akwakwa?",recovery_query,"Sɛ wɔsa cholera ntɛm nam ORS anaa IV fluids so a, nnipa dodoɔ no ara yɛ akwakwa nna kakraa bi mu. Ɛsɛ sɛ wɔda hɔ, di aduane a ɛyɛ mmerɛw, na wɔkɔ ayaresabea bio sɛ wɔka wɔn sɛ wɔnkɔ.","With prompt ORS or IV fluid treatment, most people recover fully within a few days. Rest, eat light foods, and attend any follow-up appointments advised by health workers.",WHO Ghana
Nna dodoɔ sɛn na cholera yareɛ no gye kosi sɛ obi ho bɛtɔ no?,recovery_query,"Sɛ wɔsa cholera ntɛm nam ORS anaa IV fluids so a, nnipa dodoɔ no ara yɛ akwakwa nna kakraa bi mu. Ɛsɛ sɛ wɔda hɔ, di aduane a ɛyɛ mmerɛw, na wɔkɔ ayaresabea bio sɛ wɔka wɔn sɛ wɔnkɔ.","With prompt ORS or IV fluid treatment, most people recover fully within a few days. Rest, eat light foods, and attend any follow-up appointments advised by health workers.",WHO Ghana
Aduane bɛn na eye ma obi a ɔfiri cholera mu reyɛ akwakwa?,recovery_query,"Di aduane a ɛyɛ mmerɛw te sɛ ɛmo, apotoyewa, ne nsuo pii de boa nipadua no ma ɔnsan nnya n'ahoɔden. Twe wo ho firi aduane a ɛyɛ den anaa nea ɛyɛ srade dodoɔ ho kakra.","Eat light foods like rice porridge, bananas, and drink plenty of fluids to help the body regain strength. Avoid heavy or very fatty foods for a while.",Ghana Ministry of Health
"Sɛ obi asa cholera yare a, ɔbɛtumi anya bio anaa?",recovery_query,"Aane, wubetumi anya cholera bio sɛ woka nsuo anaa aduane a efi wɔ mu bio. Nea ɛho hia ne sɛ wobɛkɔ so de mmara a ɛbɔ ho ban no adi dwuma daa.","Yes, you can get cholera again if you're exposed to contaminated water or food again. It's important to continue practicing prevention measures at all times.",CDC
Nokware ni sɛ cholera firi ɔbonsam anaa abosom nkyɛn?,myth_correction_query,"Dabi, cholera mfiri ɔbonsam anaa abosom nkyɛn. Ɛyɛ mmoawa yareɛ (Vibrio cholerae) a ɛtena nsuo anaa aduane a efi wɔ mu. Ayaresa pa ne nsuo pa nom na ɛboa.","No, cholera does not come from spirits or curses. It is caused by bacteria (Vibrio cholerae) found in contaminated water or food. Proper treatment and clean water are what help.",WHO Ghana
Sɛ wɔdware wɔ suka mu a wobetumi anya cholera anaa?,myth_correction_query,"Cholera mfiri sukɔm anaa suka mu tenaberɛ; ɛfiri nsuo anaa aduane a efi (nipa bin) wɔ mu. Sɛ nsuo a wode dware no yɛ dɔteɛ na wonom bi nso a, saa na ɛde yareɛ no bɛtumi aba.",Cholera doesn't come from cold weather or bathing; it comes from water or food contaminated with human feces. Only if that dirty water is also swallowed could it cause infection.,Ghana Ministry of Health
Wobetumi anya cholera firi obi a ɔwɔ cholera ho a wode ne nsa aka no?,myth_correction_query,"Dabi, wontumi nnya cholera denam ho ka kwan so nkutoo. Ɛsɛ sɛ wonom nsuo anaa wudi aduane a efi wɔ mu ansa na woanya yareɛ no.","No, you cannot get cholera simply by touching an infected person. You must ingest contaminated water or food to become infected.",CDC
Aduane a wɔatoto no yie de cholera ba anaa?,myth_correction_query,"Dabi, aduane a wɔatoto no yie (well-cooked food) mfa cholera mmoawa mma, gye sɛ efi bio ka mu wɔ toto no akyi anaa mfifiseɛ ka mu. Toto aduane yie kum cholera mmoawa no.","No, properly cooked food does not carry cholera bacteria, unless it becomes contaminated again after cooking, such as by flies. Thorough cooking kills the cholera bacteria.",WHO Ghana
"Sɛ obi kɔ toilet a ɛnyɛ pa mu a, ɔbɛtumi anya cholera anaa?",risk_factors_query,"Aane, toilet a ɛnyɛ pa anaa a nnipa nkɔ so wɔ mmeaɛ pɔtee mu (open defecation) ma cholera mmoawa kɔka nsuo anaa asaase mu, na eyi tumi de yareɛ no ba.","Yes, using unsanitary toilets or open defecation allows cholera bacteria to contaminate water and soil, which can spread the disease.",Ghana Health Service
twi_query,intent,twi_response,english_translation,source
Sɛn na yɛde chlorine siesie nsuo ma ɛyɛ pa?,water_treatment_methods_query,"Fa chlorine tablet (te sɛ Aquatabs) gu nsuo lita mu sɛnea wɔakyerɛ wɔ package no so, na twɛn simma aduasa (30 minutes) ansa na woanom.","Add a chlorine tablet (such as Aquatabs) to your water per the package instructions, and wait 30 minutes before drinking.",WHO Ghana
Aquatabs yɛ dɛn na yɛde di dwuma?,water_treatment_methods_query,"Aquatabs yɛ nsuo siesie aduro a ekum mmoawa a ɛwɔ nsuo mu, ɛno nti wonom nsuo pa a ɛrenkeka wo cholera.","Aquatabs is a water purification tablet that kills germs in water, helping you drink safe water that won't give you cholera.",Ghana Health Service
Nsuo a wɔanua no yɛ pa ara sɛ chlorine nsuo?,water_treatment_methods_query,"Aane, sɛ wonua nsuo no yiye (kosi sɛ ɛbɛpo saa dodow simma baako) a, ɛyɛ pa sɛ chlorine nsuo. Fa emu biara a wowɔ ho no na di dwuma.","Yes, if water is boiled thoroughly (rolling boil for about one minute), it is just as effective as chlorinated water. Use whichever method is available to you.",CDC
Filter bi wɔ hɔ a ɛtumi siesie nsuo mfiri cholera mmoawa mu?,water_treatment_methods_query,"Aane, nsuo filter a ɛyɛ fine (ceramic anaa membrane filters) tumi yi cholera mmoawa firi nsuo mu. Nanso sɛ wode bɛka chlorine anaa wonua bio a, ɛyɛ papa kyɛn.","Yes, fine water filters such as ceramic or membrane filters can remove cholera bacteria. Combining filtration with boiling or chlorination is even safer.",WHO Ghana
Sɛn ntam na ɛsɛ sɛ yɛsesa nsuo a yɛakora no fie?,water_treatment_methods_query,"Kora nsuo a woasiesie no wɔ ade a ɛwɔ mmuaso (covered container) mu, na sesa mu foforo bere biara sɛ ɛbɛboro nnanu anaa nnansa, sɛnea ɛrenka efi bio.",Store treated water in a covered container and replace it every two to three days to prevent recontamination.,Ghana Ministry of Health
Sɛn na mɛhwɛ sɛ aduane a mɛtɔ wɔ gua so yɛ pa?,food_safety_market_query,"Hwɛ sɛ aduane no wɔ mmuaso ase, mfifiseɛ nka mu, na wɔadi dwuma sɛ obiara nsa yɛ hyew paa anaa wɔhyɛ hann a ɛyɛ pa mu.","Check that food is covered, free of flies, and kept either piping hot or properly refrigerated at the market.",WHO Ghana
Nsu a wɔde yɛ juice wɔ abɔntene yɛ pa anaa?,food_safety_market_query,"Ɛyɛ hu paa sɛ wobɛnom nsu a wɔyɛ juice de a wonnim faako a nsuo no firi, efisɛ ebia efi wɔ mu. Bisa sɛ wɔde nsuo pa (boiled anaa bottled) na wɔyɛe.",Drinking street-vended juice made with unknown water sources is risky since it may be contaminated. Ask whether safe (boiled or bottled) water was used.,CDC
Nam ne mfrafra aduane a wɔtɔn wɔ abɔntene ho yɛ hu anaa?,food_safety_market_query,"Nam a wɔanoa no yiye na wɔadi dwuma sɛ ɛyɛ hyew mfiri wɔ mmuaso ase no nyɛ hu kɛse, nanso nam a atra hɔ akyɛ a wɔanhyɛ hann mu no de cholera betumi aba.","Well-cooked meat kept hot and covered is generally lower risk, but meat that has sat out too long unrefrigerated can harbor cholera bacteria.",Ghana Ministry of Health
Ɛsɛ sɛ mehohoro nnuane a mɛtɔ firi gua so ansa na mede noa?,food_safety_market_query,"Aane, hohoro nnuane (atosode, nhabam) wɔ nsuo pa mu ansa na woayɛ anaa woanoa, efisɛ mfifiseɛ ne dɔteɛ betumi de cholera mmoawa aba.","Yes, wash produce (fruits, vegetables) in clean water before preparing or eating, as flies and dirt can carry cholera bacteria.",WHO Ghana
Sɛn na sukuu betumi asiw cholera kwan wɔ sukuufoɔ mu?,school_query,"Sukuu no bɛtumi ama nsuo pa awie fam, akyerɛ sukuufoɔ nsa hohoro ho, na wahwɛ toilet mu sɛ ɛyɛ pa daa.","Schools can prevent cholera by ensuring access to clean water, teaching handwashing to students, and keeping toilets clean at all times.",Ghana Health Service
"Sɛ akwadaa bi wɔ sukuu na ne ho ayɛ mmerɛ te sɛ cholera nsenkyerɛne a, dɛn na ɛsɛ sɛ sukuu no yɛ?",school_query,"Sukuu no ntɛm nyi akwadaa no mfiri afoforo ho, mfrɛ n'awofoɔ, na wɔmma no kɔ ayaresabea ntɛm sɛ nsɛnkyerɛnee no yɛ den.","The school should quickly isolate the child from others, contact the parents, and get the child to a health facility promptly if symptoms are severe.",WHO Ghana
Ɛsɛ sɛ sukuufoɔ hohoro wɔn nsa mmerɛn dodoɔ sɛn wɔ sukuu?,school_query,"Ɛsɛ sɛ sukuufoɔ hohoro wɔn nsa ansa na wodidi, akyi sɛ wɔakɔ toilet, na sɛ wɔde wɔn nsa aka biribiara a ɛho ntew.","Students should wash their hands before eating, after using the toilet, and after touching anything unclean.",Ghana Ministry of Health
"Sɛ obi wu firi cholera mu a, sɛn na yɛsiee no dwira ho ban?",burial_safety_query,"Ma wɔn a wɔasiesie wɔn ho yiye (protective gear) na wɔsiesie amu no, na wonsi no ntɛm; twe wo ho firi sɛ wode nsa bɛka amu no anaa woahwie nsuo agu ho.","Only trained personnel wearing protective gear should prepare the body, and burial should happen promptly; avoid touching the body or washing it with water directly.",WHO Ghana
Ɛyɛ dɛn na yɛsiesie amufoɔ a wɔawu firi cholera mu na ɛrenkeka afoforo?,burial_safety_query,"Wɔde chlorine solution siesie amu no ho, wɔde nkuruwa a ɛnyɛ hu bɔ ho ban, na wɔsie no ntɛm, na wɔmma daadaa ho nkɔ ntam a wɔansiesie no yiye.","The body is disinfected with a chlorine solution, handled using appropriate protective materials, and buried promptly, without a delay that could expose others.",CDC
Ɛsɛ sɛ abusuafoɔ hyɛ da tenten sɛ wɔresie obi a ɔwu firi cholera mu anaa?,burial_safety_query,"Dabi, ɛnsɛ sɛ wɔtwɛn nna pii. Sie a wɔyɛ no ntɛm na wɔdi mmara a ayaresabea akyerɛ wɔn so no boa ma cholera antare bio.","No, burials should not be delayed. A prompt, properly supervised burial following health worker guidance helps prevent further spread of cholera.",Ghana Health Service
"Sɛ mehunu sɛ nnipa pii wɔ me mpɔtam ho anya ayamtuo kɛseɛ a, hena na ɛsɛ sɛ meka kyerɛ?",reporting_query,"Frɛ Ghana Health Service anaa kɔ ayaresabea a ɛbɛn wo ntɛm ka asɛm no kyerɛ wɔn, sɛnea wɔbɛtumi ahwɛ asɛm no na wasiw ka a ɛrekɔ so no kwan.","Contact the Ghana Health Service or visit the nearest health facility to report the situation immediately, so they can investigate and prevent further spread.",Ghana Ministry of Health
Ɛho hia sɛ yɛbɔ cholera amanneɛ (report) sɛ yɛhunu no anaa?,reporting_query,"Aane, ɛho hia paa. Sɛ wobɔ amanneɛ ntɛm a, ɛboa ma ayaresa adwumayɛfoɔ tumi si asɛm no ano ntɛm ansa na ɛtrɛw kɔ nnipa pii so.","Yes, it's very important. Early reporting helps health workers respond quickly and contain an outbreak before it spreads to more people.",WHO Ghana
Nomba bɛn na metumi de afrɛ sɛ merehia cholera ho mmoa wɔ Ghana?,reporting_query,"Frɛ Ghana Health Service Emergency Line anaa kɔ ayaresabea a ɛbɛn wo, wɔbɛtumi aboa wo ntɛm.","Call the Ghana Health Service Emergency Line or visit your nearest health facility, and they will be able to assist you promptly.",Ghana Health Service
Sɛn na mɛhu sɛ ORS no reyɛ adwuma ma yarefoɔ no?,rehydration_monitoring_query,"Sɛ yarefoɔ no nsu (urine) fi kɔ so bio, ne kɔmenka gyae, na n'ahoɔden san ba no a, ɛkyerɛ sɛ ORS no reyɛ adwuma yiye.","Signs that ORS is working include the patient urinating regularly again, reduced thirst, and returning strength.",WHO Ghana
"Sɛ yarefoɔ no da so ara refe ORS no nyinaa a, dɛn na ɛsɛ sɛ meyɛ?",rehydration_monitoring_query,"Sɛ ɔda so refe biara a wonom ma no a, fa no kɔ ayaresabea ntɛm sɛnea wɔde nsuo bɛma no wɔ ne ntin (IV fluids) mu.","If the patient continues vomiting everything they drink, take them to the hospital immediately so they can receive fluids through an IV.",CDC
Sɛn na mɛhwɛ akwadaa nkumaa sɛ wafa nsuo dodoɔ sɛ ɛsɛ anaa?,rehydration_monitoring_query,"Hwɛ akwadaa no ano mu sɛ ɛyɛ fɔkyee anaa, n'ani so a atwa mu, ne sɛ ɔsu a nusu mpue no; eyinom kyerɛ sɛ ɔho nsuo asa a ɛsɛ sɛ wɔde no kɔ ayaresabea ntɛm.","Check the child for a dry mouth, sunken eyes, or crying without tears — these are signs of dehydration requiring urgent medical care.",Ghana Ministry of Health
"Sɛ ɛna bi wɔ cholera a, ɛsɛ sɛ ɔgyae ne ba nufoɔ nom anaa?",breastfeeding_infant_query,"Dabi, ɛnsɛ sɛ ɔgyae. Ɛsɛ sɛ ɔkɔ so ma ne ba nufoɔ nom, efisɛ nufoɔ boa akwadaa no ma ɔnnya nsuo ne mmoawa a ɛko tia yare. Hwɛ sɛ ɔhohoro ne nsa ansa na ɔde ba no bɛtua nufoɔ.","No, breastfeeding should continue. Breast milk helps protect the infant with hydration and antibodies. The mother should wash her hands before nursing.",WHO Ghana
"Akwadaa nkumaa a wanya cholera no, dɛn na wɔmfa mma no?",breastfeeding_infant_query,"Ma akwadaa no ORS ketewaa bere ne bere, kɔ so ma no nufoɔ nom, na fa no kɔ ayaresabea ntɛm sɛnea wɔbɛhwɛ no yiye, efisɛ akwadaa nkumaa ho nsuo tumi sa ntɛm paa.","Give the infant small, frequent amounts of ORS, continue breastfeeding, and take them to a health facility quickly, as infants dehydrate very rapidly.",CDC
Sɛn na mpɔtam baako nnipa nyinaa betumi abom asiw cholera kwan?,community_prevention_query,"Mpɔtam foɔ betumi abom asiesie nsuo a wɔde ma obiara nom, ayɛ toilet a ɛyɛ pa, na wɔatu mpaebɔ afa efi a wɔntow gu baabiara ho.","A community can work together to set up shared clean water points, maintain proper sanitation facilities, and organize clean-up efforts against improper waste disposal.",Ghana Health Service
"Sɛ cholera aba mpɔtam bi mu a, sɛn na wɔn a wɔda hɔ betumi aboa?",community_prevention_query,"Wɔbetumi akyerɛkyerɛ afoforo fa nsa hohoro ho, aboa ma nsuo pa atrɛw, na wɔabɔ nnipa a wɔyare no din ama ayaresafoɔ atumi aba ntɛm.","They can educate others on handwashing, help distribute safe water, and quickly alert health workers about anyone showing symptoms.",Ghana Ministry of Health
Community health volunteers di dwuma bɛn wɔ cholera ano siw mu?,community_prevention_query,"Wɔkyerɛkyerɛ mpɔtam hɔfoɔ fa cholera ho amanneɛ, wɔhwehwɛ nnipa a wɔyare, na wɔboa ma nkrataa ne nsɛm trɛw wɔ mpɔtam hɔ ntɛm.","Community health volunteers educate residents about cholera, identify symptomatic individuals, and help spread accurate information quickly within the community.",WHO Ghana
Wo yɛ dɛn na woahu sɛ nsuo a woanua no yɛ pa ma nom?,water_treatment_methods_query,"Nua nsuo no kosi sɛ ɛbɛpo (rolling boil) simma baako pɛ, na ma ɛnwo ansa na woakora anaa woanom.","Boil the water to a rolling boil for about one minute, then let it cool before storing or drinking.",WHO Ghana
"Sɛ minni chlorine tablets a, dɛn foforo na metumi de asiesie me nsuo?",water_treatment_methods_query,"Sɛ wonni chlorine tablets a, nua nsuo no yɛ ɔkwan foforo a ɛyɛ adwuma, anaa fa nsuo filter a wowɔ di dwuma.","If you don't have chlorine tablets, boiling the water is another effective option, or use a water filter if you have one.",CDC
Bottled water yɛ pa ara ma yɛnom wɔ cholera berɛ mu?,water_treatment_methods_query,"Aane, bottled water a ɛyɛ pa (a wɔasɔ ano yiye) yɛ ɔkwan pa foforo, sɛ wubetumi de sika atɔ, sɛ boiled water anaa treated water.","Yes, properly sealed bottled water is a good safe alternative if affordable, equivalent to boiled or treated water.",Ghana Health Service
Sɛn na yɛnhu sɛ nsuo bi ho ntew mfa mu?,water_treatment_methods_query,"Sɛ nsuo no yɛ ntɔnn, ɛwɔ hua, anaa ɛfiri asuo a nnipa ne mmoa nom bi mu a, ɛtumi kyerɛ sɛ ɛho ntew; ntɔ so ntɛm gye sɛ woasiesie ansa.","If water looks cloudy, has an odor, or comes from a source shared with animals, it may be unsafe; don't trust it until it has been treated.",Ghana Ministry of Health
Dɛn nnuane na eye sɛ yɛnnni wɔ cholera berɛ mu?,food_safety_market_query,"Twe wo ho firi nnuane a wɔanoa no yiye, nsuo a wontumi nkyerɛ faako a efiri, ne aduane a atra abɔntene akyɛ a wɔnkata so ho.","Avoid undercooked food, water of unknown origin, and food left uncovered in the open for a long time.",WHO Ghana
"Sɛ mepɛ sɛ midi salad a wɔayɛ no abɔntene a, ɛho yɛ hu anaa?",food_safety_market_query,"Aane, salad a wɔamfa nsuo pa anhohoro nnuane a ɛwɔ mu no yɛ hu, efisɛ ebia wɔde nsuo a efi wɔ mu na ɛhohoro no.","Yes, salads prepared with produce not washed in clean water carry risk, since contaminated water may have been used to rinse the ingredients.",CDC
"Sɛ sukuu bi nni toilet pa a, dɛn na ɛbɛtumi asi?",school_query,"Sukuu a wɔn toilet nyɛ pa no ma sukuufoɔ tumi de wɔn ho bɔ afoforo mu cholera, efisɛ efi tumi trɛw ntɛm wɔ mmeaɛ a nnipa pii wɔ hɔ.","Schools with poor toilet facilities put students at risk of spreading cholera to one another, since contamination can spread fast in crowded settings.",Ghana Health Service
Sukuu akyerɛkyerɛfoɔ betumi akyerɛ mmɔfra dɛn fa cholera ho?,school_query,"Wobetumi akyerɛ mmɔfra sɛ wɔnhohoro wɔn nsa, wɔnnom nsuo pa nko ara, na sɛ wɔn ho ayɛ wɔn mmerɛ a wɔnka nkyerɛ ntɛm.","Teachers can teach children to wash their hands, drink only safe water, and report immediately if they feel unwell.",Ghana Ministry of Health
"Sɛ mesusuw sɛ me yɔnko wɔ cholera nanso ɔmpɛ sɛ ɔkɔ ayaresabea a, dɛn na menyɛ?",reporting_query,"Kasa kyerɛ no fa ho hia sɛ ɔnkɔ ntɛm, na sɛ ɔfiri kɔ a, frɛ mpɔtam ayaresabea anaa Ghana Health Service ma wɔmma mmoa.","Encourage them about the urgency of going quickly, and if they refuse, contact the local health facility or Ghana Health Service for assistance.",WHO Ghana
Community health worker betumi aboa sɛn wɔ cholera amanneɛ bɔ mu?,reporting_query,"Wobetumi de nsɛm a wɔahunu no kɔma ayaresabea ntɛm, na wɔaboa ma wɔasiw asɛm no ano ansa na atrɛw kɔ mmeaɛ foforo.",They can quickly relay findings to health facilities and help contain the situation before it spreads to other areas.,Ghana Health Service
Sɛn na mɛhu akwadaa kɛse anaa aberanteɛ ho nsuo asa dodow?,rehydration_monitoring_query,"Hwɛ sɛ n'ani atwa mu, ne ho awo yɛ den, na ɔte mmerɛw kɛse; sɛ eyinom da adi a, fa no kɔ ayaresabea ntɛm.","Watch for sunken eyes, extreme dry skin, and severe weakness; if these appear, seek medical care immediately.",CDC
Nna dodow sɛn na ɛsɛ sɛ obi kɔ so nom ORS?,rehydration_monitoring_query,"Kɔ so ma ORS kosi sɛ ayamtuo ne afeɛ no gyae koraa, na nsuo a wafa mu san aba n'ani so.",Continue giving ORS until diarrhea and vomiting have completely stopped and normal hydration has returned.,WHO Ghana
Cholera ayaresa bo yɛ den wɔ Ghana ayaresabea mu?,cost_treatment_query,"Ayaresabea government mu no, cholera ayaresa taa yɛ kwa anaa ɛbo nyɛ den, titiriw wɔ berɛ a asɛm bi asi (outbreak) mu, efisɛ ɛyɛ public health emergency.","At government health facilities, cholera treatment is usually free or low-cost, especially during declared outbreaks, since it's treated as a public health emergency.",Ghana Health Service
NHIS bɛtua cholera ayaresa ho ka anaa?,cost_treatment_query,"NHIS tumi kata cholera ayaresa ho ka wɔ ayaresabea pii mu, nanso eye sɛ wode wo NHIS card kɔ ayaresabea no bisa wɔn pɛpɛɛpɛ.","NHIS may cover cholera treatment costs at many facilities, but it's best to bring your NHIS card and confirm coverage directly with the facility.",Ghana Ministry of Health
"Sɛ minni sika a, wɔbɛgye me wɔ ayaresabea sɛ mewɔ cholera anaa?",cost_treatment_query,"Ayaresabea government mu no, wɔntaa mpa obi a ɔyare cholera kwan sɛ onni sika, efisɛ ɛyɛ emergency yare a ɛho hia sɛ wɔsa ntɛm.","Government hospitals typically won't turn away a cholera patient for lack of money, since it's treated as an urgent emergency requiring immediate care.",Ghana Health Service
Cholera ne ayamtuo a ɛyɛ adi no gyina soronko dɛn?,differentiation_query,"Cholera ayamtuo no yɛ nsuo tea (te sɛ nsubɛn), ɛba ntɛm paa, na nsuo a wafa mu sa ntɛm kɛse sen ayamtuo a ɛyɛ adi.","Cholera diarrhea is watery and pale (like rice-water), comes on suddenly, and causes much more rapid dehydration than ordinary diarrhea.",WHO Ghana
Sɛn na yɛbɛtumi ahu sɛ ayamtuo bi yɛ cholera anaa ɛnyɛ?,differentiation_query,"Sɛ ayamtuo no yɛ nsuo tea kɛse, ɛnyɛ mogyaɛ, na ɛba paa nteɛteɛ mu a nsuo sa ntɛm ara a, ebia ɛyɛ cholera; nanso ayaresabea nko ara na wobetumi de test ahu ampa.","If diarrhea is severely watery, not bloody, and dehydration develops very fast, it may be cholera; but only a health facility can confirm with a test.",CDC
"Mede akwantu bɛkɔ mmeaɛ a cholera reba, dɛn na ɛsɛ sɛ meyɛ ansa?",travel_query,"Ansa na wokɔ, sua faako a cholera reba no ho asɛm, fa chlorine tablets anaa aduro a ɛboa, na hyɛ wo ho da sɛ wobɛnom nsuo pa nko ara wɔ hɔ.","Before traveling, learn about the current outbreak situation, carry chlorine tablets or similar supplies, and commit to drinking only safe water while there.",WHO Ghana
"Sɛ merekɔ akwantu na cholera reba faako a merekɔ, ɛsɛ sɛ mesiane akwantu no anaa?",travel_query,"Sɛ ɛho hia paa sɛ wokɔ a, hwɛ yiye fa nsuo ne aduane a wobɛdi ho, na di mmara a wɔde bɛma wo so; sɛ ɛnho nhia koraa a, twɛn kosi sɛ asɛm no bɛtɔ so.","If travel is essential, take great care with your water and food choices and follow any guidance given; if not essential, consider waiting until the situation improves.",Ghana Ministry of Health
"Ɔyafunufoɔ a ɔwɔ cholera, dɛn na ɛsɛ sɛ wɔyɛ ma no?",pregnancy_query,"Fa ɔyafunufoɔ no kɔ ayaresabea ntɛm sɛ ɔwɔ cholera nsɛnkyerɛnee, efisɛ ne ho nsuo a ɛsa no tumi ka ɔne abɔfra a ɔda ne yam mu no nyinaa; ORS ne ayaresa ntɛm boa.","A pregnant woman showing cholera symptoms should be taken to a health facility immediately, since dehydration can affect both her and the unborn baby; prompt ORS and medical care are important.",WHO Ghana
Mmerewa a wɔanya cholera ho hia hwɛ soronko anaa?,elderly_care_query,"Aane, mmerewa ho nsuo sa ntɛm sen mmabun, enti wɔhia sɛ wɔhwɛ wɔn yiye na wɔde wɔn kɔ ayaresabea ntɛm sɛ nsɛnkyerɛnee da adi.","Yes, elderly people dehydrate faster than younger adults, so they need close monitoring and prompt medical attention when symptoms appear.",CDC
Sɛn na wɔyi efi (waste) a efi cholera yarefoɔ ho yiye?,waste_disposal_query,"Wɔde chlorine solution siesie efi no ho ansa na woayi, na wɔmfa nka nsuo a nnipa nom anaa wɔde noa aduane mu.","Waste from cholera patients should be disinfected with a chlorine solution before disposal, and kept far from water used for drinking or cooking.",Ghana Health Service
"Sɛ obi adwuma so na wanya cholera nsɛnkyerɛnee a, ɛsɛ sɛ ɔkɔ adwuma anaa?",workplace_query,"Dabi, ɛnsɛ sɛ ɔkɔ adwuma. Ɔnkɔ ayaresabea ntɛm na ɔntena fie kosi sɛ ne ho bɛtɔ no, sɛnea ɔrenka ne nnwumayɛfoɔ.","No, they should not go to work. They should seek medical care immediately and stay home until recovered, to avoid infecting coworkers.",Ghana Ministry of Health
twi_query,intent,twi_response,english_translation,source
Sɛn na yɛde chlorine siesie nsuo ma ɛyɛ pa?,water_treatment_methods_query,"Fa chlorine tablet (te sɛ Aquatabs) gu nsuo lita mu sɛnea wɔakyerɛ wɔ package no so, na twɛn simma aduasa (30 minutes) ansa na woanom.","Add a chlorine tablet (such as Aquatabs) to your water per the package instructions, and wait 30 minutes before drinking.",WHO Ghana
Aquatabs yɛ dɛn na yɛde di dwuma?,water_treatment_methods_query,"Aquatabs yɛ nsuo siesie aduro a ekum mmoawa a ɛwɔ nsuo mu, ɛno nti wonom nsuo pa a ɛrenkeka wo cholera.","Aquatabs is a water purification tablet that kills germs in water, helping you drink safe water that won't give you cholera.",Ghana Health Service
Nsuo a wɔanua no yɛ pa ara sɛ chlorine nsuo?,water_treatment_methods_query,"Aane, sɛ wonua nsuo no yiye (kosi sɛ ɛbɛpo saa dodow simma baako) a, ɛyɛ pa sɛ chlorine nsuo. Fa emu biara a wowɔ ho no na di dwuma.","Yes, if water is boiled thoroughly (rolling boil for about one minute), it is just as effective as chlorinated water. Use whichever method is available to you.",CDC
Filter bi wɔ hɔ a ɛtumi siesie nsuo mfiri cholera mmoawa mu?,water_treatment_methods_query,"Aane, nsuo filter a ɛyɛ fine (ceramic anaa membrane filters) tumi yi cholera mmoawa firi nsuo mu. Nanso sɛ wode bɛka chlorine anaa wonua bio a, ɛyɛ papa kyɛn.","Yes, fine water filters such as ceramic or membrane filters can remove cholera bacteria. Combining filtration with boiling or chlorination is even safer.",WHO Ghana
Sɛn ntam na ɛsɛ sɛ yɛsesa nsuo a yɛakora no fie?,water_treatment_methods_query,"Kora nsuo a woasiesie no wɔ ade a ɛwɔ mmuaso (covered container) mu, na sesa mu foforo bere biara sɛ ɛbɛboro nnanu anaa nnansa, sɛnea ɛrenka efi bio.",Store treated water in a covered container and replace it every two to three days to prevent recontamination.,Ghana Ministry of Health
Sɛn na mɛhwɛ sɛ aduane a mɛtɔ wɔ gua so yɛ pa?,food_safety_market_query,"Hwɛ sɛ aduane no wɔ mmuaso ase, mfifiseɛ nka mu, na wɔadi dwuma sɛ obiara nsa yɛ hyew paa anaa wɔhyɛ hann a ɛyɛ pa mu.","Check that food is covered, free of flies, and kept either piping hot or properly refrigerated at the market.",WHO Ghana
Nsu a wɔde yɛ juice wɔ abɔntene yɛ pa anaa?,food_safety_market_query,"Ɛyɛ hu paa sɛ wobɛnom nsu a wɔyɛ juice de a wonnim faako a nsuo no firi, efisɛ ebia efi wɔ mu. Bisa sɛ wɔde nsuo pa (boiled anaa bottled) na wɔyɛe.",Drinking street-vended juice made with unknown water sources is risky since it may be contaminated. Ask whether safe (boiled or bottled) water was used.,CDC
Nam ne mfrafra aduane a wɔtɔn wɔ abɔntene ho yɛ hu anaa?,food_safety_market_query,"Nam a wɔanoa no yiye na wɔadi dwuma sɛ ɛyɛ hyew mfiri wɔ mmuaso ase no nyɛ hu kɛse, nanso nam a atra hɔ akyɛ a wɔanhyɛ hann mu no de cholera betumi aba.","Well-cooked meat kept hot and covered is generally lower risk, but meat that has sat out too long unrefrigerated can harbor cholera bacteria.",Ghana Ministry of Health
Ɛsɛ sɛ mehohoro nnuane a mɛtɔ firi gua so ansa na mede noa?,food_safety_market_query,"Aane, hohoro nnuane (atosode, nhabam) wɔ nsuo pa mu ansa na woayɛ anaa woanoa, efisɛ mfifiseɛ ne dɔteɛ betumi de cholera mmoawa aba.","Yes, wash produce (fruits, vegetables) in clean water before preparing or eating, as flies and dirt can carry cholera bacteria.",WHO Ghana
Sɛn na sukuu betumi asiw cholera kwan wɔ sukuufoɔ mu?,school_query,"Sukuu no bɛtumi ama nsuo pa awie fam, akyerɛ sukuufoɔ nsa hohoro ho, na wahwɛ toilet mu sɛ ɛyɛ pa daa.","Schools can prevent cholera by ensuring access to clean water, teaching handwashing to students, and keeping toilets clean at all times.",Ghana Health Service
"Sɛ akwadaa bi wɔ sukuu na ne ho ayɛ mmerɛ te sɛ cholera nsenkyerɛne a, dɛn na ɛsɛ sɛ sukuu no yɛ?",school_query,"Sukuu no ntɛm nyi akwadaa no mfiri afoforo ho, mfrɛ n'awofoɔ, na wɔmma no kɔ ayaresabea ntɛm sɛ nsɛnkyerɛnee no yɛ den.","The school should quickly isolate the child from others, contact the parents, and get the child to a health facility promptly if symptoms are severe.",WHO Ghana
Ɛsɛ sɛ sukuufoɔ hohoro wɔn nsa mmerɛn dodoɔ sɛn wɔ sukuu?,school_query,"Ɛsɛ sɛ sukuufoɔ hohoro wɔn nsa ansa na wodidi, akyi sɛ wɔakɔ toilet, na sɛ wɔde wɔn nsa aka biribiara a ɛho ntew.","Students should wash their hands before eating, after using the toilet, and after touching anything unclean.",Ghana Ministry of Health
"Sɛ obi wu firi cholera mu a, sɛn na yɛsiee no dwira ho ban?",burial_safety_query,"Ma wɔn a wɔasiesie wɔn ho yiye (protective gear) na wɔsiesie amu no, na wonsi no ntɛm; twe wo ho firi sɛ wode nsa bɛka amu no anaa woahwie nsuo agu ho.","Only trained personnel wearing protective gear should prepare the body, and burial should happen promptly; avoid touching the body or washing it with water directly.",WHO Ghana
Ɛyɛ dɛn na yɛsiesie amufoɔ a wɔawu firi cholera mu na ɛrenkeka afoforo?,burial_safety_query,"Wɔde chlorine solution siesie amu no ho, wɔde nkuruwa a ɛnyɛ hu bɔ ho ban, na wɔsie no ntɛm, na wɔmma daadaa ho nkɔ ntam a wɔansiesie no yiye.","The body is disinfected with a chlorine solution, handled using appropriate protective materials, and buried promptly, without a delay that could expose others.",CDC
Ɛsɛ sɛ abusuafoɔ hyɛ da tenten sɛ wɔresie obi a ɔwu firi cholera mu anaa?,burial_safety_query,"Dabi, ɛnsɛ sɛ wɔtwɛn nna pii. Sie a wɔyɛ no ntɛm na wɔdi mmara a ayaresabea akyerɛ wɔn so no boa ma cholera antare bio.","No, burials should not be delayed. A prompt, properly supervised burial following health worker guidance helps prevent further spread of cholera.",Ghana Health Service
"Sɛ mehunu sɛ nnipa pii wɔ me mpɔtam ho anya ayamtuo kɛseɛ a, hena na ɛsɛ sɛ meka kyerɛ?",reporting_query,"Frɛ Ghana Health Service anaa kɔ ayaresabea a ɛbɛn wo ntɛm ka asɛm no kyerɛ wɔn, sɛnea wɔbɛtumi ahwɛ asɛm no na wasiw ka a ɛrekɔ so no kwan.","Contact the Ghana Health Service or visit the nearest health facility to report the situation immediately, so they can investigate and prevent further spread.",Ghana Ministry of Health
Ɛho hia sɛ yɛbɔ cholera amanneɛ (report) sɛ yɛhunu no anaa?,reporting_query,"Aane, ɛho hia paa. Sɛ wobɔ amanneɛ ntɛm a, ɛboa ma ayaresa adwumayɛfoɔ tumi si asɛm no ano ntɛm ansa na ɛtrɛw kɔ nnipa pii so.","Yes, it's very important. Early reporting helps health workers respond quickly and contain an outbreak before it spreads to more people.",WHO Ghana
Nomba bɛn na metumi de afrɛ sɛ merehia cholera ho mmoa wɔ Ghana?,reporting_query,"Frɛ Ghana Health Service Emergency Line anaa kɔ ayaresabea a ɛbɛn wo, wɔbɛtumi aboa wo ntɛm.","Call the Ghana Health Service Emergency Line or visit your nearest health facility, and they will be able to assist you promptly.",Ghana Health Service
Sɛn na mɛhu sɛ ORS no reyɛ adwuma ma yarefoɔ no?,rehydration_monitoring_query,"Sɛ yarefoɔ no nsu (urine) fi kɔ so bio, ne kɔmenka gyae, na n'ahoɔden san ba no a, ɛkyerɛ sɛ ORS no reyɛ adwuma yiye.","Signs that ORS is working include the patient urinating regularly again, reduced thirst, and returning strength.",WHO Ghana
"Sɛ yarefoɔ no da so ara refe ORS no nyinaa a, dɛn na ɛsɛ sɛ meyɛ?",rehydration_monitoring_query,"Sɛ ɔda so refe biara a wonom ma no a, fa no kɔ ayaresabea ntɛm sɛnea wɔde nsuo bɛma no wɔ ne ntin (IV fluids) mu.","If the patient continues vomiting everything they drink, take them to the hospital immediately so they can receive fluids through an IV.",CDC
Sɛn na mɛhwɛ akwadaa nkumaa sɛ wafa nsuo dodoɔ sɛ ɛsɛ anaa?,rehydration_monitoring_query,"Hwɛ akwadaa no ano mu sɛ ɛyɛ fɔkyee anaa, n'ani so a atwa mu, ne sɛ ɔsu a nusu mpue no; eyinom kyerɛ sɛ ɔho nsuo asa a ɛsɛ sɛ wɔde no kɔ ayaresabea ntɛm.","Check the child for a dry mouth, sunken eyes, or crying without tears — these are signs of dehydration requiring urgent medical care.",Ghana Ministry of Health
"Sɛ ɛna bi wɔ cholera a, ɛsɛ sɛ ɔgyae ne ba nufoɔ nom anaa?",breastfeeding_infant_query,"Dabi, ɛnsɛ sɛ ɔgyae. Ɛsɛ sɛ ɔkɔ so ma ne ba nufoɔ nom, efisɛ nufoɔ boa akwadaa no ma ɔnnya nsuo ne mmoawa a ɛko tia yare. Hwɛ sɛ ɔhohoro ne nsa ansa na ɔde ba no bɛtua nufoɔ.","No, breastfeeding should continue. Breast milk helps protect the infant with hydration and antibodies. The mother should wash her hands before nursing.",WHO Ghana
"Akwadaa nkumaa a wanya cholera no, dɛn na wɔmfa mma no?",breastfeeding_infant_query,"Ma akwadaa no ORS ketewaa bere ne bere, kɔ so ma no nufoɔ nom, na fa no kɔ ayaresabea ntɛm sɛnea wɔbɛhwɛ no yiye, efisɛ akwadaa nkumaa ho nsuo tumi sa ntɛm paa.","Give the infant small, frequent amounts of ORS, continue breastfeeding, and take them to a health facility quickly, as infants dehydrate very rapidly.",CDC
Sɛn na mpɔtam baako nnipa nyinaa betumi abom asiw cholera kwan?,community_prevention_query,"Mpɔtam foɔ betumi abom asiesie nsuo a wɔde ma obiara nom, ayɛ toilet a ɛyɛ pa, na wɔatu mpaebɔ afa efi a wɔntow gu baabiara ho.","A community can work together to set up shared clean water points, maintain proper sanitation facilities, and organize clean-up efforts against improper waste disposal.",Ghana Health Service
"Sɛ cholera aba mpɔtam bi mu a, sɛn na wɔn a wɔda hɔ betumi aboa?",community_prevention_query,"Wɔbetumi akyerɛkyerɛ afoforo fa nsa hohoro ho, aboa ma nsuo pa atrɛw, na wɔabɔ nnipa a wɔyare no din ama ayaresafoɔ atumi aba ntɛm.","They can educate others on handwashing, help distribute safe water, and quickly alert health workers about anyone showing symptoms.",Ghana Ministry of Health
Community health volunteers di dwuma bɛn wɔ cholera ano siw mu?,community_prevention_query,"Wɔkyerɛkyerɛ mpɔtam hɔfoɔ fa cholera ho amanneɛ, wɔhwehwɛ nnipa a wɔyare, na wɔboa ma nkrataa ne nsɛm trɛw wɔ mpɔtam hɔ ntɛm.","Community health volunteers educate residents about cholera, identify symptomatic individuals, and help spread accurate information quickly within the community.",WHO Ghana
Wo yɛ dɛn na woahu sɛ nsuo a woanua no yɛ pa ma nom?,water_treatment_methods_query,"Nua nsuo no kosi sɛ ɛbɛpo (rolling boil) simma baako pɛ, na ma ɛnwo ansa na woakora anaa woanom.","Boil the water to a rolling boil for about one minute, then let it cool before storing or drinking.",WHO Ghana
"Sɛ minni chlorine tablets a, dɛn foforo na metumi de asiesie me nsuo?",water_treatment_methods_query,"Sɛ wonni chlorine tablets a, nua nsuo no yɛ ɔkwan foforo a ɛyɛ adwuma, anaa fa nsuo filter a wowɔ di dwuma.","If you don't have chlorine tablets, boiling the water is another effective option, or use a water filter if you have one.",CDC
Bottled water yɛ pa ara ma yɛnom wɔ cholera berɛ mu?,water_treatment_methods_query,"Aane, bottled water a ɛyɛ pa (a wɔasɔ ano yiye) yɛ ɔkwan pa foforo, sɛ wubetumi de sika atɔ, sɛ boiled water anaa treated water.","Yes, properly sealed bottled water is a good safe alternative if affordable, equivalent to boiled or treated water.",Ghana Health Service
Sɛn na yɛnhu sɛ nsuo bi ho ntew mfa mu?,water_treatment_methods_query,"Sɛ nsuo no yɛ ntɔnn, ɛwɔ hua, anaa ɛfiri asuo a nnipa ne mmoa nom bi mu a, ɛtumi kyerɛ sɛ ɛho ntew; ntɔ so ntɛm gye sɛ woasiesie ansa.","If water looks cloudy, has an odor, or comes from a source shared with animals, it may be unsafe; don't trust it until it has been treated.",Ghana Ministry of Health
Dɛn nnuane na eye sɛ yɛnnni wɔ cholera berɛ mu?,food_safety_market_query,"Twe wo ho firi nnuane a wɔanoa no yiye, nsuo a wontumi nkyerɛ faako a efiri, ne aduane a atra abɔntene akyɛ a wɔnkata so ho.","Avoid undercooked food, water of unknown origin, and food left uncovered in the open for a long time.",WHO Ghana
"Sɛ mepɛ sɛ midi salad a wɔayɛ no abɔntene a, ɛho yɛ hu anaa?",food_safety_market_query,"Aane, salad a wɔamfa nsuo pa anhohoro nnuane a ɛwɔ mu no yɛ hu, efisɛ ebia wɔde nsuo a efi wɔ mu na ɛhohoro no.","Yes, salads prepared with produce not washed in clean water carry risk, since contaminated water may have been used to rinse the ingredients.",CDC
"Sɛ sukuu bi nni toilet pa a, dɛn na ɛbɛtumi asi?",school_query,"Sukuu a wɔn toilet nyɛ pa no ma sukuufoɔ tumi de wɔn ho bɔ afoforo mu cholera, efisɛ efi tumi trɛw ntɛm wɔ mmeaɛ a nnipa pii wɔ hɔ.","Schools with poor toilet facilities put students at risk of spreading cholera to one another, since contamination can spread fast in crowded settings.",Ghana Health Service
Sukuu akyerɛkyerɛfoɔ betumi akyerɛ mmɔfra dɛn fa cholera ho?,school_query,"Wobetumi akyerɛ mmɔfra sɛ wɔnhohoro wɔn nsa, wɔnnom nsuo pa nko ara, na sɛ wɔn ho ayɛ wɔn mmerɛ a wɔnka nkyerɛ ntɛm.","Teachers can teach children to wash their hands, drink only safe water, and report immediately if they feel unwell.",Ghana Ministry of Health
"Sɛ mesusuw sɛ me yɔnko wɔ cholera nanso ɔmpɛ sɛ ɔkɔ ayaresabea a, dɛn na menyɛ?",reporting_query,"Kasa kyerɛ no fa ho hia sɛ ɔnkɔ ntɛm, na sɛ ɔfiri kɔ a, frɛ mpɔtam ayaresabea anaa Ghana Health Service ma wɔmma mmoa.","Encourage them about the urgency of going quickly, and if they refuse, contact the local health facility or Ghana Health Service for assistance.",WHO Ghana
Community health worker betumi aboa sɛn wɔ cholera amanneɛ bɔ mu?,reporting_query,"Wobetumi de nsɛm a wɔahunu no kɔma ayaresabea ntɛm, na wɔaboa ma wɔasiw asɛm no ano ansa na atrɛw kɔ mmeaɛ foforo.",They can quickly relay findings to health facilities and help contain the situation before it spreads to other areas.,Ghana Health Service
Sɛn na mɛhu akwadaa kɛse anaa aberanteɛ ho nsuo asa dodow?,rehydration_monitoring_query,"Hwɛ sɛ n'ani atwa mu, ne ho awo yɛ den, na ɔte mmerɛw kɛse; sɛ eyinom da adi a, fa no kɔ ayaresabea ntɛm.","Watch for sunken eyes, extreme dry skin, and severe weakness; if these appear, seek medical care immediately.",CDC
Nna dodow sɛn na ɛsɛ sɛ obi kɔ so nom ORS?,rehydration_monitoring_query,"Kɔ so ma ORS kosi sɛ ayamtuo ne afeɛ no gyae koraa, na nsuo a wafa mu san aba n'ani so.",Continue giving ORS until diarrhea and vomiting have completely stopped and normal hydration has returned.,WHO Ghana
Cholera ayaresa bo yɛ den wɔ Ghana ayaresabea mu?,cost_treatment_query,"Ayaresabea government mu no, cholera ayaresa taa yɛ kwa anaa ɛbo nyɛ den, titiriw wɔ berɛ a asɛm bi asi (outbreak) mu, efisɛ ɛyɛ public health emergency.","At government health facilities, cholera treatment is usually free or low-cost, especially during declared outbreaks, since it's treated as a public health emergency.",Ghana Health Service
NHIS bɛtua cholera ayaresa ho ka anaa?,cost_treatment_query,"NHIS tumi kata cholera ayaresa ho ka wɔ ayaresabea pii mu, nanso eye sɛ wode wo NHIS card kɔ ayaresabea no bisa wɔn pɛpɛɛpɛ.","NHIS may cover cholera treatment costs at many facilities, but it's best to bring your NHIS card and confirm coverage directly with the facility.",Ghana Ministry of Health
"Sɛ minni sika a, wɔbɛgye me wɔ ayaresabea sɛ mewɔ cholera anaa?",cost_treatment_query,"Ayaresabea government mu no, wɔntaa mpa obi a ɔyare cholera kwan sɛ onni sika, efisɛ ɛyɛ emergency yare a ɛho hia sɛ wɔsa ntɛm.","Government hospitals typically won't turn away a cholera patient for lack of money, since it's treated as an urgent emergency requiring immediate care.",Ghana Health Service
Cholera ne ayamtuo a ɛyɛ adi no gyina soronko dɛn?,differentiation_query,"Cholera ayamtuo no yɛ nsuo tea (te sɛ nsubɛn), ɛba ntɛm paa, na nsuo a wafa mu sa ntɛm kɛse sen ayamtuo a ɛyɛ adi.","Cholera diarrhea is watery and pale (like rice-water), comes on suddenly, and causes much more rapid dehydration than ordinary diarrhea.",WHO Ghana
Sɛn na yɛbɛtumi ahu sɛ ayamtuo bi yɛ cholera anaa ɛnyɛ?,differentiation_query,"Sɛ ayamtuo no yɛ nsuo tea kɛse, ɛnyɛ mogyaɛ, na ɛba paa nteɛteɛ mu a nsuo sa ntɛm ara a, ebia ɛyɛ cholera; nanso ayaresabea nko ara na wobetumi de test ahu ampa.","If diarrhea is severely watery, not bloody, and dehydration develops very fast, it may be cholera; but only a health facility can confirm with a test.",CDC
"Mede akwantu bɛkɔ mmeaɛ a cholera reba, dɛn na ɛsɛ sɛ meyɛ ansa?",travel_query,"Ansa na wokɔ, sua faako a cholera reba no ho asɛm, fa chlorine tablets anaa aduro a ɛboa, na hyɛ wo ho da sɛ wobɛnom nsuo pa nko ara wɔ hɔ.","Before traveling, learn about the current outbreak situation, carry chlorine tablets or similar supplies, and commit to drinking only safe water while there.",WHO Ghana
"Sɛ merekɔ akwantu na cholera reba faako a merekɔ, ɛsɛ sɛ mesiane akwantu no anaa?",travel_query,"Sɛ ɛho hia paa sɛ wokɔ a, hwɛ yiye fa nsuo ne aduane a wobɛdi ho, na di mmara a wɔde bɛma wo so; sɛ ɛnho nhia koraa a, twɛn kosi sɛ asɛm no bɛtɔ so.","If travel is essential, take great care with your water and food choices and follow any guidance given; if not essential, consider waiting until the situation improves.",Ghana Ministry of Health
"Ɔyafunufoɔ a ɔwɔ cholera, dɛn na ɛsɛ sɛ wɔyɛ ma no?",pregnancy_query,"Fa ɔyafunufoɔ no kɔ ayaresabea ntɛm sɛ ɔwɔ cholera nsɛnkyerɛnee, efisɛ ne ho nsuo a ɛsa no tumi ka ɔne abɔfra a ɔda ne yam mu no nyinaa; ORS ne ayaresa ntɛm boa.","A pregnant woman showing cholera symptoms should be taken to a health facility immediately, since dehydration can affect both her and the unborn baby; prompt ORS and medical care are important.",WHO Ghana
Mmerewa a wɔanya cholera ho hia hwɛ soronko anaa?,elderly_care_query,"Aane, mmerewa ho nsuo sa ntɛm sen mmabun, enti wɔhia sɛ wɔhwɛ wɔn yiye na wɔde wɔn kɔ ayaresabea ntɛm sɛ nsɛnkyerɛnee da adi.","Yes, elderly people dehydrate faster than younger adults, so they need close monitoring and prompt medical attention when symptoms appear.",CDC
Sɛn na wɔyi efi (waste) a efi cholera yarefoɔ ho yiye?,waste_disposal_query,"Wɔde chlorine solution siesie efi no ho ansa na woayi, na wɔmfa nka nsuo a nnipa nom anaa wɔde noa aduane mu.","Waste from cholera patients should be disinfected with a chlorine solution before disposal, and kept far from water used for drinking or cooking.",Ghana Health Service
"Sɛ obi adwuma so na wanya cholera nsɛnkyerɛnee a, ɛsɛ sɛ ɔkɔ adwuma anaa?",workplace_query,"Dabi, ɛnsɛ sɛ ɔkɔ adwuma. Ɔnkɔ ayaresabea ntɛm na ɔntena fie kosi sɛ ne ho bɛtɔ no, sɛnea ɔrenka ne nnwumayɛfoɔ.","No, they should not go to work. They should seek medical care immediately and stay home until recovered, to avoid infecting coworkers.",Ghana Ministry of Health
twi_query,intent,twi_response,english_translation,source
Cholera nsenkyerɛne ne sɛn?,symptoms_query,Cholera yareɛ no ho nsenkyerɛne titiriw ne ayamtuo kɛseɛ a ɛte sɛ nsuo (a ɛte sɛ nsubɛn) ne ɛfeɛ a ɛnto mpa. Eyi betumi ama wo ho nsuo asa ntɛm (dehydration).,The main symptoms of cholera are severe watery diarrhea (like rice-water) and frequent vomiting. This can cause rapid dehydration.,WHO Ghana Health Service
Ɛdeɛn na ɛkyerɛ sɛ mewɔ cholera?,symptoms_query,Ayamtuo ne afeɛ kɛseɛ a ɛnto mpa na ɛkyerɛ sɛ obi betumi anya cholera yareɛ no. Wo ho nsuo bɛtumi asa ntɛm ara.,"Severe watery diarrhea and uncontrollable vomiting are signs of cholera, which can cause rapid dehydration.",CDC Ghana
Ayamtuo ne afeɛ kyerɛ sɛ mewɔ cholera?,symptoms_query,"Aane, ayamtuo kɛseɛ a ɛte sɛ nsubɛn nsuo ne afeɛ a ɛnto mpa yɛ cholera nsenkyerɛne titiriw.","Yes, severe diarrhea that looks like rice-water and frequent vomiting are primary symptoms of cholera.",Ghana Ministry of Health
"M'anofafa awo na merefe, ɛyɛ cholera?",symptoms_query,"Eyi betumi ayɛ cholera nsenkyerɛne, efisɛ anofafa a awo kyerɛ sɛ wo ho nsuo reasa afiri ayamtuo ne afeɛ no mu. Ma yarefoɔ no ORS ntɛm.","This can be a symptom of cholera, as a dry mouth indicates dehydration from diarrhea and vomiting. Give the patient ORS immediately.",WHO Ghana
Yɛnya cholera a dɛn nsenkyerɛne na ɛda adi?,symptoms_query,"Nsenkyerɛne titiriw ne ayamtuo pii, afeɛ bebree, nipadua no mu mmerɛyɛ, ne nsuo a ɛsa wo ho ntɛm ara.","The key symptoms are severe diarrhea, frequent vomiting, body weakness, and rapid loss of fluids (dehydration).",CDC
Ayamtuo a ɛte sɛ nsubɛn nsuo yɛ cholera?,symptoms_query,"Aane, ayamtuo a ɛte sɛ nsubɛn nsuo (rice-water stools) ne cholera nsenkyerɛne kɛseɛ a ɛda adi paa.","Yes, watery diarrhea resembling rice-water is the classic and most definitive symptom of cholera.",Ghana Ministry of Health
Sɛn na cholera yareɛ yi kɔ obi ho?,transmission_query,Cholera tare ntɛm ara nam nsuo anaa aduane a cholera bacteria firi obi bin mu akɔwura mu.,Cholera spreads rapidly through drinking water or eating food contaminated with the cholera bacteria from feces.,WHO Ghana
Cholera firi he na ɛba?,transmission_query,"Cholera mmoawa no firi aduane anaa nsuo a efi guom na afra, paa ayaresabea bin anaa efi a mfifiseɛ akɔdi so.",The cholera bacteria comes from food or water contaminated with human sewage or waste carried by flies.,CDC
Aduane anaa nsuo de cholera ba?,transmission_query,"Aane, nsuo a ɛfi ne aduane a yɛankata so yie na mfifiseɛ dii so de cholera mmoawa gu mu na ɛde yareɛ no ba.","Yes, contaminated water and uncovered food where flies have landed are the main carriers of cholera.",Ghana Ministry of Health
Nfifiseɛ betumi de cholera aba?,transmission_query,"Aane, nfifiseɛ betumi de efi afiri asuogya akɔgu yɛn aduane so na eyi betumi ama yɛanya cholera yareɛ.","Yes, flies can carry contamination from toilets to our food, which can cause cholera.",WHO
Sɛn na cholera tare obi?,transmission_query,"Sɛ wo ne obi a ɔwɔ cholera bom di aduane a wankata so, anaa sɛ wonom nsuo a efi firi dɔteɛ mu a, wobɛtumi anya cholera.","If you eat contaminated food or drink dirty water, you can contract cholera.",CDC
Ɛfiri he na cholera mmoawa no firi ba?,transmission_query,"Cholera mmoawa no firi yarefoɔ bin mu. Sɛ nsuo anaa aduane anya efi yi a, ɛno na ɛde cholera ba.","The cholera bacteria originates from an infected person's feces, spreading through contaminated water or food.",Ghana Ministry of Health
Sɛn na mɛbɔ me ho ban afiri cholera ho?,prevention_query,"Hohoro wo nsa ne samina ne nsuo pa bere biara, nua wo nsuo ansa na woanom, na kata wo nnuane so yie.","Wash your hands with soap and safe water, boil your drinking water, and always cover your food.",WHO Ghana
Dɛn na yɛbɛyɛ na yɛanya cholera?,prevention_query,"Na yɛbɛyɛ ne sɛ: Hohoro wo nsa ne samina bere biara, di aduane a ɛyɛ hyere na nua wo nsuo ansa na woanom.","To avoid cholera: wash your hands with soap, eat hot cooked food, and boil your water before drinking.",CDC
Mɛyɛ deɛn na me fiefoɔ anya cholera?,prevention_query,"Siesie wo mpɔtam hɔ yie, hohoro wo nsa mprepren, na mma obiara nnnom nsuo a yɛannua mu anaa yɛantam mu yie.","Keep your surroundings clean, wash hands frequently, and ensure everyone drinks boiled or treated water.",Ghana Ministry of Health
Sɛn na yɛde samina bɔ yɛn ho ban?,prevention_query,"Samina ne nsuo pa de hohoro nsa firii asuogya, ansa na yɛadi aduane anaa yɛayɛ aduane, ɛkum cholera mmoawa no.",Washing hands with soap and running water after the toilet and before preparing/eating food kills the cholera bacteria.,WHO
Nsuo pa a yɛbɛnom bɛma yɛanya cholera?,transmission_query,Nsuo pa a wɔanoa mu anaa pure water/bottled water pa siw cholera kwan paa. Nnom nsuo firi asubɔnten mu anaa abutuo mu.,"Drinking boiled water, bottled water, or treated sachet water prevents cholera. Avoid drinking directly from rivers or wells.",CDC
Nsa hohoro bɛtumi asiw cholera kwan?,prevention_query,"Aane, nsa hohoro ne samina gu nsuo pa mu siw cholera kwan bɛyɛ ɔha biara mu aduonum (50%).","Yes, washing hands with soap and running water is one of the most effective ways to prevent cholera transmission.",Ghana Ministry of Health
Dɛn na yɛde sa cholera?,treatment_query,"Yɛde ORS (Oral Rehydration Salts) nsuo na ɛsa cholera ntɛm ara na nsuo ansɛe wo ho. Sɛ emu yɛ den a, kɔ ayaresabea ntɛm.","Cholera is treated immediately with ORS (Oral Rehydration Salts) to restore fluids. If severe, go to the hospital immediately.",WHO Ghana
Sɛn na yɛyɛ ORS wo fie?,treatment_query,"Fa lita baako nsuo pa, asikre nsa-mmerɛ nsia (6 teaspoons), ne nkyene nsa-mmerɛ fa (1/2 teaspoon) na fra bom yie ma ɔnom.","Mix 1 liter of clean water, 6 teaspoons of sugar, and 1/2 teaspoon of salt to make Home-made Rehydration Solution.",CDC
ORS nsuo yɛ sɛn?,treatment_query,ORS yɛ aduru nsuo a wɔaka nkyene ne asikre afra mu a ɛboa ma nipadua no nsuo a ayera no san ba.,ORS is a solution of balanced salts and glucose that helps restore lost bodily fluids and electrolytes.,Ghana Ministry of Health
Aduru bɛn na adɔkotafoɔ de sa cholera?,treatment_query,"Adɔkotafoɔ de ORS, ne nsuo wɔ ntin (IV fluids) ne antibiotic aduru na ɛsa cholera yareɛ no yie.","Doctors use ORS, IV fluids for severe cases, and antibiotics to treat cholera effectively.",WHO
Asikre ne nkyene nsuo yɛ ORS?,treatment_query,"Aane, sɛ wo nni ORS paket a, wo betumi ayɛ fie ORS nam asikre kɛse ne nkyene ketewa a wobɛfra nsuo pa baako lita mu.","Yes, if you don't have an ORS packet, you can make Home-made ORS by mixing sugar and salt in 1 liter of clean water.",CDC
Sɛn na yɛbɛyɛ na yɛayɛ ORS nsuo pa?,treatment_query,"Hohoro wo nsa, fa nsuo pa, nua wo nsuo no ansa na woadi dwuma na fra ORS aduru no mu yie.","Wash hands, use safe water (boiled or bottled), and thoroughly mix the ORS powder into the water.",Ghana Ministry of Health
"Me ba no ho ayɛ mmerɛ kɛse na ɔrentee, dɛn na mɛyɛ?",emergency_query,Ma no ORS nsuo na kɔ ayaresabea a ɛbɛn wo ntɛm ara! Eyi yɛ emergency paa!,Give him ORS and run to the nearest hospital immediately! This is a major emergency!,WHO Ghana
"Yarefoɔ no n'ani apɔn na ɔrente nsɛm yie, dɛn na mɛyɛ?",emergency_query,"EYI NE EMERGENCY! Ma no ORS nsuo sɛ obetumi anom, na fa no kɔ ayaresabea ntɛm ara na wɔakɔma no nsuo wɔ ne ntin (IV fluids).","THIS IS AN EMERGENCY! Give ORS if conscious, and take them to the hospital immediately for IV fluids.",CDC
"Ayamtuo no mu yɛ den dodo na ɔrefe bebree, ɛyɛ emergency?",emergency_query,"Aane, sɛ ayamtuo ne afeɛ no kɔ so kɛse na wonntumi nsiw kwan a, kɔ ayaresabea mprepren ara na w'ankɔwuo!","Yes, if diarrhea and vomiting are severe and cannot be stopped, go to the health facility immediately to save their life.",Ghana Ministry of Health
"Woatɔ mmetegwee na ɔrentumi nsɔre, he na yɛnkɔ?",emergency_query,Kɔ ayaresabea a ɛbɛn wo ntɛm ara! Ɛyɛ emergency kɛse. Dɔkota bɛma no nsuo wɔ n'ntin (IV fluids) ampon n'nkwa.,Go to the nearest hospital immediately! It is a severe emergency. The doctor will give IV fluids to save their life.,WHO
"The patient is unresponsive, what should I do?",emergency_query,Take the patient to the nearest hospital immediately! This is an extreme emergency. Give ORS along the way if possible.,Run to the hospital immediately! This is a critical emergency. Give ORS if they can swallow.,CDC Ghana
Ayaresabea bɛn na yɛnkɔ ntɛm ara sɛ cholera no dɔɔso?,emergency_query,Kɔ ayaresabea anaa dɔkota pa hɔ a ɛbɛn wo paa ntɛm ara! Ghana Health Service ayɛ mbɔden sɛ ayaresabea nyinaa wɔ ORS ne IV fluids.,Go to the nearest government clinic or hospital immediately! The Ghana Health Service has equipped facilities with ORS and IV.,Ghana Health Service
Mema wo akye,general_greeting,Mema wo akye! Me ne Cholera Twi Chatbot. Metumi abua wo cholera ho nsɛm.,Good morning! I am the Cholera Twi Chatbot. I can answer questions about cholera.,Ghana NLP
Mema wo aha,general_greeting,Mema wo aha! Me ne Cholera Twi Chatbot. Metumi abua wo cholera ho nsɛm.,Good afternoon! I am the Cholera Twi Chatbot. I can answer questions about cholera.,Ghana NLP
Mema wo adwo,general_greeting,Mema wo adwo! Me ne Cholera Twi Chatbot. Metumi abua wo cholera ho nsɛm.,Good evening! I am the Cholera Twi Chatbot. I can answer questions about cholera.,Ghana NLP
"Yaa nua, ete sɛn?",general_greeting,Mema wo akwaaba! Me ne Cholera Twi Chatbot. Metumi abua wo cholera ho nsɛm wo Twi kasa mu.,Welcome! I am the Cholera Twi Chatbot. I can help answer questions about cholera in Twi.,Ghana NLP
"Kyei, ete sɛn?",general_greeting,"Ɛyɛ, akwaaba! Me ne Cholera Twi Chatbot. Bisa me cholera ho nsenkyerɛne, banbɔ anaa ano aduru.","It is well, welcome! I am the Cholera Twi Chatbot. Ask me about cholera symptoms, prevention, or treatment.",Ghana NLP
"Hello, owura!",general_greeting,"Hello, akwaaba! Me ne Cholera Twi Chatbot. Mebua wo cholera ho nsɛmmisa wo Twi mu.","Hello, welcome! I am the Cholera Twi Chatbot. I answer cholera questions in Twi.",Ghana NLP
"Sɛ me ho yɛ hye na merefe a, ɛyɛ cholera?",symptoms_query,"Ateetee ne ɛfeɛ betumi ayɛ cholera nsenkyerɛne, nanso cholera titiriw yɛ ayamtuo a ɛte sɛ nsubɛn a atiridii nnim kuse. Hwɛ yie na kɔ ayaresabea ntɛm.","If I have a fever and I'm vomiting, is it cholera? Vomiting can be a symptom, but classic cholera is severe watery diarrhea usually without high fever. Be careful and go to the clinic quickly.",Ghana Health Service
"Mahu sɛ me nsuo a mekɔ yɛ fitaa sɛ nsubɛn, ɛyɛ dɛn?",symptoms_query,Ayamtuo a ɛte sɛ nsubɛn (rice-water stools) yɛ cholera nsenkyerɛne kɛseɛ. Kɔ ayaresabea a ɛbɛn wo ntɛm ara!,"I noticed my stool is white like rice-water, what is it? Diarrhea that looks like rice-water is a major symptom of cholera. Go to the nearest hospital immediately!",WHO Ghana
Cholera tumi ma obi ho keka no anaa?,symptoms_query,"Dabi, ɛho keka ntaa mma, nanso ayamtuo ne ɛfeɛ no tumi ma wo mmati ne wo nan mu yɛ wo ya (muscle cramps) ɛfiri nsuo a ɛsa wɔ wo ho nti.","Does cholera cause body itching? No, itching is not common, but the diarrhea and vomiting can cause muscle cramps due to dehydration.",CDC Ghana
Kwan bɛn so na yɛbɛtumi asiw cholera kwan?,prevention_query,"Tumi siw cholera kwan sɛ wobɛnua wo nsuo ansa na wanom, wobɛhoro wo nsa ne nnuane ho yie, na woatena beae a ho tew.","How can we prevent cholera? Prevent cholera by boiling water before drinking, washing hands and food thoroughly, and maintaining good sanitation.",Ghana Ministry of Health
Ɛbɛtumi afiri nsuo mu aba?,transmission_query,"Aane, cholera ntaa mfa beae foforo biara nti sɛ nsuo anaa nnuane a efi (fi) wom a nkurɔfoɔ nom anaa wɔdi.","Can it come from water? Yes, cholera is mostly transmitted through contaminated water or food that people consume.",Ghana NLP
"Me ho nsuo asa a, dɛn na mɛyɛ wɔ fie?",treatment_query,"Sɛ wo ho nsuo reasa a, nyan ORS (nsuo, asikre, ne nkyene) nom ntɛm ara na kɔ ayaresabea ɛbɛn wo.","If I am dehydrated, what should I do at home? If you are dehydrated, mix and drink ORS (water, sugar, and salt) immediately and go to the nearest hospital.",WHO Ghana
Mewɔ he na metumi anya ORS aduru no?,treatment_query,"Wobetumi anya ORS wɔ aduruyɛdan (pharmacy) biara, or woankasa betumi ayɛ bi wɔ fie de nsuo, asikre, ne nkyene.","Where can I get the ORS medicine? You can get ORS at any pharmacy, or you can make it yourself at home using water, sugar, and salt.",Ghana Health Service
Adagya mu tena ho yɛ asiane ma cholera?,prevention_query,"Aane, sɛ nkurɔfoɔ gu fi gu mmeae a ɛnkɔ mmone mu a, ɛtumi sɛe nsuo a yɛnom na ɛde cholera ba. Hwɛ na fa tiafi yie.","Is open defecation a risk for cholera? Yes, when people defecate in the open, it can contaminate drinking water and cause cholera. Ensure you use proper toilets.",CDC Ghana
"Maakye o, chatbot!",general_greeting,Maakye! Mewɔ ha sɛ mebua wo nsɛmmisa biara a ɛfa cholera yareɛ ho. Dɛn na wopɛ sɛ wuhu?,"Good morning, chatbot! I am here to answer any questions regarding cholera. What would you like to know?",Ghana NLP
Me da wo ase pi,general_greeting,Meda wo ase nso! Tena ase asomdwoe mu na hwɛ wo ho so yie na cholera anya wo.,Thank you very much! Thank you too! Stay safe and take good care of yourself to avoid cholera.,Ghana NLP
Dɛn na metumi de akyekyere me nsuo mu?,prevention_query,Wobetumi anua wo nsuo no ma ɛrehuru yie anaa wobɛde 'Aquatabs' anaa aduru a ɛho tew nsuo afra mu ansa na wanom.,What can I use to treat my water? You can boil your water until it bubbles or use Aquatabs or water purification tablets before drinking.,Ghana Ministry of Health
Cholera nnyansoɔ yɛ dɛn?,transmission_query,"Bacteria a yɛfrɛ no 'Vibrio cholerae' na ɛde yareɛ no ba, titiriw fa nsuo anaa nnuane a efi wom.","What is the cause of cholera? The bacterium called Vibrio cholerae causes the disease, mostly through contaminated water or food.",WHO Ghana
"Sɛ me nsa rekyere me ɛfiri ayamtuo nti a, ɛwɔ sɛ meyɛ dɛn?",treatment_query,Nom ORS ntɛm ara na kɔ dɔkta hɔ. Saa nsa kyere (cramps) yi kyerɛ sɛ wo ho nsuo ne nkyene asa koraa.,"If my hands are cramping due to diarrhea, what should I do? Drink ORS immediately and see a doctor. These cramps mean you have lost a lot of water and salts.",CDC Ghana
Adidi mmeae bɔne betumi ama cholera?,transmission_query,"Aane, adidi mmeae a ɛho nni nniwoɔ na nsuo anaa nnuane ho nni kradoom no tumi de cholera ba ntɛm.","Can bad eating places cause cholera? Yes, eating places that lack hygiene and where food or water is not safely prepared can easily spread cholera.",Ghana Health Service
"Mahu sɛ me mma redidi a wɔnhohoro wɔn nsa, asiane bi wom?",prevention_query,"Asiane kɛse wom! Sɛ obi amfa samina ne nsuo anhohoro ne nsa ansa na ɔredidi a, cholera mmoawa betumi afiri ne nsa akɔ ne nuane mu.","I noticed my children eat without washing their hands, is there any danger? There is big danger! If someone doesn't wash their hands with soap before eating, cholera bacteria can move from hands into food.",Ghana Health Service
Ayamtuo paapaa yi bɛkum obi?,emergency_query,"Aane, cholera tumi kum obi nnɔnhwerew kakraa bi mu ɛfiri nsuo pii a ɛsa wɔ nipadua no mu. Eyi nti, ɛyɛ emergency a ɛwɔ sɛ yɛkɔ clinic ntɛm.","Can this frequent diarrhea kill someone? Yes, cholera can kill within a few hours due to severe fluid loss. Therefore, it is an emergency that requires going to the clinic quickly.",WHO Ghana
Abofra ketewa betumi anya cholera?,transmission_query,"Aane, mmofra ketewa betumi anya cholera yareɛ no, na wɔn ho nsuo sa ntɛm kyɛn mpanyimfoɔ. Wɔn ho nsenkyerɛne ne ayamtuo, ɛfeɛ ne mmerɛyɛ.","Can a small child get cholera? Yes, small children can contract cholera, and they become dehydrated much faster than adults. Their symptoms include diarrhea, vomiting, and weakness.",CDC Ghana
"Me nsuo no mu tew, ɛho hia sɛ me noa?",prevention_query,"Aane, ɛho hia paa. Nsuo pii wɔ hɔ a ɛmu tew nanso mmoawa nkɛseɛ gu mu. Noa no ma ɛrehuru yie ansa na woanom.","My water looks clean, do I still need to boil it? Yes, it is very important. Many water sources look clear but contain dangerous bacteria. Boil it until it bubbles before drinking.",Ghana Ministry of Health
"Sɛ me nyan ORS no na meba no anom amonom a, mɛyɛ dɛn?",treatment_query,"Ma no n nketewa nketee ara daa. Sɛ ɔfe na anom bio a, twɛn simma du na fi ase ma no bio nkakrakakra.","If I mix the ORS and my child vomits it, what should I do? Give it in small sips frequently. If they vomit again, wait ten minutes and start giving it again slowly.",WHO Ghana
Adɔkotanom ma aduru a yɛfrɛ no zinc tablets?,treatment_query,"Aane, adɔkotafoɔ taa de zinc tablets fra ORS ho ma mmofra a wɔwɔ ayamtuo de boa ma wɔn ho yɛ ntɛm.","Do doctors give a medicine called zinc tablets? Yes, doctors often combine zinc tablets with ORS for children with diarrhea to help them recover faster.",Ghana Health Service
Aduane a akyɛ betumi de cholera mmoawa aba?,transmission_query,"Aane, aduane a akyɛ na yɛankata so na mfifiseɛ bɔɔ ho betumi anya cholera mmoawa no. Kankan aduane biara ansa na woadi.","Can leftover food bring cholera bacteria? Yes, leftover food that was not covered and was visited by flies can harbor cholera bacteria. Always reheat any food before eating.",CDC Ghana
Nnipa a wɔwɔ Ghana ha taa nya cholera yareɛ yi?,transmission_query,"Cholera taa ba mmeae a asuogya gu fĩ guom na nsuo pa nni hɔ, titiriw asuten bere mu. Ghana Health Service repɛ ano aduru daa.","Do people in Ghana often get this cholera disease? Cholera usually occurs in places with poor sanitation and lack of safe water, especially during the rainy season. The Ghana Health Service is always working on solutions.",Ghana Health Service
Ɛhefa na me nya nsuo pa a cholera mmoawa nnim?,prevention_query,"Nsa sachet water pa, bottled water, anaa nsuo biara a woanoa mu yie na ɛyɛ asiane nnim.","Where can I get safe water without cholera bacteria? Treated sachet water, bottled water, or any water you have boiled thoroughly is safe and risk-free.",Ghana NLP
Dɛn nti na yɛfrɛ ayamtuo no rice-water?,symptoms_query,Yɛfrɛ no saa ɛfiri sɛ cholera ayamtuo no nsuo no mu yɛ fitaa guwɔɔ sɛ nsuo a yɛde ahoro mroseɛ mu. Eyi kyerɛ sɛ yareɛ no mu yɛ den.,Why do they call the diarrhea rice-water? It is called that because cholera diarrhea fluid is whitish and cloudy like water used to wash raw rice. This indicates the disease is severe.,WHO Ghana
"Me ho yɛ mmerɛ na me ti pae me, ɛyɛ cholera?",symptoms_query,"Mmerɛyɛ betumi ayɛ cholera nsenkyerɛne ɛfiri nsuo a ɛreasa nti, nanso tipae ntaa nni cholera ho. Hwɛ sɛ wo bɛnya ayamtuo nsuo anaa.","I feel weak and my head aches, is it cholera? Weakness can be a cholera symptom due to fluid loss, but headache is not typically associated with cholera. Watch if you get watery diarrhea.",CDC
"Chatbot, wo ho te sɛn?",general_greeting,"Me ho yɛ, meda ase! Mewɔ ha sɛ mebua wo nsɛmmisa biara a ɛfa cholera ho wɔ Twi mu. Dɛn na wopɛ sɛ wuhu?","I am fine, thank you! I am here to answer any questions about cholera in Twi. What do you want to know?",Ghana NLP
Meda wo ase paa ma saa adwuma yi,general_greeting,Meda wo ase nso! Ɛyɛ me anigye sɛ meboa wo. Hwɛ wo ho so yie afiri cholera ho.,Thank you very much for this work. Thank you too! It is my pleasure to help you. Take good care of yourself against cholera.,Ghana NLP
"Ebia me nom nsuo firi nkuraa ase abutuo mu, ɛyɛ asiane?",transmission_query,"Aane, abutuo pii a ɛwɔ nkuraa ase a yɛankata so betumi anya efi afiri atwene mu na ɛde cholera mmoawa aba. Noa ansa na wanom.","Maybe I drink water from rural wells, is it dangerous? Yes, many uncovered rural wells can get contaminated from runoff water and bring cholera bacteria. Boil it before drinking.",CDC Ghana
"Ayamtuo no amfi ase ntɛm ara, ɛtumi kora ho?",symptoms_query,"Aane, cholera mmoawa betumi atena wo ho nnansa mmienu kɔsi nnanson ansa na nsenkyerɛne ada adi. Ɛho hia sɛ yɛhwɛ yie.","The diarrhea didn't start immediately, can it hide? Yes, cholera bacteria can stay in your body for 2 to 7 days before symptoms appear. It is important to be careful.",WHO Ghana
Nnuane a yɛtɔ wɔ kwan ho betumi de yareɛ no aba?,transmission_query,"Aane, nnuane a wɔtɔn no kwan ho a yɛankata so na ɛyɛ nwunu betumi anya cholera mmoawa afiri mfifiseɛ hɔ. Di aduane a ɛyɛ hyere paa.","Can food sold on the street bring the disease? Yes, food sold by the roadside that is uncovered and cold can get cholera bacteria from flies. Eat very hot food.",Ghana Ministry of Health
"Sɛ mepae ORS paket no, metumi de atena hɔ nna pii?",treatment_query,"Dabi, sɛ wo de nsuo fra ORS aduru mu a, ɛwɔ sɛ wonom gu mu nnɔnhwerew 24 mu. Ɛno akyi no, to gu na yɛ foforo.","If I open the ORS packet, can it stay for many days? No, once you mix the ORS powder with water, it must be consumed within 24 hours. After that, discard it and make a fresh one.",WHO Ghana
Sɛ mepɛ sɛ mehohoro me nsa na samina nni hɔ nso?,prevention_query,"Sɛ samina nni hɔ a, wobetumi de nsofa (ashes) ne nsuo pa a ɛretew ahoro wo nsa. Ɛno nso kum mmoawa bi.","What if I want to wash my hands and there is no soap? If there is no soap, you can use wood ash and clean running water to wash your hands. That also kills some bacteria.",CDC Ghana
Dɛn aduru na metumi de akyekyere me fie ansa na adɔkotafoɔ aba?,treatment_query,Aduru kɛseɛ a ɛwɔ hɔ ne ORS nsuo. Ɛnkora aduru biara a ɛsiw ayamtuo kwan (anti-diarrhea meds) efisɛ ɛremma yareɛ no mfi wo mu.,What medicine can I use to treat my family before doctors arrive? The main medicine is ORS water. Do not keep anti-diarrhea medicines because they prevent the disease from leaving your system.,WHO Ghana
Ayaresabea biara wɔ ha betumi asa cholera?,emergency_query,"Aane, Ghana Health Service abɔ mbɔden sɛ clinic ne ayaresabea ahorow nyinaa wɔ ORS ne nsuo a yɛde bɔ ntin mu (IV fluids) ma yarefoɔ.","Can any hospital here treat cholera? Yes, the Ghana Health Service has made efforts so that all clinics and hospitals have ORS and intravenous fluids (IV fluids) for patients.",Ghana Health Service
Ete sɛn nua?,general_greeting,"Ɛyɛ, akwaaba! Me ne wo Cholera Twi Chatbot. Metumi abua wo nsɛmmisa biara.","It is well, welcome! I am your Cholera Twi Chatbot. I can answer any of your questions.",Ghana NLP
Wo din de sɛn?,general_greeting,Me din de Cholera Twi Chatbot. Wobia me biribiara a ɛfa cholera ho a mɛbua wo.,What is your name? My name is Cholera Twi Chatbot. Ask me anything about cholera and I will answer you.,Ghana NLP
"Yarefoɔ no abrabɔ mu refi ntɛm, yɛbɛyɛ dɛn?",emergency_query,EYI NE EMERGENCY KƐSE! Monsɔre mprepren kɔ ayaresabea. Mma no nsuo wɔ ne ntin nkanyan no.,"The patient's life is fading fast, what should we do? THIS IS A HUGE EMERGENCY! Rise up immediately and go to the hospital. Let them give him IV fluids to revive him.",WHO Ghana
Me nsa ho bɛtumi afi sɛ mekɔ asuogya akyi?,prevention_query,"Aane, nsa ho horo ne samina ntɛm ara bere biara a wobɛfi asuogya (toilet) no hia paa na woansa cholera mmoawa ankyere afoforo.","Can my hands get contaminated after using the toilet? Yes, washing hands with soap immediately every time you leave the toilet is very important so you don't spread cholera bacteria to others.",CDC Ghana
Nsuo pa ben na ɛwɔ sɛ yɛnom?,prevention_query,"Nom nsuo a wɔanoa, pure water a ɛfiri beae pa, anaa bottled water. Kora wo nsuo ho ban.","Which safe water should we drink? Drink boiled water, sachet water from a trusted source, or bottled water. Protect your water source.",Ghana Ministry of Health
Ayamtuo yi beku me ba no?,emergency_query,"Sɛ woanma no ORS aduru ntɛm na woanfa no nkɔ ayaresabea a, aane, ɛbetumi akum no. Hwɛ wo ho so ntɛm ara!","Will this diarrhea kill my child? If you don't give them ORS medicine quickly and take them to the hospital, yes, it can kill them. Take action immediately!",CDC Ghana
Kwan bɛn so na me nnuane bɛtumi anya mmoawa?,transmission_query,"Sɛ woankata so na mfifiseɛ a wogyinaa efi so bɛsi so, anaa sɛ wo de nsa a ho nni fĩ horo mu.","How can my food get bacteria? If you don't cover it and flies that stood on waste land on it, or if you use unwashed hands to handle it.",WHO Ghana
Mo adwuma yi yɛ fɛ paa,general_greeting,Meda wo ase! Yɛpɛ sɛ ɔmanfoɔ nya apɔwmuden na yɛtu cholera afiri Ghana ha.,Your work is very beautiful. Thank you! We want the public to have good health and eradicate cholera from Ghana.,Ghana NLP
Sa me yareɛ yi ma me,treatment_query,Mente sɛ dɔkota nanso metumi akyerɛ wo kwan: Nom ORS nsuo pii seesei na kɔ clinic a ɛbɛn wo ntɛm ara.,Cure this sickness for me. I am not a doctor but I can guide you: Drink plenty of ORS water right now and go to the nearest clinic immediately.,Ghana Health Service
Yɛbɛtumi anya cholera afiri subɔnten mu nsuo mu?,transmission_query,"Aane paa, sɛ nkurɔfoɔ gu fi gu asubɔnten no ho a, cholera mmoawa bɛkɔ nsuo no mu na ɛde yareɛ bɛba sɛ nnipa nom a.","Can we get cholera from river water? Yes indeed, if people defecate near the river, cholera bacteria will enter the water and cause disease if people drink it.",Ghana Ministry of Health
"Me ho retiti me na meyam hye me, ɛyɛ cholera?",symptoms_query,"Dabi, nipadua retiti ne yam hyehyeɛ ntaa nkyerɛ cholera. Cholera nsenkyerɛne titiriw ne ayamtuo a ɛte sɛ nsubɛn.","My body is itching and my stomach burns, is it cholera? No, body itching and stomach burning do not usually indicate cholera. The main symptom of cholera is watery diarrhea.",CDC
"Chatbot, boa me!",general_greeting,"Aane, mekrado sɛ mɛboa wo. Dɛn na ereha wo wɔ cholera ho? Bisa me na mebua wo.","Chatbot, help me! Yes, I am ready to help you. What is bothering you about cholera? Ask me and I will answer you.",Ghana NLP
Enti cholera nsenkyerɛne betumi ayɛ yaw wɔ yam?,symptoms_query,"Ebia ayamtim ketewa bi betumi aba, nanso cholera ayamtuo kɛseɛ no ntaa mfa ayamkaw kɛseɛ biara nnim kyɛn mmerɛyɛ ne nsuo a ɛsa.","So can cholera symptoms include stomach pain? Mild abdominal cramps can occur, but severe cholera diarrhea usually doesn't involve major stomach pain besides weakness and fluid loss.",WHO Ghana
Bɔ me amanneɛ fa cholera ho,general_greeting,"Cholera yɛ yareɔ bɔne a ɛfa ayamtuo kɛseɔ mu. Wo betumi abisa me ho nsenkyerɛne, banbɔ, anaa ayaresa ho nsɛm.","Inform me about cholera. Cholera is a dangerous disease involving severe diarrhea. You can ask me about its symptoms, prevention, or treatment.",Ghana NLP
Sɛ mefe dɔɔso a dɛn na mɛyɛ?,treatment_query,"Sɛ wo refe a, mmpa abaw. Kɔ so nom ORS nsuo no nkakrakakra. Sɛ ɛnto mpa a, kɔ ayaresabea mprepren.","If I vomit too much what should I do? If you are vomiting, do not lose hope. Keep drinking the ORS water in small sips. If it doesn't stop, go to the hospital immediately.",CDC
Yɛbɛtumi anya vaccine afiri cholera ho?,prevention_query,"Aane, vaccine (Oral Cholera Vaccine) wɔ hɔ a Ghana Health Service taa de ma wɔ mmeae a yareɛ no atae asi na ama banbɔ.","Can we get a vaccine against cholera? Yes, there is a vaccine (Oral Cholera Vaccine) that the Ghana Health Service often distributes in outbreak areas to provide protection.",Ghana Health Service
"Mewɔ Sunyani, ayaresabea bɛn na menkɔ?",emergency_query,Kɔ Sunyani Regional Hospital anaa clinic biara a ɛbɛn wo ntɛm ara. Wɔwɔ nnuru a yɛde sa cholera.,"I am in Sunyani, which hospital should I go to? Go to Sunyani Regional Hospital or any clinic near you immediately. They have the treatments for cholera.",Ghana Health Service
"Me ho nsuo asa koraa, dɛn na ɛkyerɛ?",symptoms_query,"Sɛ wo ho nsuo asa a, wobɛhu sɛ wo nsa ne wo nan ho nwoma repipiri (loss of skin elasticity), wo nsa bekyere wo, na woani bɛpɔn. Kɔ ayaresabea!","My fluids are completely gone, what does it mean? If you are severely dehydrated, you will notice your skin wrinkling (loss of skin elasticity), muscle cramps, and sunken eyes. Go to the hospital!",WHO Ghana
"Nsuo a yɛde asikre ne nkyene afra mu no, ɛsɛe mprepren?",treatment_query,"Aane, fie ORS nsuo biara a woayɛ no ntena hɔ nnɔnhwerew 24 akyi. Sɛ akyɛ a, to gu na yɛ foforo.","The water mixed with sugar and salt, does it spoil quickly? Yes, any home-made ORS water you make should not stay past 24 hours. If it lasts long, discard it and make a new one.",CDC
"Good afternoon, chatbot",general_greeting,Mema wo aha! Akwaaba. Me ne wo Cholera Twi Chatbot. Dɛn na mɛtumi akyerɛ wo nnɛ?,"Good afternoon, chatbot. Good afternoon! Welcome. I am your Cholera Twi Chatbot. What can I show you today?",Ghana NLP
"Response no yɛ fɛ, medaase",general_greeting,Meda wo ase nso! Apɔwmuden yɛ adɛn kɛseɛ. Hwɛ wo ho so yie na kɔ so horo wo nsa.,"The response is beautiful, thank you. Thank you too! Health is wealth. Take good care of yourself and keep washing your hands.",Ghana NLP
Asuogya a yɛnkɔ bi betumi afiri cholera aba?,transmission_query,"Dabi, asuogya a wonkɔ nni cholera mu, na mmom ayamtuo kɛseɛ a ɛnto mpa na ɛba. Eyi na ɛde asiane ba.","Can constipation come from cholera? No, constipation does not happen in cholera, rather it causes severe uncontrollable diarrhea. This is what brings danger.",WHO Ghana
"Nnuane a yɛanoa no akyɛ, ɛwɔ sɛ yɛnua bio?",prevention_query,"Aane paa, ɛwɔ sɛ wo nua aduane biara a akyɛ mu yie ma ɛyɛ hyere paa ansa na woadi na woakum mmoawa biara.","Food that was cooked long ago, do we need to heat it again? Yes indeed, you must heat any leftover food thoroughly so it is very hot before eating to kill any bacteria.",Ghana Ministry of Health
"Sɛ me nsa ho fi a, metumi de kyere me ba aduane?",prevention_query,"Dabi, ɛyɛ asiane paa! Hohoro wo nsa ne samina ansa na woayɛ aduane anaa woama wo ba aduane na woanma no cholera.","If my hands are dirty, can I feed my child? No, it is very dangerous! Wash your hands with soap before preparing food or feeding your child so you don't give them cholera.",CDC Ghana
Ghana Health Service bɛtumi aboa me sɛ me fiefoɔ nya yareɛ yi?,emergency_query,"Aane, kɔ government clinic biara a ɛbɛn wo ntɛm ara. Ghana Health Service ama nnuru a ɛho hia gu hɔ kwa ma cholera.","Can the Ghana Health Service help me if my family gets this sickness? Yes, go to any government clinic near you immediately. The Ghana Health Service has provided essential medicines there for free for cholera.",Ghana Health Service
Mepɛ sɛ mehu cholera mmoawa no su,transmission_query,"Cholera mmoawa no yɛ nketenkete a yɛfrɛ no Vibrio cholerae. Yɛnni ani ntaa nhu wɔn, gye sɛ yɛde microscope na ɛhwɛ.","I want to know the nature of the cholera bacteria. The cholera bacteria are tiny organisms called Vibrio cholerae. We cannot see them with our naked eyes, except by using a microscope.",WHO Ghana
"Ayamtuo no akyɛ nnansa, ɛyɛ cholera?",symptoms_query,Ɛbetumi ayɛ cholera anaa yareɛ foforo. Cholera ayamtuo ba ntɛm ara na emu yɛ den. Kɔ ayaresabea ntɛm kɔhwɛ wo ho.,"The diarrhea has lasted three days, is it cholera? It could be cholera or another disease. Cholera diarrhea comes suddenly and is very severe. Go to the hospital quickly to check yourself.",CDC
"Kyei chatbot, ɔkwan bɛn so na metumi abisa nsɛm?",general_greeting,"Akwaaba! Kyere biribiara a wopɛ sɛ wuhu fa cholera nsenkyerɛne, banbɔ anaa ayaresa ho na mɛbua wo.","Hey chatbot, how can I ask questions? Welcome! Type anything you want to know about cholera symptoms, prevention, or treatment and I will answer you.",Ghana NLP
Medaase ma mmuaeɛ no,general_greeting,Meda wo ase nso! Apɔwmuden na yɛrepɛ ma wo. Tena ase asomdwoe mu.,Thank you for the response. Thank you too! We wish you good health. Stay safe.,Ghana NLP
Sɛ meba no anya cholera a metumi ma no nufosuo?,treatment_query,"Aane, sɛ abofra no renum nufosuo a, kɔ so ma no nufosuo no pii ɛfra ORS nsuo no ho na wanya ahoɔden.","If my child gets cholera can I give them breast milk? Yes, if the baby is breastfeeding, keep giving them plenty of breast milk in addition to the ORS water so they gain strength.",WHO Ghana
Efi a ɛgu mmeae pii betumi ama yareɛ no atrɛ?,transmission_query,"Aane paa, sɛ fĩ gu mmeae pii a mfifiseɛ betumi de afiri hɔ abɛgu yɛn nnuane ne nsuo mu na ama cholera atrɛ ntɛm.","Can filth in many places cause the disease to spread? Yes indeed, if filth is scattered, flies can carry it from there into our food and water and cause cholera to spread fast.",Ghana Ministry of Health
"Nsuo a ɛwɔ safe sachet mu, cholera mmoawa betumi awura mu?",transmission_query,"Sɛ sachet water no firi company pa a Ghana Standards Authority apene so a, ɛyɛ banbɔ. Hwɛ yie wɔ nea wotɔ ho.","Water in safe sachets, can cholera bacteria enter it? If the sachet water comes from a good company approved by the Ghana Standards Authority, it is safe. Be careful about where you buy.",Ghana Health Service
"Sɛ me nsa kyere me me nan mu a, ɛdeɛn aduru na ɛbɛboa?",treatment_query,Nom ORS nsuo ntɛm ara na kɔ clinic. Saa nsa kyere yi (muscle cramps) firi nsuo ne nkyene a ɛsa wɔ ho nti.,"If my hands and legs cramp, what medicine will help? Drink ORS water immediately and go to the clinic. These muscle cramps are due to the loss of water and salts from your body.",CDC
"Me ho yɛ hye guwɔɔ, ɛyɛ cholera paa?",symptoms_query,"Cholera ntaa mfa atiridii (fever) kɛseɔ mma. Sɛ atiridii no mu yɛ den a, ebia ɛyɛ malaria anaa yareɛ foforo, nanso kɔ ayaresabea kɔhwɛ.","I feel slightly feverish, is it definitely cholera? Cholera doesn't usually come with high fever. If the fever is severe, it might be malaria or another illness, but go to the hospital to check.",WHO Ghana
Ayamtuo ne afeɛ no kɔ so a metumi de aduru biara a ɛsiw ayamtuo kwan mma yarefoɔ no?,treatment_query,"Dabi, mma no aduru biara a ɛsiw ayamtuo kwan (anti-diarrheal meds) gye sɛ dɔkota na akyerɛ, efisɛ ɛremma mmoawa no mfi ne ho. Ma no ORS mmom.","If the diarrhea and vomiting continue can I give the patient any anti-diarrheal medicine? No, do not give any anti-diarrheal medicine unless prescribed by a doctor, because it prevents the bacteria from leaving the body. Give ORS instead.",CDC Ghana
"Afeɛ no ano yɛ den paa, dɛn ne emergency dwumadie?",emergency_query,"EYI NE EMERGENCY! Sɛ afeɛ no mpa a, mma no nsuo pii wɔ ne ntin (IV fluids) wɔ clinic ntɛm ara na wankɔtɔ mmetegwee.","The vomiting is very severe, what is the emergency action? THIS IS AN EMERGENCY! If the vomiting doesn't stop, let them give him plenty of intravenous fluids (IV fluids) at the clinic immediately so he doesn't collapse.",WHO Ghana
Monya ayaresa ho nkrataa foforo?,general_greeting,Metumi akyerɛ wo cholera ho nsɛm pii. Bisa me biribiara a wopɛ sɛ wuhu fa apɔwmuden ho wɔ saa yareɛ yi ho.,Do you have other medical documents? I can tell you a lot of information about cholera. Ask me anything you want to know about health regarding this disease.,Ghana NLP
"Mema wo adwo, chatbot pa",general_greeting,Mema wo adwo paa! Ɛyɛ me anigye sɛ woaba ha. Dɛn nsɛmmisa na mewɔ ma wo nnɛ fa cholera banbɔ ho?,"Good evening, good chatbot. Good evening indeed! It is my pleasure that you are here. What questions do I have for you today about cholera prevention?",Ghana NLP
Nkurɔfoɔ a wɔwɔ Accra taa nya cholera asuten bere mu?,transmission_query,"Aane, mmeae bi a atwene ne efi dɔɔso wɔ Accra no taa nya cholera wɔ nsutɔ bere mu ɛfiri nsuo a ɛsɛe nti. Ghana Health Service bɔ kɔkɔɔ daa.","Do people in Accra often get cholera during the rainy season? Yes, some areas with blocked drains and filth in Accra often experience cholera in the rainy season due to contaminated water. The Ghana Health Service issues warnings regularly.",Ghana Health Service
Sɛ me nua nsuo no simma dodo na mmoawa no wu?,prevention_query,Noa wo nsuo no ma ɛrehuru yie bɛyɛ simma baako kɔsi simma nnunum na woanya awerɛhyem sɛ cholera mmoawa no awuwu.,If I boil the water for how many minutes will the bacteria die? Boil your water to a rolling boil for about 1 to 5 minutes to be assured that the cholera bacteria are dead.,WHO Ghana
"Nnuru a yɛde chlorine yɛ no, ɛsiw cholera kwan?",prevention_query,"Aane, chlorine tablets te sɛ Aquatabs bɔ nsuo ho ban paa na ɛkum cholera mmoawa biara a ɛwɔ nsuo no mu.","The chemicals made with chlorine, do they prevent cholera? Yes, chlorine tablets like Aquatabs protect water very well and kill any cholera bacteria inside the water.",CDC Ghana
"Me nana yareɔ paa na ne ho nsuo asa, ɔbɛtumi anom fie ORS?",treatment_query,"Sɛ n'ani da hɔ na ɔbetumi anom a, ma no fie ORS no ntɛm ara bere a moretwɛn ambulance anaa sɛ morekɔ ayaresabea.","My grandparent is very sick and dehydrated, can they drink home-made ORS? If they are conscious and able to swallow, give them the home-made ORS immediately while waiting for an ambulance or traveling to the hospital.",Ghana Ministry of Health
"Sɛ obi anom cholera nsuo, ɛyɛ a ɔbɛyɛ yarefoɔ ntɛm?",transmission_query,Ebia betumi afi ase nnɔnhwerew kakraa bi mu kɔsi nna kakra mu. Nnipa pii yare afiri dwuma yi mu ntɛm.,"If someone drinks cholera water, do they become sick quickly? It can start within a few hours to a few days. Many people become sick from this action quickly.",WHO Ghana
"Ghana NLP, mo adwuma yi boa paa",general_greeting,Meda wo ase! Ɛyɛ yɛn anigye sɛ yɛde Twi kasa bɛboa ɔmanfoɔ ma wɔanya apɔwmuden afiri cholera ho.,"Ghana NLP, your work helps a lot. Thank you! It is our joy to use the Twi language to help the public gain good health away from cholera.",Ghana NLP
Me da wo ase ma mmoaeɛ no,general_greeting,Meda wo ase nso! Kɔ so tena ase asomdwoe mu na bɔ wo ho ban afiri cholera yareɛ ho.,I thank you for the help. Thank you too! Keep staying safe and protect yourself from the cholera disease.,Ghana NLP
Sɛ me ho yɛ mmerɛ na mefe nsubɛn a ɛwɔ he na menkɔ wɔ Kumasi?,emergency_query,Kɔ Komfo Anokye Teaching Hospital anaa government hospital biara a ɛbɛn wo wɔ Kumasi ntɛm ara! Ɛyɛ emergency!,If I feel weak and vomit rice-water where should I go in Kumasi? Go to Komfo Anokye Teaching Hospital or any government hospital near you in Kumasi immediately! It is an emergency!,Ghana Health Service
Ayamtuo a atiridii nnim betumi ayɛ cholera?,symptoms_query,"Aane paa, cholera ayamtuo taa ba a atiridii (fever) kɛseɛ nnim. Ɛno nti hwɛ yie na ma no ORS nsuo.","Can diarrhea without fever be cholera? Yes indeed, cholera diarrhea usually occurs without a high fever. Therefore, be careful and give ORS water.",CDC
Mfifiseɛ betumi de cholera afiri beae a efi guom?,transmission_query,"Aane, mfifiseɛ bɔ efi ne atwene ho na wɔde mmoawa no gu yɛn nnuane so. Eyi nti yɛnkata nnuane so yie bere biara.","Can flies bring cholera from places where waste is dumped? Yes, flies visit waste and drains and then deposit the bacteria onto our food. Therefore, let us cover food well at all times.",WHO Ghana
Sɛ me ho nni samina a metumi de nsuo kwa ahohoro me nsa?,prevention_query,Nsuo kwa ntaa nkum cholera mmoawa no yie. Fa samina anaa nsofa (ash) fra mu ahoro wo nsa na woanya banbɔ pa.,If I don't have soap can I use water alone to wash my hands? Water alone usually doesn't kill the cholera bacteria effectively. Use soap or mix with ash to wash your hands for proper protection.,CDC Ghana
"Me ho nsuo asa na meyam rekyere me, dɛn aduru na ɛwɔ hɔ?",treatment_query,"Nom ORS nsuo ntɛm ara. Sɛ wo nni bi a, yɛ fie ORS (asikre ne nkyene nsuo) na nom na woanya ahoɔden ansa na woakɔ clinic.","My fluids are gone and my stomach is cramping, what medicine is there? Drink ORS water immediately. If you don't have any, make home-made ORS (sugar and salt water) and drink to gain strength before going to the clinic.",Ghana Ministry of Health
"Mema wo akye chatbot, ete sɛn?",general_greeting,"Mema wo akye paa! Me ho yɛ, akwaaba. Dɛn nsɛm na wopɛ sɛ mekyerɛ wo fa cholera ho nnɛ?","Good morning chatbot, how is it? Good morning indeed! I am fine, welcome. What information do you want me to show you about cholera today?",Ghana NLP
"Chatbot, wo tumi kasa Fante mu?",general_greeting,"Aane, metumi te Fante ne Akuapem Twi nso mu kakra efisɛ yɛn nyinaa yɛ Akan. Bisa me cholera ho nsɛm biara.","Chatbot, can you speak Fante? Yes, I can understand Fante and Akuapem Twi a bit as well because we are all Akan. Ask me any questions about cholera.",Ghana NLP
"Ayamtuo no te sɛ mrose nsuo, ɛho hia clinic?",emergency_query,EYI NE EMERGENCY! Ayamtuo a ɛte sɛ mrose nsuo (rice-water) kyerɛ sɛ cholera no mu yɛ den paa. Kɔ clinic mprepren ara!,"The diarrhea looks like rice water, is the clinic necessary? THIS IS AN EMERGENCY! Diarrhea that looks like rice-water means the cholera is very severe. Go to the clinic right away!",WHO Ghana
Sɛ yɛtɔ nsuo wɔ kwan ho a ɛbɛtumi ama yɛanya cholera?,transmission_query,"Aane, sɛ nsuo no firi beae a ho nni fĩ anaa yɛanyɛ no yie a, cholera mmoawa betumi atena mu na afra wo ho. Hwɛ nea wotɔ yie.","If we buy water on the street can it cause us to get cholera? Yes, if the water comes from an unhygienic source or wasn't processed well, cholera bacteria can live in it and infect you. Be careful about what you buy.",CDC Ghana
Mɛyɛ deɛn na me fiefoɔ anya atiridii ne ayamtuo?,prevention_query,"Ma wo mpɔtam hɔ nni fĩ, nua wo nsuo, na horo wo nsa daa. Sɛ ayamtuo ba a ma no ORS na kɔ clinic.","What can I do so my family doesn't get fever and diarrhea? Keep your environment clean, boil your water, and wash your hands regularly. If diarrhea occurs give ORS and go to the clinic.",Ghana Ministry of Health
ORS paket no yɛ aduru a yɛtɔn no mma?,treatment_query,"Aane, yɛtɔn no wɔ aduruyɛdan (pharmacy) biara, na Ghana Health Service nso de ma kwa wɔ government clinics pii mu.","The ORS packet, is it a medicine that is sold? Yes, it is sold at any pharmacy, and the Ghana Health Service also distributes it for free at many government clinics.",Ghana Health Service
Sɛ me ba no refe na ɔrentumi nnom ORS nsuo no nso?,emergency_query,"KƆ AYARESABEA NTƐM ARA! Sɛ ɔrentumi nnom nsuo a, ɛwɔ sɛ dɔkota de nsuo fa ne ntin mu (IV fluids) ntɛm na wankɔwu.","What if my child is vomiting and cannot drink the ORS water either? GO TO THE HOSPITAL IMMEDIATELY! If they cannot drink water, the doctor must give fluids through their veins (IV fluids) quickly so they don't die.",WHO Ghana
Medaase paa chatbot,general_greeting,Meda wo ase nso! Apɔwmuden yɛ adɛn kɛse. Kɔ so bɔ wo ho ban afiri cholera yareɛ ho.,Thank you very much chatbot. Thank you too! Health is wealth. Keep protecting yourself from the cholera disease.,Ghana NLP
"Yaa nua, wo ho te sɛn?",general_greeting,"Me ho yɛ, akwaaba! Me ne Cholera Twi Chatbot. Metumi abua wo cholera ho nsɛmmisa biara.","Hello brother/sister, how are you? I am fine, welcome! I am the Cholera Twi Chatbot. I can answer any cholera questions.",Ghana NLP
Sɛ nkurɔfoɔ gu fĩ gu nkuraa ase a ɛde cholera ba?,transmission_query,"Aane paa, adagya mu tena (open defecation) ma cholera bacteria fa nsuo mu kɔnom mu na ɛtrɛ yareɛ no ntɛm wɔ nkuraa ase.","If people defecate in the open in rural areas does it cause cholera? Yes indeed, open defecation allows cholera bacteria to travel through water sources into drinking water and spreads the disease fast in rural areas.",CDC Ghana
"Me nsa bekyere me afiri ayamtuo nti, ɛyɛ dɛn?",symptoms_query,Eyi kyerɛ sɛ wo ho nsuo ne nkyene pii asa afiri nipadua no mu (severe dehydration). Nom ORS ntɛm na kɔ clinic.,"My hands are cramping because of diarrhea, what is it? This means a lot of water and essential salts have depleted from your body (severe dehydration). Drink ORS quickly and go to the clinic.",WHO Ghana
"Nsuo a yɛde chlorine akyekyere mu, ɛyɛ safe ma mmofra?",prevention_query,"Aane, nsuo a yɛde chlorine (te sɛ Aquatabs) akyekyere mu yɛ safe paa ma mmofra ne mpanyimfoɔ nom na ɛsiw cholera kwan.","Water treated with chlorine, is it safe for children? Yes, water treated with chlorine (like Aquatabs) is very safe for children and adults to drink and prevents cholera.",Ghana Ministry of Health
"Sɛ me ba no ho ayɛ mmerɛ na n'ani apɔn, dɛn na mɛyɛ?",emergency_query,EYI NE EMERGENCY KƐSE! Fa no kɔ ayaresabea mprepren ara. N'ani a apɔn kyerɛ sɛ wo ho nsuo asa koraa.,"If my child becomes very weak and eyes are sunken, what should I do? THIS IS A HUGE EMERGENCY! Take them to the hospital right away. Sunken eyes indicate severe fluid loss.",WHO Ghana
"Me fiefoɔ pɛ sɛ wɔnom nsuo firi abutuo mu, ɔkwan bɛn so na yɛbɛyɛ no safe?",prevention_query,"Noa nsuo no ma ɛrehuru yie ansa na moanom, anaa monsɔn mu na momfa aduru a ɛkyekyere nsuo mu afra mu.","My family wants to drink water from a well, how can we make it safe? Boil the water until it bubbles before you drink, or filter it and mix it with water purification tablets.",CDC Ghana
"Chatbot, wo tumi boa me ma me anya aduru?",treatment_query,"Mente sɛ aduruyɛdan nanso metumi akyerɛ wo sɛnea yɛyɛ ORS wɔ fie: fa nsuo, asikre, ne nkyene fra bom. Kɔ pharmacy kɔtɔ paket no nso.","Chatbot, can you help me get medicine? I am not a pharmacy but I can show you how to make ORS at home: mix water, sugar, and salt. Go to a pharmacy to buy the packet too.",Ghana Health Service
Mema wo adwo o!,general_greeting,Mema wo adwo paa! Akwaaba. Bisa me biribiara a wopɛ sɛ wuhu fa cholera yareɛ no ho.,Good evening to you! Good evening indeed! Welcome. Ask me anything you want to know about the cholera disease.,Ghana NLP
Medaase ma wo mmuaeɛ pa no,general_greeting,Meda wo ase nso! Yɛpɛ sɛ wo ne wo fiefoɔ nya apɔwmuden daa. Tena ase asomdwoe mu.,Thank you for your good response. Thank you too! We want you and your family to have good health always. Stay safe.,Ghana NLP
"Ayamtuo a ɛfeɔ fra mu, ɛyɛ yareɔ bɔne?",symptoms_query,"Aane, sɛ ayamtuo ne ɛfeɛ bom ba a, ɛtumi yɛ cholera nsenkyerɛne kɛseɛ na ɛsɛe nsuo wɔ ho ntɛm. Hwɛ wo ho so yie.","Diarrhea combined with vomiting, is it a bad disease? Yes, when diarrhea and vomiting come together, it can be a major symptom of cholera and depletes bodily fluids quickly. Take good care of yourself.",WHO Ghana
"Mfifiseɛ pii wɔ me fie, ɛde cholera bɛba?",transmission_query,"Aane, mfifiseɛ betumi de fĩ afiri abɔnten abɛgu wo nnuane so. Kata wo nnuane so yie na tu mfifiseɛ no afiri wo fie.","There are many flies in my house, will it bring cholera? Yes, flies can bring filth from outside onto your food. Cover your food well and eliminate flies from your home.",CDC Ghana
"Me nsa ne me nan mu rekyere me, ɛyɛ cholera?",symptoms_query,"Aane, muscle cramps (nsakyere ne nankyere) yɛ cholera nsenkyerɛne kɛseɛ bi a ɛda adi sɛ wo ho nsuo ne nkyene pii asa. Nom ORS ntɛm.","My hands and legs are cramping, is it cholera? Yes, muscle cramps are a major symptom of cholera showing that a lot of water and salt are gone from your body. Drink ORS quickly.",Ghana Ministry of Health
"Sɛ me nsuo no ho tew, cholera mmoawa betumi atena mu?",transmission_query,"Aane, cholera mmoawa no yɛ nketenkete a ani ntaa nhu, nti nsuo betumi ayɛ hyɛnn nanso mmoawa gu mu. Noa wo nsuo daa.","If my water looks clean, can cholera bacteria live in it? Yes, cholera bacteria are very tiny and invisible to the naked eye, so water can be clear yet contain bacteria. Boil your water always.",WHO Ghana
Ghana Health Service de aduru ma kwa?,treatment_query,"Aane, wɔ government clinics pii mu no, Ghana Health Service de ORS ne IV fluids ma kwa ma cholera yarefoɔ na ama wɔagye wɔn nkwa.","Does the Ghana Health Service give medicine for free? Yes, in many government clinics, the Ghana Health Service provides ORS and IV fluids for free to cholera patients to save their lives.",Ghana Health Service
"Chatbot, dɛn na metumi akyerɛ me mma fa nsa hohoro ho?",prevention_query,Kyerɛ wɔn sɛ wɔde samina ne nsuo a ɛretew ahohoro wɔn nsa bere biara a wobɛfi asuogya anaa ansa na wɔaredidi na wɔakum mmoawa.,"Chatbot, what can I teach my children about handwashing? Teach them to use soap and running water to wash their hands every time they leave the toilet or before eating to kill bacteria.",CDC Ghana
"EYI NE EMERGENCY, boa me!",emergency_query,"Sɛ obi ho reasa ntɛm ara a, ma no ORS nsuo seesei na monsɔre nkɔ ayaresabea a ɛbɛn mo ntɛm ara! Mmtwɛn koraa.","THIS IS AN EMERGENCY, help me! If someone is losing fluids rapidly, give them ORS water right now and rise up to the nearest hospital immediately! Do not wait at all.",WHO Ghana
"Hello, chatbot pa",general_greeting,"Hello, akwaaba! Me ne Cholera Twi Chatbot. Metumi abua wo cholera ho nsɛmmisa biara.","Hello, good chatbot. Hello, welcome! I am the Cholera Twi Chatbot. I can answer any cholera questions.",Ghana NLP
"Mo mmuaeɛ no boa paa, medaase",general_greeting,Meda wo ase nso! Hwɛ na di aduane a ɛyɛ hyere paa na wanom nsuo pa daa. Hwɛ wo ho so.,"Your response helps a lot, thank you. Thank you too! Ensure you eat very hot food and drink clean water always. Take care of yourself.",Ghana NLP
"Sɛ me ho yɛ mmerɛ kɛse na meretumi annyina me nan so, ɛyɛ cholera?",symptoms_query,Mmerɛyɛ kɛseɛ a ɛte sɛ saa betumi afiri nsuo pii a ɛsa wɔ wo ho afiri cholera ayamtuo ne afeɛ mu. Kɔ clinic ntɛm ara!,"If I feel very weak and cannot stand on my feet, is it cholera? Severe weakness like this can come from the massive loss of fluids due to cholera diarrhea and vomiting. Go to the clinic quickly!",CDC Ghana
"Aduane a mfifiseɛ dii so, ɛwɔ sɛ me to gu?",prevention_query,"Aane, ɛyɛ banbɔ paa sɛ wobɛto aduane a mfifiseɛ pii dii so gu, efisɛ wɔbetumi de cholera mmoawa abɛgu so a ɛde yareɛ bɛba.","Food that flies visited, should I throw it away? Yes, it is very safe to throw away food that many flies visited, because they could have deposited cholera bacteria onto it which causes sickness.",Ghana Ministry of Health
"Sɛ me ba no nsuo asa na n'anofafa awo, ɛyɛ emergency?",emergency_query,"AANE, EYI NE EMERGENCY! Anofafa a awo kyerɛ sɛ abofra no ho nsuo asa koraa afiri ayamtuo mu. Ma no ORS na kɔ clinic seesei.","If my child is dehydrated and their mouth is dry, is it an emergency? YES, THIS IS AN EMERGENCY! A dry mouth means the child is severely dehydrated from diarrhea. Give ORS and go to the clinic right now.",WHO Ghana
Heffa na yɛyɛ vaccine wɔ Ghana ha?,prevention_query,Ghana Health Service taa yɛ cholera vaccine dwumadie wɔ mmeae a yareɛ no atae asi. Kɔ government hospital a ɛbɛn wo kɔbisa.,Where do they do the vaccine in Ghana? The Ghana Health Service usually conducts cholera vaccine campaigns in areas where the disease breaks out. Go to a government hospital near you to ask.,Ghana Health Service
ORS nsuo no yɛbɛtumi de nsuo firi subɔnten mu ayɛ?,treatment_query,Dabi! Ɛwɔ sɛ wo de nsuo pa a wɔanoa mu anaa pure water na ɛyɛ ORS nsuo no na woande mmoawa foforo anwura yarefoɔ no ho.,"The ORS water, can we use water from the river to make it? No! You must use clean water that has been boiled or sachet water to make the ORS solution so you don't introduce new bacteria into the patient.",CDC Ghana
"Ayamtuo no mu yɛ den na ɛfeɛ no nto mpa, dɛn aduru na metumi anyan wɔ fie?",treatment_query,"Nyan ORS nsuo (lita baako nsuo, asikre nsia, nkyene fa) ma no nom ntɛm ara na monfa no nkɔ ayaresabea mprepren ara.","The diarrhea is severe and vomiting won't stop, what medicine can I mix at home? Mix ORS water (1 liter water, 6 teaspoons sugar, 1/2 teaspoon salt) for them to drink immediately and take them to the hospital right away.",WHO Ghana
"Chatbot, da mase!",general_greeting,Meda wo ase nso! Apɔwmuden yɛ adɛn kɛse. Tena ase asomdwoe mu na bɔ wo ho ban.,"Chatbot, thank you! Thank you too! Health is wealth. Stay safe and protect yourself.",Ghana NLP
Response yi boa me paa nnɛ,general_greeting,Ɛyɛ me anigye paa! Bisa me biribiara a ɛfa cholera banbɔ ne ano aduru ho bio na mɛbua wo.,This response helps me a lot today. I am very happy! Ask me anything about cholera prevention and treatment again and I will answer you.,Ghana NLP
"Sɛ meba no anya ayamtuo na merekyere no fie, ɛyɛ asiane?",emergency_query,"Aane, sɛ ayamtuo no te sɛ nsubɛn na emu yɛ den a, mmkyere no fie. Kɔ ayaresabea ntɛm na wankɔwu afiri dehydration mu.","If my child gets diarrhea and I keep them at home, is it dangerous? Yes, if the diarrhea looks like rice-water and is severe, do not keep them at home. Go to the hospital quickly so they don't die from dehydration.",CDC Ghana
Kwan bɛn so na cholera bacteria fa sa yɛn?,transmission_query,Bacteria no fa nsuo anaa aduane a fĩ guom akɔwura mu a yɛnom anaa yɛdi mu. Ɛno na ɛtare yɛn.,How does the cholera bacteria infect us? The bacteria travels through water or food contaminated with waste that we drink or eat. That is how it infects us.,WHO Ghana
Sɛ me ho nni samina metumi de aduru a yɛde hohoro nsa (sanitizer) adi dwuma?,prevention_query,"Aane, alcohol-based hand sanitizer betumi akum mmoawa bi, nanso samina ne nsuo a ɛretew da so yɛ ɔkwan pa paa ma cholera.","If I don't have soap can I use hand sanitizer instead? Yes, alcohol-based hand sanitizer can kill some bacteria, but soap and running water remain the best method for cholera.",CDC Ghana
"Me ho nsuo asa afiri ayamtuo mu, dɛn ne nsenkyerɛne?",symptoms_query,"Wobɛhu sɛ wo ho nwoma repipiri, woapɔn ani, wo ho ayɛ mmerɛ kɛse, na woanofafa awo. Kɔ ayaresabea ntɛm!","My fluids are low from diarrhea, what are the symptoms? You will notice your skin wrinkling, sunken eyes, extreme weakness, and a dry mouth. Go to the hospital quickly!",WHO Ghana
Government clinics wɔ ORS aduru pii?,treatment_query,"Aane, Ghana Health Service abɔ mbɔden de ORS nnuru pii agu government clinics ahorow mu sɛnea yarefoɔ bɛnya ayaresa kwa.","Do government clinics have plenty of ORS medicine? Yes, the Ghana Health Service has made efforts to place plenty of ORS medicines in various government clinics so patients receive free treatment.",Ghana Health Service
Asikre dodo bɛn na yɛde yɛ fie ORS?,treatment_query,Fa asikre nsa-mmerɛ nsia (6 teaspoons) ne nkyene nsa-mmerɛ fa (1/2 teaspoon) fra nsuo pa lita baako mu.,How much sugar do we use to make home-made ORS? Use 6 teaspoons of sugar and 1/2 teaspoon of salt mixed into 1 liter of clean water.,CDC Ghana
"Yarefoɔ no rentumi nkasa bio, dɛn na mɛyɛ?",emergency_query,EYI NE EMERGENCY A ƐMU YƐ DEN PAA! Mma no nnnom biribiara na wankɔfe anwura ne hwerew mu. Fa no kɔ ayaresabea ntɛm ara!,"The patient cannot speak anymore, what should I do? THIS IS A VERY SEVERE EMERGENCY! Do not give them anything to drink so they don't choke. Take them to the hospital immediately!",WHO Ghana
"Mema wo aha o, chatbot!",general_greeting,Mema wo aha paa! Akwaaba bio. Metumi abua wo cholera ho nsɛmmisa biara nnɛ.,"Good afternoon to you, chatbot! Good afternoon indeed! Welcome again. I can answer any cholera questions today.",Ghana NLP
Medaase ma wo boa,general_greeting,Meda wo ase nso! Apɔwmuden na yɛrepɛ ma wo ne wo fiefoɔ. Hwɛ wo ho so yie.,Thank you for your help. Thank you too! We wish good health for you and your family. Take good care of yourself.,Ghana NLP
"Sɛ me ho yɛ hye na meyam tu a, ɛyɛ cholera?",symptoms_query,"Cholera ayamtuo taa ba a atiridii nnim, nanso sɛ ayamtuo no te sɛ nsubɛn na emu yɛ den a, ebia ɛyɛ cholera. Kɔ clinic kɔhwɛ.","If I feel feverish and my stomach runs, is it cholera? Cholera diarrhea usually comes without fever, but if the diarrhea looks like rice-water and is severe, it could be cholera. Go to the clinic to check.",CDC
"Mfifiseɛ gyina efi so na ɔbɛsi me nuane so, mɛyɛ dɛn?",transmission_query,"Sɛ mfifiseɛ si wo nuane so a, ɛbetumi de cholera mmoawa agu so. To saa nuane no gu anaa nua mu yie ma ɛyɛ hyere paa ansa na woadi.","Flies stood on waste and landed on my food, what should I do? If flies land on your food, they can deposit cholera bacteria. Throw that food away or heat it thoroughly until very hot before eating.",WHO Ghana
"Nsuo a yɛnua mu, ɛkum cholera mmoawa no nyinaa?",prevention_query,"Aane paa, sɛ wo nua nsuo no ma ɛrehuru yie a, ɛkum cholera mmoawa ne mmoawa bɔne biara a ɛwɔ nsuo no mu na ama ayɛ safe.","Water that we boil, does it kill all cholera bacteria? Yes indeed, when you boil water to a rolling boil, it kills cholera bacteria and any harmful micro-organisms in the water to make it safe.",Ghana Ministry of Health
"Sɛ me nkyene ne asikre nsuo no akyɛ nnɔnhwerew 24, metumi ama me ba no anom?",treatment_query,"Dabi, to gu. Fie ORS nsuo biara a woayɛ no sɛe nnɔnhwerew 24 akyi. Yɛ foforo mmom ma no bere biara.","If my salt and sugar water lasts 24 hours, can I give it to my child to drink? No, throw it away. Any home-made ORS water you make spoils after 24 hours. Make a fresh one for them instead every time.",CDC Ghana
Ghana Health Service wɔ akwan bi a wɔde siw cholera kwan?,prevention_query,"Aane, Ghana Health Service yɛ apɔwmuden nkrataa, tu ɔmanfoɔ fo sɛ wɔnhohoro wɔn nsa, na wɔma vaccines wɔ mmeae a asiane wom.","Does the Ghana Health Service have ways to prevent cholera? Yes, the Ghana Health Service creates health campaigns, advises the public to wash hands, and provides vaccines in high-risk areas.",Ghana Health Service
Nsa hohoro ne samina boa paa?,prevention_query,"Aane, nsa hohoro ne samina ne nsuo a ɛretew gu nsuo pa mu siw cholera kwan kɛseɛ paa efisɛ ɛkum mmoawa no afiri wo nsa ho.","Does handwashing with soap help a lot? Yes, washing hands with soap and running water helps prevent cholera significantly because it kills the bacteria from your hands.",WHO Ghana
"Me ba no retumi anom ORS bio na ɔrefe paa, ɛwɔ sɛ mekɔ clinic?",emergency_query,"AANE, KƆ CLINIC MPREPREN ARA! Sɛ abofra no rentumi nnom aduru no na ɔrefe a, ne ho nsuo bɛsa ntɛm afiri ne ho na ankyɛ na ɔbɛtɔ mmetegwee.","My child cannot drink ORS anymore and is vomiting heavily, should I go to the clinic? YES, GO TO THE CLINIC RIGHT AWAY! If the child cannot drink the medicine and is vomiting, their fluids will deplete rapidly and they will collapse soon.",WHO Ghana
"Kyei chatbot pa, ete sɛn?",general_greeting,"Ɛyɛ, akwaaba! Me ne Cholera Twi Chatbot. Metumi abua wo cholera ho nsɛm biara wɔ Twi mu.","Hey good chatbot, how is it? It is well, welcome! I am the Cholera Twi Chatbot. I can answer any cholera questions in Twi.",Ghana NLP
Medaase ma nkrataa yi nyinaa,general_greeting,Meda wo ase nso! Kɔ so tena ase asomdwoe mu na hwɛ wo ho so yie afiri cholera ho.,Thank you for all this information. Thank you too! Keep staying safe and take good care of yourself away from cholera.,Ghana NLP
"Ayamtuo no firi ase nnɛ anɔpa na me ho nwoma repipiri, ɛyɛ dɛn?",emergency_query,Nwoma a repipiri (loss of skin elasticity) kyerɛ sɛ wo ho nsuo asa koraa (severe dehydration) afiri cholera mu. Kɔ ayaresabea ntɛm!,"The diarrhea started this morning and my skin is wrinkling, what is it? Wrinkling skin (loss of skin elasticity) means you are severely dehydrated from cholera. Go to the hospital quickly!",WHO Ghana
"Aduane a yɛankata so, cholera mmoawa betumi awura mu?",transmission_query,"Aane paa, mfifiseɛ betumi de fĩ afiri abɔnten abɛgu aduane a yɛankata so no so na ama yɛanya cholera yareɛ no.","Food that is not covered, can cholera bacteria enter it? Yes indeed, flies can bring waste from outside and deposit it onto uncovered food, causing us to get the cholera disease.",CDC Ghana
"Sɛ mepae pure water sachet na me nsa ho fi a, asiane wom?",prevention_query,"Aane, wo nsa a ho fi no betumi de mmoawa agu sachet no ano na woanom de cholera awura wo ho. Hohoro wo nsa ansa.","If I open a sachet of pure water and my hands are dirty, is there danger? Yes, your dirty hands can transfer bacteria to the tip of the sachet and you will drink it, introducing cholera into your body. Wash your hands first.",Ghana Ministry of Health
"Fie ORS nsuo no, yɛde nkyene dodo bɛn na ɛfra mu?",treatment_query,Fa nkyene nsa-mmerɛ fa (1/2 teaspoon) ne asikre nsia (6 teaspoons) fra nsuo pa lita baako mu.,"The home-made ORS water, how much salt do we mix in? Use 1/2 teaspoon of salt and 6 teaspoons of sugar mixed into 1 liter of clean water.",CDC Ghana
Ghana Health Service betumi abɔ yɛn kɔkɔɔ sɛ cholera ba a?,prevention_query,"Aane, Ghana Health Service taa de radio ne tv so bɔ ɔmanfoɔ kɔkɔɔ daa bere biara a cholera yareɛ no bɛba ɔman no mu.","Can the Ghana Health Service warn us if cholera comes? Yes, the Ghana Health Service usually uses radio and TV to warn the public whenever the cholera disease enters the country.",Ghana Health Service
"ORS paket no, yɛde nsuo dodo bɛn na ɛyɛ?",treatment_query,Taa fa nsuo pa lita baako na fa fra ORS paket baako mu yie sɛnea atwerɛ wɔ paket no akyi pɛpɛɛpɛ.,"The ORS packet, how much water do we use to make it? Typically use 1 liter of clean water to mix with one ORS packet thoroughly as written exactly on the back of the packet.",WHO Ghana
"Yarefoɔ no anya mmetegwee na ɔrente asɛm, dɛn ne emergency action?",emergency_query,EYI NE EMERGENCY A ƐMU YƐ DEN PAA! Mma no nnnom biribiara wɔ n'anom. Fa no kɔ ayaresabea ntɛm ara na wɔama no nsuo wɔ ne ntin (IV fluids).,"The patient has collapsed and is unresponsive, what is the emergency action? THIS IS A VERY SEVERE EMERGENCY! Do not give them anything by mouth. Take them to the hospital immediately for intravenous fluids (IV fluids).",WHO Ghana
"Mema wo adwo, chatbot nua!",general_greeting,Mema wo adwo paa! Akwaaba. Bisa me cholera ho nsɛmmisa biara a ɛfa apɔwmuden ho.,"Good evening, chatbot brother/sister! Good evening indeed! Welcome. Ask me any cholera questions regarding health.",Ghana NLP
Mo mmuaeɛ yi yɛ me fɛ paa daa,general_greeting,Meda wo ase nso! Yɛn anigye ne sɛ wo bɛbɔ wo ho ban afiri cholera yareɛ ho daa. Tena ase asomdwoe mu.,Your responses please me very much always. Thank you too! Our joy is that you protect yourself from the cholera disease always. Stay safe.,Ghana NLP
"Ayamtuo a ɛte sɛ mrose nsuo pii, ɛyɛ cholera nsenkyerɛne?",symptoms_query,"Aane paa, ayamtuo a ɛte sɛ mrose nsuo (rice-water stools) ne cholera nsenkyerɛne kɛseɛ a ɛda adi paa. Kɔ ayaresabea ntɛm.","Is plenty of rice-water diarrhea a cholera symptom? Yes indeed, diarrhea that looks like rice-water is the classic and most definitive symptom of cholera. Go to the hospital quickly.",WHO Ghana
"Sɛ me nom nsuo firi dɔteɛ mu a, metumi nya cholera?",transmission_query,"Aane, nsuo a ɛfiri dɔteɛ mu anaa atwene mu taa nya cholera mmoawa afiri efi mu. Asiane kɛseɔ wom sɛ wobɛnom.","If I drink water from a muddy place can I get cholera? Yes, water from muddy places or runoff drains often contains cholera bacteria from waste. There is big danger if you drink it.",CDC Ghana
Dɛn nti na samina hia paa bere a yɛhohoro yɛn nsa?,prevention_query,"Samina kum cholera mmoawa no na ɛyi efi biara a ɛwɔ wo nsa ho afiri hɔ, nea nsuo kwa nnfa nntumi nnyɛ.","Why is soap so important when we wash our hands? Soap kills the cholera bacteria and removes any filth from your hands, which water alone cannot do.",Ghana Ministry of Health
"Me fie ORS no, metumi de asikre pii afra mu sɛnea ɛbɛyɛ dɛ?",treatment_query,"Dabi, mma no nnkpasoɔ. Fa asikre nsia (6 teaspoons) ne nkyene fa (1/2 teaspoon) pɛpɛɛpɛ. Sɛ wo de asikre pii gu mu a, ɛbetumi ama ayamtuo no anya kɔ so kɛse.","My home-made ORS, can I mix plenty of sugar to make it sweet? No, do not exceed the limit. Use exactly 6 teaspoons of sugar and 1/2 teaspoon of salt. If you put too much sugar, it can make the diarrhea even worse.",WHO Ghana
Ghana Health Service bɛma yɛn aduru wɔ adagya mu?,treatment_query,"Ghana Health Service de nnuru gu government clinics mu. Sɛ wo kɔ hɔ a, wɔbɛhwɛ wo yie na wɔama wo ORS ne IV fluids a ɛho hia.","Will the Ghana Health Service give us medicine in the community? The Ghana Health Service places medicines in government clinics. If you go there, they will care for you well and give you the necessary ORS and IV fluids.",Ghana Health Service
"Sɛ me ho nsuo asa koraa na meretumi nte asɛm yie, ɛwɔ sɛ me nom ORS?",emergency_query,"Sɛ wo ho yɛ mmerɛ dodo na warentumi nnte asɛm yie a, ɛyɛ emergency kɛse. Kɔ ayaresabea ntɛm na wɔma wo nsuo wɔ wo ntin (IV fluids).","If my fluids are completely gone and I cannot understand things well, should I drink ORS? If you are too weak and semi-conscious, it is a major emergency. Go to the hospital quickly for intravenous fluids (IV fluids).",WHO Ghana
"Mema wo akye o, chatbot nua pa!",general_greeting,Mema wo akye paa! Akwaaba. Metumi abua wo cholera ho nsɛmmisa biara nnɛ.,"Good morning to you, good chatbot brother/sister! Good morning indeed! Welcome. I can answer any cholera questions today.",Ghana NLP
Medaase ma mmoaeɛ pa yi,general_greeting,Meda wo ase nso! Hwɛ wo ho so yie na horo wo nsa ne samina bere biara. Tena ase asomdwoe mu.,Thank you for this good help. Thank you too! Take good care of yourself and wash your hands with soap every time. Stay safe.,Ghana NLP
"Sɛ me ho yɛ mmerɛ na meretumi nnidi, ɛyɛ cholera?",symptoms_query,"Mmerɛyɛ betumi ayɛ cholera nsenkyerɛne afiri nsuo a ɛsa nti. Sɛ ayamtuo ne ɛfeɛ fra mu a, ɛyɛ asiane paa. Kɔ ayaresabea.","If I feel weak and cannot eat, is it cholera? Weakness can be a cholera symptom due to fluid loss. If diarrhea and vomiting are combined, it is very dangerous. Go to the hospital.",WHO Ghana
Abutuo a yɛankata so betumi de cholera bacteria aba?,transmission_query,"Aane paa, abutuo a yɛankata so no betumi anya efi afiri asuogya mu na mfifiseɛ de cholera mmoawa no awura nsuo no mu.","Can an uncovered well bring cholera bacteria? Yes indeed, an uncovered well can receive contamination from toilets and flies can introduce cholera bacteria into the water.",CDC Ghana
"Me nsa ho fi na me de yɛ aduane ma me fiefoɔ, ɛde yareɛ bɛba?",prevention_query,"Aane, eyi de cholera yareɛ bɛba ntɛm ara. Hohoro wo nsa ne samina ne nsuo a ɛretew bere biara ansa na woayɛ aduane.","My hands are dirty and I use them to cook for my family, will it bring disease? Yes, this will bring the cholera disease very quickly. Wash your hands with soap and running water every time before you cook.",Ghana Ministry of Health
Fie ORS nsuo no metumi de pure water sachet ayɛ?,treatment_query,"Aane, pure water sachet a ɛfiri beae pa a ho tew yɛ safe paa a wobetumi de ayɛ fie ORS nsuo no.","The home-made ORS water can I use a pure water sachet to make it? Yes, a pure water sachet from a clean, trusted source is very safe to use for making home-made ORS water.",CDC Ghana
Ghana Health Service de cholera vaccine ma adagya mu?,prevention_query,"Aane, Ghana Health Service de Oral Cholera Vaccine ma adagya mu kwa wɔ mmeae a cholera yareɛ no atae asi na ama banbɔ.","Does the Ghana Health Service give cholera vaccine in the community? Yes, the Ghana Health Service provides the Oral Cholera Vaccine in communities for free in areas where the cholera disease breaks out to ensure protection.",Ghana Health Service
"Sɛ me nsa kyere me me nan mu afiri ayamtuo nti, dɛn aduru na ɛwɔ hɔ?",treatment_query,Nom ORS nsuo seesei ara na kɔ clinic. Saa nsa kyere ne nankyere yi (muscle cramps) firi nsuo ne nkyene a ɛsa wɔ ho nti.,"If my hands and legs cramp because of diarrhea, what medicine is there? Drink ORS water right now and go to the clinic. These muscle cramps are due to the loss of water and salts from your body.",WHO Ghana
"Yarefoɔ no n'ani apɔn na ɔrente nsɛm, ɛwɔ sɛ me ma no ORS?",emergency_query,"Sɛ n'ani da hɔ na ɔbetumi anom a, ma no ORS nkakrakakra na monsɔre nkɔ ayaresabea seesei. Sɛ ɔrente nsɛm koraa a, mmfa nnom no na wankɔfe.","The patient's eyes are sunken and they are unresponsive, should I give them ORS? If they are conscious and able to swallow, give them ORS in small sips and head to the hospital right now. If completely unconscious, do not force them to drink so they don't choke.",CDC Ghana
"Mema wo aha, chatbot pa!",general_greeting,Mema wo aha paa! Akwaaba bio. Dɛn na wopɛ sɛ meboa wo fa cholera apɔwmuden ho nnɛ?,"Good afternoon, good chatbot! Good afternoon indeed! Welcome again. What do you want me to help you with regarding cholera health today?",Ghana NLP
Mo adwuma yi boa Ghanafoɔ paa,general_greeting,Meda wo ase! Ɛyɛ yɛn anigye sɛ yɛde Twi kasa bɛboa Ghanafoɔ nyinaa ma wɔanya apɔwmuden afiri cholera ho.,Your work helps Ghanaians a lot. Thank you! It is our joy to use the Twi language to help all Ghanaians gain good health away from cholera.,Ghana NLP
"Ayamtuo a ɛte sɛ nsubɛn ne afeɛ pii, ɛyɛ cholera?",symptoms_query,"Aane, ayamtuo kɛseɛ a ɛte sɛ nsubɛn (rice-water stools) ne afeɛ a ɛnto mpa yɛ cholera nsenkyerɛne titiriw. Kɔ clinic ntɛm.","Is watery diarrhea and plenty of vomiting cholera? Yes, severe watery diarrhea (rice-water stools) and frequent vomiting are primary symptoms of cholera. Go to the clinic quickly.",WHO Ghana
"Sɛ me nom nsuo firi asubɔnten mu a, metumi nya cholera mmoawa?",transmission_query,"Aane paa, asubɔnten nsuo pii nya efi afiri abɔnten na cholera mmoawa betumi atena mu. Noa wo nsuo ansa na wanom.","If I drink water from the river can I get cholera bacteria? Yes indeed, many river waters receive contamination from outside and cholera bacteria can live in them. Boil your water before drinking.",CDC Ghana
Dɛn nti na yɛkata aduane so afiri mfifiseɛ ho?,prevention_query,Yɛkata aduane so afiri mfifiseɛ ho efisɛ mfifiseɛ de fĩ afiri abɔnten abɛgu aduane so na ɛde cholera mmoawa bɛba.,Why do we cover food away from flies? We cover food away from flies because flies bring waste from outside onto the food and introduce cholera bacteria.,Ghana Ministry of Health
"Fie ORS nsuo no, metumi de nsuo a yɛnua mu ayɛ?",treatment_query,"Aane, nsuo a woanoa mu yie na ɛyɛ nwunu yɛ safe paa a wobetumi de ayɛ fie ORS nsuo no.","The home-made ORS water, can I use water that has been boiled to make it? Yes, water that you have boiled thoroughly and allowed to cool is very safe to use for making home-made ORS water.",CDC Ghana
Ghana Health Service wɔ nnuru a yɛde sa cholera wɔ clinics?,treatment_query,"Aane, Ghana Health Service abɔ mbɔden de ORS ne nsuo a yɛde bɔ ntin mu (IV fluids) agu clinics ahorow mu kwa ma yarefoɔ.","Does the Ghana Health Service have medicines to treat cholera in clinics? Yes, the Ghana Health Service has made efforts to place ORS and intravenous fluids (IV fluids) in various clinics for free for patients.",Ghana Health Service
"Me ba no ho ayɛ mmerɛ dodo na ɔrentumi nsɔre, dɛn ne emergency action?",emergency_query,EYI NE EMERGENCY KƐSE! Monsɔre mprepren kɔ ayaresabea a ɛbɛn mo. Dɔkota bɛma no nsuo wɔ ne ntin (IV fluids) ampon ne nkwa.,"My child is too weak and cannot wake up, what is the emergency action? THIS IS A HUGE EMERGENCY! Rise up right now and go to the nearest hospital. The doctor will give intravenous fluids (IV fluids) to save their life.",WHO Ghana
"Mema wo adwo o, chatbot nua!",general_greeting,Mema wo adwo paa! Akwaaba bio. Metumi abua wo cholera ho nsɛmmisa biara nnɛ.,"Good evening to you, chatbot brother/sister! Good evening indeed! Welcome again. I can answer any cholera questions today.",Ghana NLP
Medaase ma mmuaeɛ pa yi daa,general_greeting,Meda wo ase nso! Kɔ so bɔ wo ho ban afiri cholera yareɛ ho na horo wo nsa. Tena ase asomdwoe mu.,Thank you for this good response always. Thank you too! Keep protecting yourself from the cholera disease and wash your hands. Stay safe.,Ghana NLP
"Sɛ me ho yɛ mmerɛ na meyam tu a, ɛyɛ cholera?",symptoms_query,"Cholera ayamtuo taa ba a atiridii nnim, nanso sɛ ayamtuo no te sɛ nsubɛn na emu yɛ den a, ebia ɛyɛ cholera. Kɔ clinic kɔhwɛ.","If I feel feverish and my stomach runs, is it cholera? Cholera diarrhea usually comes without fever, but if the diarrhea looks like rice-water and is severe, it could be cholera. Go to the clinic to check.",CDC
Meda banknotes yi nyinaa ase,general_greeting,Meda wo ase nso! Ɛyɛ me anigye sɛ meboa wo. Hwɛ wo ho so yie afiri cholera ho.,Thank you very much for all this data. Thank you too! It is my pleasure to help you. Take good care of yourself against cholera.,Ghana NLP
Nsuo a yɛwɔ sɛ yɛnom no yɛ sɛn?,prevention_query,"Nom nsuo a wɔanoa, pure water a ɛfiri beae pa, anaa bottled water. Kora wo nsuo ho ban.","Which safe water should we drink? Drink boiled water, sachet water from a trusted source, or bottled water. Protect your water source.",Ghana Ministry of Health
Sɛ me ho nni samina metumi de nsuo kwa ahohoro me nsa?,prevention_query,Nsuo kwa ntaa nkum cholera mmoawa no yie. Fa samina anaa nsofa (ash) fra mu ahoro wo nsa na woanya banbɔ pa.,If I don't have soap can I use water alone to wash my hands? Water alone usually doesn't kill the cholera bacteria effectively. Use soap or mix with ash to wash your hands for proper protection.,CDC Ghana
Cholera yareɛ ho nsenkyerɛne titiriw ne sɛn?,symptoms_query,Ayamtuo ne afeɛ kɛseɛ a ɛnto mpa na ɛkyerɛ sɛ obi betumi anya cholera yareɛ no. Wo ho nsuo bɛtumi asa ntɛm ara.,"Severe watery diarrhea and uncontrollable vomiting are signs of cholera, which can cause rapid dehydration.",CDC Ghana
Obi a ɔwɔ cholera no ho da sɛn?,symptoms_query,Cholera yareɛ no ho nsenkyerɛne titiriw ne ayamtuo kɛseɛ a ɛte sɛ nsuo (a ɛte sɛ nsubɛn) ne ɛfeɛ a ɛnto mpa. Eyi betumi ama wo ho nsuo asa ntɛm (dehydration).,The main symptoms of cholera are severe watery diarrhea (like rice-water) and frequent vomiting. This can cause rapid dehydration.,WHO Ghana Health Service
"Ayamtuo a ɛte sɛ nsubɛn, ɛyɛ cholera nsenkyerɛne?",symptoms_query,Cholera yareɛ no ho nsenkyerɛne titiriw ne ayamtuo kɛseɛ a ɛte sɛ nsuo (a ɛte sɛ nsubɛn) ne ɛfeɛ a ɛnto mpa. Eyi betumi ama wo ho nsuo asa ntɛm (dehydration).,The main symptoms of cholera are severe watery diarrhea (like rice-water) and frequent vomiting. This can cause rapid dehydration.,WHO Ghana Health Service
"Afeɛ pii na me ho, ɛyɛ cholera?",symptoms_query,Ayamtuo ne afeɛ kɛseɛ a ɛnto mpa na ɛkyerɛ sɛ obi betumi anya cholera yareɛ no. Wo ho nsuo bɛtumi asa ntɛm ara.,"Severe watery diarrhea and uncontrollable vomiting are signs of cholera, which can cause rapid dehydration.",CDC Ghana
"Sɛ me ho yɛ hye na meyam tu a, ɛkyerɛ sɛn?",symptoms_query,Cholera yareɛ no ho nsenkyerɛne titiriw ne ayamtuo kɛseɛ a ɛte sɛ nsuo (a ɛte sɛ nsubɛn) ne ɛfeɛ a ɛnto mpa. Eyi betumi ama wo ho nsuo asa ntɛm (dehydration).,The main symptoms of cholera are severe watery diarrhea (like rice-water) and frequent vomiting. This can cause rapid dehydration.,WHO Ghana Health Service
"Me ho nsuo asa koraa sɛ mefe bebree, ɛyɛ dɛn?",symptoms_query,Ayamtuo ne afeɛ kɛseɛ a ɛnto mpa na ɛkyerɛ sɛ obi betumi anya cholera yareɛ no. Wo ho nsuo bɛtumi asa ntɛm ara.,"Severe watery diarrhea and uncontrollable vomiting are signs of cholera, which can cause rapid dehydration.",CDC Ghana
Cholera tumi ma obi n'ani apɔn?,symptoms_query,Cholera yareɛ no ho nsenkyerɛne titiriw ne ayamtuo kɛseɛ a ɛte sɛ nsuo (a ɛte sɛ nsubɛn) ne ɛfeɛ a ɛnto mpa. Eyi betumi ama wo ho nsuo asa ntɛm (dehydration).,The main symptoms of cholera are severe watery diarrhea (like rice-water) and frequent vomiting. This can cause rapid dehydration.,WHO Ghana Health Service
Ɛbɛtumi ayɛ cholera na ayamtuo no nni nsuo mu?,symptoms_query,Ayamtuo ne afeɛ kɛseɛ a ɛnto mpa na ɛkyerɛ sɛ obi betumi anya cholera yareɛ no. Wo ho nsuo bɛtumi asa ntɛm ara.,"Severe watery diarrhea and uncontrollable vomiting are signs of cholera, which can cause rapid dehydration.",CDC Ghana
"Me nan ne me nsa mu rekyere me, ɛyɛ cholera?",symptoms_query,Cholera yareɛ no ho nsenkyerɛne titiriw ne ayamtuo kɛseɛ a ɛte sɛ nsuo (a ɛte sɛ nsubɛn) ne ɛfeɛ a ɛnto mpa. Eyi betumi ama wo ho nsuo asa ntɛm (dehydration).,The main symptoms of cholera are severe watery diarrhea (like rice-water) and frequent vomiting. This can cause rapid dehydration.,WHO Ghana Health Service
"Sɛ me ho yɛ mmerɛ kɛse firi ayamtuo mu a, ɛkyerɛ sɛn?",symptoms_query,Ayamtuo ne afeɛ kɛseɛ a ɛnto mpa na ɛkyerɛ sɛ obi betumi anya cholera yareɛ no. Wo ho nsuo bɛtumi asa ntɛm ara.,"Severe watery diarrhea and uncontrollable vomiting are signs of cholera, which can cause rapid dehydration.",CDC Ghana
Cholera mmoawa no tumi ma me yafunu atu me?,symptoms_query,Cholera yareɛ no ho nsenkyerɛne titiriw ne ayamtuo kɛseɛ a ɛte sɛ nsuo (a ɛte sɛ nsubɛn) ne ɛfeɛ a ɛnto mpa. Eyi betumi ama wo ho nsuo asa ntɛm (dehydration).,The main symptoms of cholera are severe watery diarrhea (like rice-water) and frequent vomiting. This can cause rapid dehydration.,WHO Ghana Health Service
Ɛbɛtumi ayɛ cholera na meyare da mmienu nko?,symptoms_query,Ayamtuo ne afeɛ kɛseɛ a ɛnto mpa na ɛkyerɛ sɛ obi betumi anya cholera yareɛ no. Wo ho nsuo bɛtumi asa ntɛm ara.,"Severe watery diarrhea and uncontrollable vomiting are signs of cholera, which can cause rapid dehydration.",CDC Ghana
"Sɛ me anom awo na merefɛ a, ɛkyerɛ sɛn?",symptoms_query,Cholera yareɛ no ho nsenkyerɛne titiriw ne ayamtuo kɛseɛ a ɛte sɛ nsuo (a ɛte sɛ nsubɛn) ne ɛfeɛ a ɛnto mpa. Eyi betumi ama wo ho nsuo asa ntɛm (dehydration).,The main symptoms of cholera are severe watery diarrhea (like rice-water) and frequent vomiting. This can cause rapid dehydration.,WHO Ghana Health Service
"Ayamtuo a ɛnhuri mpa ne afeɛ pii, ɛyɛ cholera?",symptoms_query,Ayamtuo ne afeɛ kɛseɛ a ɛnto mpa na ɛkyerɛ sɛ obi betumi anya cholera yareɛ no. Wo ho nsuo bɛtumi asa ntɛm ara.,"Severe watery diarrhea and uncontrollable vomiting are signs of cholera, which can cause rapid dehydration.",CDC Ghana
Cholera yareɛ tumi ma me ntiti me?,symptoms_query,Cholera yareɛ no ho nsenkyerɛne titiriw ne ayamtuo kɛseɛ a ɛte sɛ nsuo (a ɛte sɛ nsubɛn) ne ɛfeɛ a ɛnto mpa. Eyi betumi ama wo ho nsuo asa ntɛm (dehydration).,The main symptoms of cholera are severe watery diarrhea (like rice-water) and frequent vomiting. This can cause rapid dehydration.,WHO Ghana Health Service
"Me ba no ayamtuo no nte ase, ɛyɛ asiane?",emergency_query,Ayamtuo ne afeɛ kɛseɛ a ɛnto mpa na ɛkyerɛ sɛ obi betumi anya cholera yareɛ no. Wo ho nsuo bɛtumi asa ntɛm ara.,"Severe watery diarrhea and uncontrollable vomiting are signs of cholera, which can cause rapid dehydration.",CDC Ghana
"Sɛ obi ho nsuo asa wɔ cholera mu a, ɛho te sɛn?",symptoms_query,Cholera yareɛ no ho nsenkyerɛne titiriw ne ayamtuo kɛseɛ a ɛte sɛ nsuo (a ɛte sɛ nsubɛn) ne ɛfeɛ a ɛnto mpa. Eyi betumi ama wo ho nsuo asa ntɛm (dehydration).,The main symptoms of cholera are severe watery diarrhea (like rice-water) and frequent vomiting. This can cause rapid dehydration.,WHO Ghana Health Service
Mmofra betumi anya cholera sɛ wɔwɔ ayamtuo a?,symptoms_query,Ayamtuo ne afeɛ kɛseɛ a ɛnto mpa na ɛkyerɛ sɛ obi betumi anya cholera yareɛ no. Wo ho nsuo bɛtumi asa ntɛm ara.,"Severe watery diarrhea and uncontrollable vomiting are signs of cholera, which can cause rapid dehydration.",CDC Ghana
Cholera tumi ma obi koma ntɔɔ?,symptoms_query,Cholera yareɛ no ho nsenkyerɛne titiriw ne ayamtuo kɛseɛ a ɛte sɛ nsuo (a ɛte sɛ nsubɛn) ne ɛfeɛ a ɛnto mpa. Eyi betumi ama wo ho nsuo asa ntɛm (dehydration).,The main symptoms of cholera are severe watery diarrhea (like rice-water) and frequent vomiting. This can cause rapid dehydration.,WHO Ghana Health Service
Ayamtuo ne afeɛ no ba wɔ berɛ bɛn mu?,symptoms_query,Ayamtuo ne afeɛ kɛseɛ a ɛnto mpa na ɛkyerɛ sɛ obi betumi anya cholera yareɛ no. Wo ho nsuo bɛtumi asa ntɛm ara.,"Severe watery diarrhea and uncontrollable vomiting are signs of cholera, which can cause rapid dehydration.",CDC Ghana
"Sɛ me ho nsuo asa a, dɛn nsenkyerɛne na ɛba?",symptoms_query,Cholera yareɛ no ho nsenkyerɛne titiriw ne ayamtuo kɛseɛ a ɛte sɛ nsuo (a ɛte sɛ nsubɛn) ne ɛfeɛ a ɛnto mpa. Eyi betumi ama wo ho nsuo asa ntɛm (dehydration).,The main symptoms of cholera are severe watery diarrhea (like rice-water) and frequent vomiting. This can cause rapid dehydration.,WHO Ghana Health Service
Cholera yareɛ tumi ma yɛn ho titi titi?,symptoms_query,Ayamtuo ne afeɛ kɛseɛ a ɛnto mpa na ɛkyerɛ sɛ obi betumi anya cholera yareɛ no. Wo ho nsuo bɛtumi asa ntɛm ara.,"Severe watery diarrhea and uncontrollable vomiting are signs of cholera, which can cause rapid dehydration.",CDC Ghana
"Me nan mu rekyere me firi cholera nti, ɛyɛ asiane?",symptoms_query,Cholera yareɛ no ho nsenkyerɛne titiriw ne ayamtuo kɛseɛ a ɛte sɛ nsuo (a ɛte sɛ nsubɛn) ne ɛfeɛ a ɛnto mpa. Eyi betumi ama wo ho nsuo asa ntɛm (dehydration).,The main symptoms of cholera are severe watery diarrhea (like rice-water) and frequent vomiting. This can cause rapid dehydration.,WHO Ghana Health Service
"Sɛ me ba no afɛre na ɔkɔ agya nsuo pii a, ɛyɛ cholera?",symptoms_query,Ayamtuo ne afeɛ kɛseɛ a ɛnto mpa na ɛkyerɛ sɛ obi betumi anya cholera yareɛ no. Wo ho nsuo bɛtumi asa ntɛm ara.,"Severe watery diarrhea and uncontrollable vomiting are signs of cholera, which can cause rapid dehydration.",CDC Ghana
Cholera nsenkyerɛne betumi akyerɛ ase bere bɛn mu?,symptoms_query,Cholera yareɛ no ho nsenkyerɛne titiriw ne ayamtuo kɛseɛ a ɛte sɛ nsuo (a ɛte sɛ nsubɛn) ne ɛfeɛ a ɛnto mpa. Eyi betumi ama wo ho nsuo asa ntɛm (dehydration).,The main symptoms of cholera are severe watery diarrhea (like rice-water) and frequent vomiting. This can cause rapid dehydration.,WHO Ghana Health Service
"Sɛ ayamtuo ne afeɛ ba bɔne a, ɛwɔ sɛ mekɔ clinic?",emergency_query,Ayamtuo ne afeɛ kɛseɛ a ɛnto mpa na ɛkyerɛ sɛ obi betumi anya cholera yareɛ no. Wo ho nsuo bɛtumi asa ntɛm ara.,"Severe watery diarrhea and uncontrollable vomiting are signs of cholera, which can cause rapid dehydration.",CDC Ghana
"Me ba no rekyere na ne nan mu apo, ɛyɛ cholera?",symptoms_query,Cholera yareɛ no ho nsenkyerɛne titiriw ne ayamtuo kɛseɛ a ɛte sɛ nsuo (a ɛte sɛ nsubɛn) ne ɛfeɛ a ɛnto mpa. Eyi betumi ama wo ho nsuo asa ntɛm (dehydration).,The main symptoms of cholera are severe watery diarrhea (like rice-water) and frequent vomiting. This can cause rapid dehydration.,WHO Ghana Health Service
Cholera tumi ma obi ho wɔ fɛ sɛ obi a ɔte ase?,symptoms_query,Ayamtuo ne afeɛ kɛseɛ a ɛnto mpa na ɛkyerɛ sɛ obi betumi anya cholera yareɛ no. Wo ho nsuo bɛtumi asa ntɛm ara.,"Severe watery diarrhea and uncontrollable vomiting are signs of cholera, which can cause rapid dehydration.",CDC Ghana
Dɛn nsenkyerɛne na ɛkyerɛ sɛ cholera mu yɛ den?,symptoms_query,Cholera yareɛ no ho nsenkyerɛne titiriw ne ayamtuo kɛseɛ a ɛte sɛ nsuo (a ɛte sɛ nsubɛn) ne ɛfeɛ a ɛnto mpa. Eyi betumi ama wo ho nsuo asa ntɛm (dehydration).,The main symptoms of cholera are severe watery diarrhea (like rice-water) and frequent vomiting. This can cause rapid dehydration.,WHO Ghana Health Service
"Me mma no nyinaa wɔ ayamtuo baabi, ɛyɛ cholera?",symptoms_query,Ayamtuo ne afeɛ kɛseɛ a ɛnto mpa na ɛkyerɛ sɛ obi betumi anya cholera yareɛ no. Wo ho nsuo bɛtumi asa ntɛm ara.,"Severe watery diarrhea and uncontrollable vomiting are signs of cholera, which can cause rapid dehydration.",CDC Ghana
"Sɛ obi fɛre na ɔnte asɛm yie, ɛyɛ cholera?",symptoms_query,Cholera yareɛ no ho nsenkyerɛne titiriw ne ayamtuo kɛseɛ a ɛte sɛ nsuo (a ɛte sɛ nsubɛn) ne ɛfeɛ a ɛnto mpa. Eyi betumi ama wo ho nsuo asa ntɛm (dehydration).,The main symptoms of cholera are severe watery diarrhea (like rice-water) and frequent vomiting. This can cause rapid dehydration.,WHO Ghana Health Service
Cholera tumi ma me ani gye huro?,symptoms_query,Ayamtuo ne afeɛ kɛseɛ a ɛnto mpa na ɛkyerɛ sɛ obi betumi anya cholera yareɛ no. Wo ho nsuo bɛtumi asa ntɛm ara.,"Severe watery diarrhea and uncontrollable vomiting are signs of cholera, which can cause rapid dehydration.",CDC Ghana
"Ayamtuo a ɛte sɛ nsubɛn nsuo ne ho titi, ɛyɛ cholera?",symptoms_query,Cholera yareɛ no ho nsenkyerɛne titiriw ne ayamtuo kɛseɛ a ɛte sɛ nsuo (a ɛte sɛ nsubɛn) ne ɛfeɛ a ɛnto mpa. Eyi betumi ama wo ho nsuo asa ntɛm (dehydration).,The main symptoms of cholera are severe watery diarrhea (like rice-water) and frequent vomiting. This can cause rapid dehydration.,WHO Ghana Health Service
"Me ba no afɛre pii na ne ho yɛ hye, ɛyɛ cholera?",symptoms_query,Ayamtuo ne afeɛ kɛseɛ a ɛnto mpa na ɛkyerɛ sɛ obi betumi anya cholera yareɛ no. Wo ho nsuo bɛtumi asa ntɛm ara.,"Severe watery diarrhea and uncontrollable vomiting are signs of cholera, which can cause rapid dehydration.",CDC Ghana
"Sɛ obi anya cholera a, ɔhunu sɛn?",symptoms_query,Cholera yareɛ no ho nsenkyerɛne titiriw ne ayamtuo kɛseɛ a ɛte sɛ nsuo (a ɛte sɛ nsubɛn) ne ɛfeɛ a ɛnto mpa. Eyi betumi ama wo ho nsuo asa ntɛm (dehydration).,The main symptoms of cholera are severe watery diarrhea (like rice-water) and frequent vomiting. This can cause rapid dehydration.,WHO Ghana Health Service
Cholera yareɛ tumi kum obi bere bɛn mu?,symptoms_query,Ayamtuo ne afeɛ kɛseɛ a ɛnto mpa na ɛkyerɛ sɛ obi betumi anya cholera yareɛ no. Wo ho nsuo bɛtumi asa ntɛm ara.,"Severe watery diarrhea and uncontrollable vomiting are signs of cholera, which can cause rapid dehydration.",CDC Ghana
"Mmofra ketewa wɔ cholera a, dɛn nsenkyerɛne na ɛda adi?",symptoms_query,Cholera yareɛ no ho nsenkyerɛne titiriw ne ayamtuo kɛseɛ a ɛte sɛ nsuo (a ɛte sɛ nsubɛn) ne ɛfeɛ a ɛnto mpa. Eyi betumi ama wo ho nsuo asa ntɛm (dehydration).,The main symptoms of cholera are severe watery diarrhea (like rice-water) and frequent vomiting. This can cause rapid dehydration.,WHO Ghana Health Service
"Sɛ me yam tu me na ayamtuo ba a, ɛyɛ cholera?",symptoms_query,Ayamtuo ne afeɛ kɛseɛ a ɛnto mpa na ɛkyerɛ sɛ obi betumi anya cholera yareɛ no. Wo ho nsuo bɛtumi asa ntɛm ara.,"Severe watery diarrhea and uncontrollable vomiting are signs of cholera, which can cause rapid dehydration.",CDC Ghana
Ɛbɛtumi ayɛ cholera na dehydration annya me nso?,symptoms_query,Cholera yareɛ no ho nsenkyerɛne titiriw ne ayamtuo kɛseɛ a ɛte sɛ nsuo (a ɛte sɛ nsubɛn) ne ɛfeɛ a ɛnto mpa. Eyi betumi ama wo ho nsuo asa ntɛm (dehydration).,The main symptoms of cholera are severe watery diarrhea (like rice-water) and frequent vomiting. This can cause rapid dehydration.,WHO Ghana Health Service
"Me ho titi titi firi cholera nsenkyerɛne ho, dɛn mɛyɛ?",symptoms_query,Ayamtuo ne afeɛ kɛseɛ a ɛnto mpa na ɛkyerɛ sɛ obi betumi anya cholera yareɛ no. Wo ho nsuo bɛtumi asa ntɛm ara.,"Severe watery diarrhea and uncontrollable vomiting are signs of cholera, which can cause rapid dehydration.",CDC Ghana
"Cholera mmoawa no kɔ obi ho a, berɛ bɛn mu na ɛda adi?",symptoms_query,Cholera yareɛ no ho nsenkyerɛne titiriw ne ayamtuo kɛseɛ a ɛte sɛ nsuo (a ɛte sɛ nsubɛn) ne ɛfeɛ a ɛnto mpa. Eyi betumi ama wo ho nsuo asa ntɛm (dehydration).,The main symptoms of cholera are severe watery diarrhea (like rice-water) and frequent vomiting. This can cause rapid dehydration.,WHO Ghana Health Service
"Sɛ ayamtuo ne afeɛ ba wɔ dɔ koro mu a, ɛyɛ cholera?",symptoms_query,Ayamtuo ne afeɛ kɛseɛ a ɛnto mpa na ɛkyerɛ sɛ obi betumi anya cholera yareɛ no. Wo ho nsuo bɛtumi asa ntɛm ara.,"Severe watery diarrhea and uncontrollable vomiting are signs of cholera, which can cause rapid dehydration.",CDC Ghana
"Me maame afɛre pii na ɔnte asɛm yie, ɛyɛ cholera?",symptoms_query,Cholera yareɛ no ho nsenkyerɛne titiriw ne ayamtuo kɛseɛ a ɛte sɛ nsuo (a ɛte sɛ nsubɛn) ne ɛfeɛ a ɛnto mpa. Eyi betumi ama wo ho nsuo asa ntɛm (dehydration).,The main symptoms of cholera are severe watery diarrhea (like rice-water) and frequent vomiting. This can cause rapid dehydration.,WHO Ghana Health Service
"Sɛ obi anya cholera a, ɛho betumi ayɛ yaw?",symptoms_query,Ayamtuo ne afeɛ kɛseɛ a ɛnto mpa na ɛkyerɛ sɛ obi betumi anya cholera yareɛ no. Wo ho nsuo bɛtumi asa ntɛm ara.,"Severe watery diarrhea and uncontrollable vomiting are signs of cholera, which can cause rapid dehydration.",CDC Ghana
Ɛdeɛn na ɛkyerɛ sɛ cholera mu yɛ den?,symptoms_query,Cholera yareɛ no ho nsenkyerɛne titiriw ne ayamtuo kɛseɛ a ɛte sɛ nsuo (a ɛte sɛ nsubɛn) ne ɛfeɛ a ɛnto mpa. Eyi betumi ama wo ho nsuo asa ntɛm (dehydration).,The main symptoms of cholera are severe watery diarrhea (like rice-water) and frequent vomiting. This can cause rapid dehydration.,WHO Ghana Health Service
Cholera nsenkyerɛne betumi ayɛ yaw wɔ yam mu?,symptoms_query,Ayamtuo ne afeɛ kɛseɛ a ɛnto mpa na ɛkyerɛ sɛ obi betumi anya cholera yareɛ no. Wo ho nsuo bɛtumi asa ntɛm ara.,"Severe watery diarrhea and uncontrollable vomiting are signs of cholera, which can cause rapid dehydration.",CDC Ghana
"Me ba no ne ho yɛ hye na ɔnte asɛm, ɛyɛ cholera?",symptoms_query,Cholera yareɛ no ho nsenkyerɛne titiriw ne ayamtuo kɛseɛ a ɛte sɛ nsuo (a ɛte sɛ nsubɛn) ne ɛfeɛ a ɛnto mpa. Eyi betumi ama wo ho nsuo asa ntɛm (dehydration).,The main symptoms of cholera are severe watery diarrhea (like rice-water) and frequent vomiting. This can cause rapid dehydration.,WHO Ghana Health Service
"Sɛ dehydration aba a, ɛda adi sɛn wɔ obi ho?",symptoms_query,Ayamtuo ne afeɛ kɛseɛ a ɛnto mpa na ɛkyerɛ sɛ obi betumi anya cholera yareɛ no. Wo ho nsuo bɛtumi asa ntɛm ara.,"Severe watery diarrhea and uncontrollable vomiting are signs of cholera, which can cause rapid dehydration.",CDC Ghana
"Cholera mmoawa no ba a, dɛn da adi ntɛm?",symptoms_query,Cholera yareɛ no ho nsenkyerɛne titiriw ne ayamtuo kɛseɛ a ɛte sɛ nsuo (a ɛte sɛ nsubɛn) ne ɛfeɛ a ɛnto mpa. Eyi betumi ama wo ho nsuo asa ntɛm (dehydration).,The main symptoms of cholera are severe watery diarrhea (like rice-water) and frequent vomiting. This can cause rapid dehydration.,WHO Ghana Health Service
"Sɛ me ho nsuo asa na me retiti me a, ɛyɛ cholera?",symptoms_query,Ayamtuo ne afeɛ kɛseɛ a ɛnto mpa na ɛkyerɛ sɛ obi betumi anya cholera yareɛ no. Wo ho nsuo bɛtumi asa ntɛm ara.,"Severe watery diarrhea and uncontrollable vomiting are signs of cholera, which can cause rapid dehydration.",CDC Ghana
Ɛhefa na cholera bacteria tena hɔ?,transmission_query,Cholera tare ntɛm ara nam nsuo anaa aduane a cholera bacteria firi obi bin mu akɔwura mu.,Cholera spreads rapidly through drinking water or eating food contaminated with the cholera bacteria from feces.,WHO Ghana
Cholera firi nsuo bɔne mu ba?,transmission_query,"Cholera mmoawa no firi aduane anaa nsuo a efi guom na afra, paa ayaresabea bin anaa efi a mfifiseɛ akɔdi so.",The cholera bacteria comes from food or water contaminated with human sewage or waste carried by flies.,CDC
Sɛn na efi a ɛgu no de cholera aba?,transmission_query,Cholera tare ntɛm ara nam nsuo anaa aduane a cholera bacteria firi obi bin mu akɔwura mu.,Cholera spreads rapidly through drinking water or eating food contaminated with the cholera bacteria from feces.,WHO Ghana
Mfifiseɛ betumi de cholera kɔ me nuane mu?,transmission_query,"Cholera mmoawa no firi aduane anaa nsuo a efi guom na afra, paa ayaresabea bin anaa efi a mfifiseɛ akɔdi so.",The cholera bacteria comes from food or water contaminated with human sewage or waste carried by flies.,CDC
Cholera bacteria betumi atena abutuo mu?,transmission_query,Cholera tare ntɛm ara nam nsuo anaa aduane a cholera bacteria firi obi bin mu akɔwura mu.,Cholera spreads rapidly through drinking water or eating food contaminated with the cholera bacteria from feces.,WHO Ghana
Obi bin mu nsuo betumi de cholera aba?,transmission_query,"Cholera mmoawa no firi aduane anaa nsuo a efi guom na afra, paa ayaresabea bin anaa efi a mfifiseɛ akɔdi so.",The cholera bacteria comes from food or water contaminated with human sewage or waste carried by flies.,CDC
"Sɛ me kɔ adidi baabi a nsuo no ho nni tew, ɛyɛ asiane?",transmission_query,Cholera tare ntɛm ara nam nsuo anaa aduane a cholera bacteria firi obi bin mu akɔwura mu.,Cholera spreads rapidly through drinking water or eating food contaminated with the cholera bacteria from feces.,WHO Ghana
Cholera betumi afiri ɔman bi akɔ ɔman foforɔ?,transmission_query,"Cholera mmoawa no firi aduane anaa nsuo a efi guom na afra, paa ayaresabea bin anaa efi a mfifiseɛ akɔdi so.",The cholera bacteria comes from food or water contaminated with human sewage or waste carried by flies.,CDC
"Aduane a mfifiseɛ akɔdi so, ɛde cholera ba?",transmission_query,Cholera tare ntɛm ara nam nsuo anaa aduane a cholera bacteria firi obi bin mu akɔwura mu.,Cholera spreads rapidly through drinking water or eating food contaminated with the cholera bacteria from feces.,WHO Ghana
Nsuo a ɛwɔ agya mu betumi de cholera ba?,transmission_query,"Cholera mmoawa no firi aduane anaa nsuo a efi guom na afra, paa ayaresabea bin anaa efi a mfifiseɛ akɔdi so.",The cholera bacteria comes from food or water contaminated with human sewage or waste carried by flies.,CDC
"Sɛ me nom nsuo a yɛannua no a, cholera bɛba?",transmission_query,Cholera tare ntɛm ara nam nsuo anaa aduane a cholera bacteria firi obi bin mu akɔwura mu.,Cholera spreads rapidly through drinking water or eating food contaminated with the cholera bacteria from feces.,WHO Ghana
Obi a ɔwɔ cholera no tumi de maa me?,transmission_query,"Cholera mmoawa no firi aduane anaa nsuo a efi guom na afra, paa ayaresabea bin anaa efi a mfifiseɛ akɔdi so.",The cholera bacteria comes from food or water contaminated with human sewage or waste carried by flies.,CDC
Ɛhefa na cholera mmoawa pɛ sɛ wɔtena?,transmission_query,Cholera tare ntɛm ara nam nsuo anaa aduane a cholera bacteria firi obi bin mu akɔwura mu.,Cholera spreads rapidly through drinking water or eating food contaminated with the cholera bacteria from feces.,WHO Ghana
Cholera firi efi mu bra nsuo mu?,transmission_query,"Cholera mmoawa no firi aduane anaa nsuo a efi guom na afra, paa ayaresabea bin anaa efi a mfifiseɛ akɔdi so.",The cholera bacteria comes from food or water contaminated with human sewage or waste carried by flies.,CDC
Sɛ yɛtɔ nfura wɔ kwan ho a cholera bɛba?,transmission_query,Cholera tare ntɛm ara nam nsuo anaa aduane a cholera bacteria firi obi bin mu akɔwura mu.,Cholera spreads rapidly through drinking water or eating food contaminated with the cholera bacteria from feces.,WHO Ghana
Asubɔnten betumi de cholera aba?,transmission_query,"Cholera mmoawa no firi aduane anaa nsuo a efi guom na afra, paa ayaresabea bin anaa efi a mfifiseɛ akɔdi so.",The cholera bacteria comes from food or water contaminated with human sewage or waste carried by flies.,CDC
Obi bin bɛtumi ama cholera akɔ nsuo mu?,transmission_query,Cholera tare ntɛm ara nam nsuo anaa aduane a cholera bacteria firi obi bin mu akɔwura mu.,Cholera spreads rapidly through drinking water or eating food contaminated with the cholera bacteria from feces.,WHO Ghana
Cholera bacteria betumi atena nnuane a yɛankata so mu?,transmission_query,"Cholera mmoawa no firi aduane anaa nsuo a efi guom na afra, paa ayaresabea bin anaa efi a mfifiseɛ akɔdi so.",The cholera bacteria comes from food or water contaminated with human sewage or waste carried by flies.,CDC
"Sɛ obi kɔ tiafi a anwumia ho, ɔbɛtumi ama cholera atrɛ?",transmission_query,Cholera tare ntɛm ara nam nsuo anaa aduane a cholera bacteria firi obi bin mu akɔwura mu.,Cholera spreads rapidly through drinking water or eating food contaminated with the cholera bacteria from feces.,WHO Ghana
Dɛn de cholera kɔ beae foforo?,transmission_query,"Cholera mmoawa no firi aduane anaa nsuo a efi guom na afra, paa ayaresabea bin anaa efi a mfifiseɛ akɔdi so.",The cholera bacteria comes from food or water contaminated with human sewage or waste carried by flies.,CDC
Kwan bɛn so na cholera firi ɔman bi akɔ foforo?,transmission_query,Cholera tare ntɛm ara nam nsuo anaa aduane a cholera bacteria firi obi bin mu akɔwura mu.,Cholera spreads rapidly through drinking water or eating food contaminated with the cholera bacteria from feces.,WHO Ghana
"Sɛ obi nom nsuo a cholera mmoawa wɔ mu a, bere bɛn mu na ɔbɛyɛ yarefoɔ?",transmission_query,"Cholera mmoawa no firi aduane anaa nsuo a efi guom na afra, paa ayaresabea bin anaa efi a mfifiseɛ akɔdi so.",The cholera bacteria comes from food or water contaminated with human sewage or waste carried by flies.,CDC
Cholera bacteria betumi atena aduane a yɛanoa mu?,transmission_query,Cholera tare ntɛm ara nam nsuo anaa aduane a cholera bacteria firi obi bin mu akɔwura mu.,Cholera spreads rapidly through drinking water or eating food contaminated with the cholera bacteria from feces.,WHO Ghana
Mfifiseɛ betumi de cholera afiri tiafi mu aba me nuane ho?,transmission_query,"Cholera mmoawa no firi aduane anaa nsuo a efi guom na afra, paa ayaresabea bin anaa efi a mfifiseɛ akɔdi so.",The cholera bacteria comes from food or water contaminated with human sewage or waste carried by flies.,CDC
"Sɛ me dware wɔ asubɔnten mu a, cholera bɛba?",transmission_query,Cholera tare ntɛm ara nam nsuo anaa aduane a cholera bacteria firi obi bin mu akɔwura mu.,Cholera spreads rapidly through drinking water or eating food contaminated with the cholera bacteria from feces.,WHO Ghana
Cholera firi he de baa Ghana?,transmission_query,"Cholera mmoawa no firi aduane anaa nsuo a efi guom na afra, paa ayaresabea bin anaa efi a mfifiseɛ akɔdi so.",The cholera bacteria comes from food or water contaminated with human sewage or waste carried by flies.,CDC
Nsuo a yɛde hohoro nnuane mu betumi de cholera ba?,transmission_query,Cholera tare ntɛm ara nam nsuo anaa aduane a cholera bacteria firi obi bin mu akɔwura mu.,Cholera spreads rapidly through drinking water or eating food contaminated with the cholera bacteria from feces.,WHO Ghana
"Obi a ɔwɔ cholera nso wɔ gya ho a, ɔde maa afoforɔ?",transmission_query,"Cholera mmoawa no firi aduane anaa nsuo a efi guom na afra, paa ayaresabea bin anaa efi a mfifiseɛ akɔdi so.",The cholera bacteria comes from food or water contaminated with human sewage or waste carried by flies.,CDC
Cholera bacteria betumi atena nsuo mu bere bɛn?,transmission_query,Cholera tare ntɛm ara nam nsuo anaa aduane a cholera bacteria firi obi bin mu akɔwura mu.,Cholera spreads rapidly through drinking water or eating food contaminated with the cholera bacteria from feces.,WHO Ghana
"Sɛ me ba wo aduane mfifiseɛ akɔ so a, ɛyɛ asiane ma cholera?",transmission_query,"Cholera mmoawa no firi aduane anaa nsuo a efi guom na afra, paa ayaresabea bin anaa efi a mfifiseɛ akɔdi so.",The cholera bacteria comes from food or water contaminated with human sewage or waste carried by flies.,CDC
"Aduane a obi de nsa kɔmaa me a obi no wɔ cholera, ɛyɛ asiane?",transmission_query,Cholera tare ntɛm ara nam nsuo anaa aduane a cholera bacteria firi obi bin mu akɔwura mu.,Cholera spreads rapidly through drinking water or eating food contaminated with the cholera bacteria from feces.,WHO Ghana
Dɛn mfifiseɛ na wɔde cholera ba aduane mu?,transmission_query,"Cholera mmoawa no firi aduane anaa nsuo a efi guom na afra, paa ayaresabea bin anaa efi a mfifiseɛ akɔdi so.",The cholera bacteria comes from food or water contaminated with human sewage or waste carried by flies.,CDC
"Sɛ yɛde nsuo firi abutuo mu a annua de noa aduane a, ɛyɛ asiane?",transmission_query,Cholera tare ntɛm ara nam nsuo anaa aduane a cholera bacteria firi obi bin mu akɔwura mu.,Cholera spreads rapidly through drinking water or eating food contaminated with the cholera bacteria from feces.,WHO Ghana
Cholera betumi afiri nnuane akyɛ mu aba?,transmission_query,"Cholera mmoawa no firi aduane anaa nsuo a efi guom na afra, paa ayaresabea bin anaa efi a mfifiseɛ akɔdi so.",The cholera bacteria comes from food or water contaminated with human sewage or waste carried by flies.,CDC
Obi bin mu efi betumi ama asubɔnten anya cholera mmoawa?,transmission_query,Cholera tare ntɛm ara nam nsuo anaa aduane a cholera bacteria firi obi bin mu akɔwura mu.,Cholera spreads rapidly through drinking water or eating food contaminated with the cholera bacteria from feces.,WHO Ghana
"Sɛ obi nom nsuo firi dɔteɛ mu a, cholera bɛba?",transmission_query,"Cholera mmoawa no firi aduane anaa nsuo a efi guom na afra, paa ayaresabea bin anaa efi a mfifiseɛ akɔdi so.",The cholera bacteria comes from food or water contaminated with human sewage or waste carried by flies.,CDC
Cholera mmoawa betumi atena samina so?,transmission_query,Cholera tare ntɛm ara nam nsuo anaa aduane a cholera bacteria firi obi bin mu akɔwura mu.,Cholera spreads rapidly through drinking water or eating food contaminated with the cholera bacteria from feces.,WHO Ghana
"Sɛ obi de nsa bɛma me nsuo a obi no wɔ cholera, ɛyɛ asiane?",transmission_query,"Cholera mmoawa no firi aduane anaa nsuo a efi guom na afra, paa ayaresabea bin anaa efi a mfifiseɛ akɔdi so.",The cholera bacteria comes from food or water contaminated with human sewage or waste carried by flies.,CDC
Kwan bɛn so na cholera bacteria fa kɔ obi ho?,transmission_query,Cholera tare ntɛm ara nam nsuo anaa aduane a cholera bacteria firi obi bin mu akɔwura mu.,Cholera spreads rapidly through drinking water or eating food contaminated with the cholera bacteria from feces.,WHO Ghana
"Nnuane a yɛankata so na mfifiseɛ adi so, ɛde cholera aba?",transmission_query,"Cholera mmoawa no firi aduane anaa nsuo a efi guom na afra, paa ayaresabea bin anaa efi a mfifiseɛ akɔdi so.",The cholera bacteria comes from food or water contaminated with human sewage or waste carried by flies.,CDC
"Sɛ obi hohoro nsa ne nsuo a cholera mmoawa wɔ mu a, ɛyɛ asiane?",transmission_query,Cholera tare ntɛm ara nam nsuo anaa aduane a cholera bacteria firi obi bin mu akɔwura mu.,Cholera spreads rapidly through drinking water or eating food contaminated with the cholera bacteria from feces.,WHO Ghana
Cholera bacteria betumi atena aduane mu nnɔnhwerew dodo bɛn?,transmission_query,"Cholera mmoawa no firi aduane anaa nsuo a efi guom na afra, paa ayaresabea bin anaa efi a mfifiseɛ akɔdi so.",The cholera bacteria comes from food or water contaminated with human sewage or waste carried by flies.,CDC
Nsuo firi akura mu betumi de cholera ba?,transmission_query,Cholera tare ntɛm ara nam nsuo anaa aduane a cholera bacteria firi obi bin mu akɔwura mu.,Cholera spreads rapidly through drinking water or eating food contaminated with the cholera bacteria from feces.,WHO Ghana
"Sɛ yɛde nsuo firi asubɔnten de noa a, cholera mmoawa wu?",transmission_query,"Cholera mmoawa no firi aduane anaa nsuo a efi guom na afra, paa ayaresabea bin anaa efi a mfifiseɛ akɔdi so.",The cholera bacteria comes from food or water contaminated with human sewage or waste carried by flies.,CDC
Cholera bacteria tumi asa wɔ nua nsuo mu?,transmission_query,Cholera tare ntɛm ara nam nsuo anaa aduane a cholera bacteria firi obi bin mu akɔwura mu.,Cholera spreads rapidly through drinking water or eating food contaminated with the cholera bacteria from feces.,WHO Ghana
"Sɛ obi afɛ na obi no wɔ cholera, ɛkyerɛ sɛn?",transmission_query,"Cholera mmoawa no firi aduane anaa nsuo a efi guom na afra, paa ayaresabea bin anaa efi a mfifiseɛ akɔdi so.",The cholera bacteria comes from food or water contaminated with human sewage or waste carried by flies.,CDC
Dɛn tumi kum cholera mmoawa wɔ nsuo mu?,transmission_query,Cholera tare ntɛm ara nam nsuo anaa aduane a cholera bacteria firi obi bin mu akɔwura mu.,Cholera spreads rapidly through drinking water or eating food contaminated with the cholera bacteria from feces.,WHO Ghana
Cholera firi aduane mu aba sɛ mfifiseɛ kɔdi so?,transmission_query,"Cholera mmoawa no firi aduane anaa nsuo a efi guom na afra, paa ayaresabea bin anaa efi a mfifiseɛ akɔdi so.",The cholera bacteria comes from food or water contaminated with human sewage or waste carried by flies.,CDC
"Sɛ adagya mu nsuo ho nni tew a, cholera bɛba?",prevention_query,Cholera tare ntɛm ara nam nsuo anaa aduane a cholera bacteria firi obi bin mu akɔwura mu.,Cholera spreads rapidly through drinking water or eating food contaminated with the cholera bacteria from feces.,WHO Ghana
"Obi a wɔyɛ nuane na ne nsa ho fi, ɔde cholera bɛba?",transmission_query,"Cholera mmoawa no firi aduane anaa nsuo a efi guom na afra, paa ayaresabea bin anaa efi a mfifiseɛ akɔdi so.",The cholera bacteria comes from food or water contaminated with human sewage or waste carried by flies.,CDC
Mɛhohoro me nsa bere bɛn na ɛboa?,prevention_query,"Hohoro wo nsa ne samina ne nsuo pa bere biara, nua wo nsuo ansa na woanom, na kata wo nnuane so yie.","Wash your hands with soap and safe water, boil your drinking water, and always cover your food.",WHO Ghana
Dɛn na metumi ayɛ na me ba anya cholera?,prevention_query,"Na yɛbɛyɛ ne sɛ: Hohoro wo nsa ne samina bere biara, di aduane a ɛyɛ hyere na nua wo nsuo ansa na woanom.","To avoid cholera: wash your hands with soap, eat hot cooked food, and boil your water before drinking.",CDC
"Nsuo a yɛnua mu na yɛde nom, ɛtua aseɛ?",prevention_query,"Hohoro wo nsa ne samina ne nsuo pa bere biara, nua wo nsuo ansa na woanom, na kata wo nnuane so yie.","Wash your hands with soap and safe water, boil your drinking water, and always cover your food.",WHO Ghana
"Sɛ me ho nni samina a, dɛn na metumi de di samina ananmu?",prevention_query,"Na yɛbɛyɛ ne sɛ: Hohoro wo nsa ne samina bere biara, di aduane a ɛyɛ hyere na nua wo nsuo ansa na woanom.","To avoid cholera: wash your hands with soap, eat hot cooked food, and boil your water before drinking.",CDC
Mɛde dɛn ahohoro me nsa ansa na medidi?,prevention_query,"Hohoro wo nsa ne samina ne nsuo pa bere biara, nua wo nsuo ansa na woanom, na kata wo nnuane so yie.","Wash your hands with soap and safe water, boil your drinking water, and always cover your food.",WHO Ghana
Kata aduane so betumi asiw cholera kwan?,prevention_query,"Na yɛbɛyɛ ne sɛ: Hohoro wo nsa ne samina bere biara, di aduane a ɛyɛ hyere na nua wo nsuo ansa na woanom.","To avoid cholera: wash your hands with soap, eat hot cooked food, and boil your water before drinking.",CDC
Ɛwɔ sɛ mekɔ hohoro me nsa bere bɛn?,prevention_query,"Hohoro wo nsa ne samina ne nsuo pa bere biara, nua wo nsuo ansa na woanom, na kata wo nnuane so yie.","Wash your hands with soap and safe water, boil your drinking water, and always cover your food.",WHO Ghana
"Sɛ me kɔ adidi baabi a, dɛn na metumi ayɛ na cholera annya me?",prevention_query,"Na yɛbɛyɛ ne sɛ: Hohoro wo nsa ne samina bere biara, di aduane a ɛyɛ hyere na nua wo nsuo ansa na woanom.","To avoid cholera: wash your hands with soap, eat hot cooked food, and boil your water before drinking.",CDC
"Nsuo a yɛnua mu de nom tea, ɛboa?",prevention_query,"Hohoro wo nsa ne samina ne nsuo pa bere biara, nua wo nsuo ansa na woanom, na kata wo nnuane so yie.","Wash your hands with soap and safe water, boil your drinking water, and always cover your food.",WHO Ghana
Mɛde dɛn bɔ me mma ho ban afiri cholera ho?,prevention_query,"Na yɛbɛyɛ ne sɛ: Hohoro wo nsa ne samina bere biara, di aduane a ɛyɛ hyere na nua wo nsuo ansa na woanom.","To avoid cholera: wash your hands with soap, eat hot cooked food, and boil your water before drinking.",CDC
Ɛwɔ sɛ me noa me nsuo bere dodo bɛn?,prevention_query,"Hohoro wo nsa ne samina ne nsuo pa bere biara, nua wo nsuo ansa na woanom, na kata wo nnuane so yie.","Wash your hands with soap and safe water, boil your drinking water, and always cover your food.",WHO Ghana
Chlorine tabs betumi akum cholera mmoawa wɔ nsuo mu?,transmission_query,"Na yɛbɛyɛ ne sɛ: Hohoro wo nsa ne samina bere biara, di aduane a ɛyɛ hyere na nua wo nsuo ansa na woanom.","To avoid cholera: wash your hands with soap, eat hot cooked food, and boil your water before drinking.",CDC
"Sɛ me pɛ sɛ metena adagya mu fɛfɛɛfɛ a, dɛn na mɛyɛ?",prevention_query,"Hohoro wo nsa ne samina ne nsuo pa bere biara, nua wo nsuo ansa na woanom, na kata wo nnuane so yie.","Wash your hands with soap and safe water, boil your drinking water, and always cover your food.",WHO Ghana
Hohoro nsa ne samina bɛ boa pa paa?,prevention_query,"Na yɛbɛyɛ ne sɛ: Hohoro wo nsa ne samina bere biara, di aduane a ɛyɛ hyere na nua wo nsuo ansa na woanom.","To avoid cholera: wash your hands with soap, eat hot cooked food, and boil your water before drinking.",CDC
Dɛn na metumi ayɛ na cholera annya me wɔ adidi baabi?,prevention_query,"Hohoro wo nsa ne samina ne nsuo pa bere biara, nua wo nsuo ansa na woanom, na kata wo nnuane so yie.","Wash your hands with soap and safe water, boil your drinking water, and always cover your food.",WHO Ghana
Ɛwɔ sɛ me dware mprempren wɔ cholera berɛ mu?,prevention_query,"Na yɛbɛyɛ ne sɛ: Hohoro wo nsa ne samina bere biara, di aduane a ɛyɛ hyere na nua wo nsuo ansa na woanom.","To avoid cholera: wash your hands with soap, eat hot cooked food, and boil your water before drinking.",CDC
"Sɛ me pɛ sɛ me ba ankɔ tiafi wɔ bɔnten so a, dɛn na mɛyɛ?",prevention_query,"Hohoro wo nsa ne samina ne nsuo pa bere biara, nua wo nsuo ansa na woanom, na kata wo nnuane so yie.","Wash your hands with soap and safe water, boil your drinking water, and always cover your food.",WHO Ghana
Dɛn na ɛboa ma nsuo pa na yɛde nom?,prevention_query,"Na yɛbɛyɛ ne sɛ: Hohoro wo nsa ne samina bere biara, di aduane a ɛyɛ hyere na nua wo nsuo ansa na woanom.","To avoid cholera: wash your hands with soap, eat hot cooked food, and boil your water before drinking.",CDC
Mɛde dɛn ahohoro nnuane ansa na mɛnoa?,prevention_query,"Hohoro wo nsa ne samina ne nsuo pa bere biara, nua wo nsuo ansa na woanom, na kata wo nnuane so yie.","Wash your hands with soap and safe water, boil your drinking water, and always cover your food.",WHO Ghana
ORS nsuo betumi asiw cholera kwan ansa na ɛba?,prevention_query,"Na yɛbɛyɛ ne sɛ: Hohoro wo nsa ne samina bere biara, di aduane a ɛyɛ hyere na nua wo nsuo ansa na woanom.","To avoid cholera: wash your hands with soap, eat hot cooked food, and boil your water before drinking.",CDC
"Sɛ me kɔ oman a wɔwɔ cholera hɔ a, dɛn na mɛyɛ?",prevention_query,"Hohoro wo nsa ne samina ne nsuo pa bere biara, nua wo nsuo ansa na woanom, na kata wo nnuane so yie.","Wash your hands with soap and safe water, boil your drinking water, and always cover your food.",WHO Ghana
Ɛwɔ sɛ mekɔ hohoro me nsa wɔ tiafi akyi?,prevention_query,"Na yɛbɛyɛ ne sɛ: Hohoro wo nsa ne samina bere biara, di aduane a ɛyɛ hyere na nua wo nsuo ansa na woanom.","To avoid cholera: wash your hands with soap, eat hot cooked food, and boil your water before drinking.",CDC
Mɛde dɛn ahohoro me nsa pa wɔ kwan ho?,prevention_query,"Hohoro wo nsa ne samina ne nsuo pa bere biara, nua wo nsuo ansa na woanom, na kata wo nnuane so yie.","Wash your hands with soap and safe water, boil your drinking water, and always cover your food.",WHO Ghana
"Sɛ adagya mu mfifiseɛ boro so a, ɛde cholera ba?",prevention_query,"Na yɛbɛyɛ ne sɛ: Hohoro wo nsa ne samina bere biara, di aduane a ɛyɛ hyere na nua wo nsuo ansa na woanom.","To avoid cholera: wash your hands with soap, eat hot cooked food, and boil your water before drinking.",CDC
Dɛn na metumi ayɛ na efi anto me fie mu?,prevention_query,"Hohoro wo nsa ne samina ne nsuo pa bere biara, nua wo nsuo ansa na woanom, na kata wo nnuane so yie.","Wash your hands with soap and safe water, boil your drinking water, and always cover your food.",WHO Ghana
Ɛwɔ sɛ me bo me nuane ho ban ma mfifiseɛ?,prevention_query,"Na yɛbɛyɛ ne sɛ: Hohoro wo nsa ne samina bere biara, di aduane a ɛyɛ hyere na nua wo nsuo ansa na woanom.","To avoid cholera: wash your hands with soap, eat hot cooked food, and boil your water before drinking.",CDC
"Sɛ me pɛ sɛ me ba anom nsuo firi kɔkɔɔ a, ɛyɛ safe?",prevention_query,"Hohoro wo nsa ne samina ne nsuo pa bere biara, nua wo nsuo ansa na woanom, na kata wo nnuane so yie.","Wash your hands with soap and safe water, boil your drinking water, and always cover your food.",WHO Ghana
Mɛde dɛn bɔ me fie ho ban afiri cholera ho?,prevention_query,"Na yɛbɛyɛ ne sɛ: Hohoro wo nsa ne samina bere biara, di aduane a ɛyɛ hyere na nua wo nsuo ansa na woanom.","To avoid cholera: wash your hands with soap, eat hot cooked food, and boil your water before drinking.",CDC
"Nsuo sachet a yɛtɔn wɔ kwan ho, ɛyɛ safe?",prevention_query,"Hohoro wo nsa ne samina ne nsuo pa bere biara, nua wo nsuo ansa na woanom, na kata wo nnuane so yie.","Wash your hands with soap and safe water, boil your drinking water, and always cover your food.",WHO Ghana
Dɛn na ɛboa na cholera antra adagya mu?,prevention_query,"Na yɛbɛyɛ ne sɛ: Hohoro wo nsa ne samina bere biara, di aduane a ɛyɛ hyere na nua wo nsuo ansa na woanom.","To avoid cholera: wash your hands with soap, eat hot cooked food, and boil your water before drinking.",CDC
"Sɛ me pɛ sɛ me ba mpe cholera a, dɛn na ɛboa paa?",prevention_query,"Hohoro wo nsa ne samina ne nsuo pa bere biara, nua wo nsuo ansa na woanom, na kata wo nnuane so yie.","Wash your hands with soap and safe water, boil your drinking water, and always cover your food.",WHO Ghana
"Hohoro nnuane ansa na wonoa, ɛboa?",prevention_query,"Na yɛbɛyɛ ne sɛ: Hohoro wo nsa ne samina bere biara, di aduane a ɛyɛ hyere na nua wo nsuo ansa na woanom.","To avoid cholera: wash your hands with soap, eat hot cooked food, and boil your water before drinking.",CDC
Mɛde dɛn kum cholera mmoawa wɔ me fie nsuo mu?,prevention_query,"Hohoro wo nsa ne samina ne nsuo pa bere biara, nua wo nsuo ansa na woanom, na kata wo nnuane so yie.","Wash your hands with soap and safe water, boil your drinking water, and always cover your food.",WHO Ghana
"Sɛ me fiefoɔ pɛ sɛ wɔnom nsuo firi abutuo mu a, ɛyɛ asiane?",prevention_query,"Na yɛbɛyɛ ne sɛ: Hohoro wo nsa ne samina bere biara, di aduane a ɛyɛ hyere na nua wo nsuo ansa na woanom.","To avoid cholera: wash your hands with soap, eat hot cooked food, and boil your water before drinking.",CDC
Ɛwɔ sɛ mekɔ hohoro me nsa ansa na medidi bere biara?,prevention_query,"Hohoro wo nsa ne samina ne nsuo pa bere biara, nua wo nsuo ansa na woanom, na kata wo nnuane so yie.","Wash your hands with soap and safe water, boil your drinking water, and always cover your food.",WHO Ghana
Dɛn na metumi ayɛ na me kunu ananya cholera?,prevention_query,"Na yɛbɛyɛ ne sɛ: Hohoro wo nsa ne samina bere biara, di aduane a ɛyɛ hyere na nua wo nsuo ansa na woanom.","To avoid cholera: wash your hands with soap, eat hot cooked food, and boil your water before drinking.",CDC
Sɛ me nom nsuo a yɛnua mu a cholera bɛba?,transmission_query,"Hohoro wo nsa ne samina ne nsuo pa bere biara, nua wo nsuo ansa na woanom, na kata wo nnuane so yie.","Wash your hands with soap and safe water, boil your drinking water, and always cover your food.",WHO Ghana
Nsuo filtration systems betumi akum cholera mmoawa?,prevention_query,"Na yɛbɛyɛ ne sɛ: Hohoro wo nsa ne samina bere biara, di aduane a ɛyɛ hyere na nua wo nsuo ansa na woanom.","To avoid cholera: wash your hands with soap, eat hot cooked food, and boil your water before drinking.",CDC
Mɛde dɛn bɔ me mma ban sɛ cholera annya wɔn?,prevention_query,"Hohoro wo nsa ne samina ne nsuo pa bere biara, nua wo nsuo ansa na woanom, na kata wo nnuane so yie.","Wash your hands with soap and safe water, boil your drinking water, and always cover your food.",WHO Ghana
Ɛwɔ sɛ mekɔ hohoro me nsa wɔ ansa na me ba nuane?,prevention_query,"Na yɛbɛyɛ ne sɛ: Hohoro wo nsa ne samina bere biara, di aduane a ɛyɛ hyere na nua wo nsuo ansa na woanom.","To avoid cholera: wash your hands with soap, eat hot cooked food, and boil your water before drinking.",CDC
Dɛn na metumi de ayɛ me nsuo safe wɔ adagya mu?,prevention_query,"Hohoro wo nsa ne samina ne nsuo pa bere biara, nua wo nsuo ansa na woanom, na kata wo nnuane so yie.","Wash your hands with soap and safe water, boil your drinking water, and always cover your food.",WHO Ghana
"Sɛ kɔkɔɔ a yɛde nom no ho nni tew a, ɛyɛ asiane?",prevention_query,"Na yɛbɛyɛ ne sɛ: Hohoro wo nsa ne samina bere biara, di aduane a ɛyɛ hyere na nua wo nsuo ansa na woanom.","To avoid cholera: wash your hands with soap, eat hot cooked food, and boil your water before drinking.",CDC
Mɛde dɛn bɔ me ho ban sɛ obi antumi amfa cholera amma me?,prevention_query,"Hohoro wo nsa ne samina ne nsuo pa bere biara, nua wo nsuo ansa na woanom, na kata wo nnuane so yie.","Wash your hands with soap and safe water, boil your drinking water, and always cover your food.",WHO Ghana
"Sɛ me pɛ sɛ me dware wɔ asubɔnten a, ɛyɛ safe wɔ cholera berɛ mu?",prevention_query,"Na yɛbɛyɛ ne sɛ: Hohoro wo nsa ne samina bere biara, di aduane a ɛyɛ hyere na nua wo nsuo ansa na woanom.","To avoid cholera: wash your hands with soap, eat hot cooked food, and boil your water before drinking.",CDC
Ɛwɔ sɛ me noa me nsuo sɛ me wɔ adagya mu?,prevention_query,"Hohoro wo nsa ne samina ne nsuo pa bere biara, nua wo nsuo ansa na woanom, na kata wo nnuane so yie.","Wash your hands with soap and safe water, boil your drinking water, and always cover your food.",WHO Ghana
Dɛn na ɛboa ma me fie aba cholera mmoawa anatra mu?,prevention_query,"Na yɛbɛyɛ ne sɛ: Hohoro wo nsa ne samina bere biara, di aduane a ɛyɛ hyere na nua wo nsuo ansa na woanom.","To avoid cholera: wash your hands with soap, eat hot cooked food, and boil your water before drinking.",CDC
"Sɛ me pɛ sɛ me de sachet water nom a, ɛyɛ safe?",prevention_query,"Hohoro wo nsa ne samina ne nsuo pa bere biara, nua wo nsuo ansa na woanom, na kata wo nnuane so yie.","Wash your hands with soap and safe water, boil your drinking water, and always cover your food.",WHO Ghana
Mɛde dɛn bɔ me adidi baabi ho ban?,prevention_query,"Na yɛbɛyɛ ne sɛ: Hohoro wo nsa ne samina bere biara, di aduane a ɛyɛ hyere na nua wo nsuo ansa na woanom.","To avoid cholera: wash your hands with soap, eat hot cooked food, and boil your water before drinking.",CDC
Ɛwɔ sɛ me hohoro me nsa wɔ ansa na mede aduane mba?,prevention_query,"Hohoro wo nsa ne samina ne nsuo pa bere biara, nua wo nsuo ansa na woanom, na kata wo nnuane so yie.","Wash your hands with soap and safe water, boil your drinking water, and always cover your food.",WHO Ghana
Dɛn tumi boa ma cholera antra adagya a yɛte mu?,prevention_query,"Na yɛbɛyɛ ne sɛ: Hohoro wo nsa ne samina bere biara, di aduane a ɛyɛ hyere na nua wo nsuo ansa na woanom.","To avoid cholera: wash your hands with soap, eat hot cooked food, and boil your water before drinking.",CDC
ORS yɛ dɛn?,treatment_query,"Yɛde ORS (Oral Rehydration Salts) nsuo na ɛsa cholera ntɛm ara na nsuo ansɛe wo ho. Sɛ emu yɛ den a, kɔ ayaresabea ntɛm.","Cholera is treated immediately with ORS (Oral Rehydration Salts) to restore fluids. If severe, go to the hospital immediately.",WHO Ghana
Mɛyɛ ORS fie sɛn?,treatment_query,"Fa lita baako nsuo pa, asikre nsa-mmerɛ nsia (6 teaspoons), ne nkyene nsa-mmerɛ fa (1/2 teaspoon) na fra bom yie ma ɔnom.","Mix 1 liter of clean water, 6 teaspoons of sugar, and 1/2 teaspoon of salt to make Home-made Rehydration Solution.",CDC
Sɛn na metumi ayɛ ORS wɔ me fie?,treatment_query,"Yɛde ORS (Oral Rehydration Salts) nsuo na ɛsa cholera ntɛm ara na nsuo ansɛe wo ho. Sɛ emu yɛ den a, kɔ ayaresabea ntɛm.","Cholera is treated immediately with ORS (Oral Rehydration Salts) to restore fluids. If severe, go to the hospital immediately.",WHO Ghana
Aduru bɛn na ɛsa cholera ntɛm?,treatment_query,"Fa lita baako nsuo pa, asikre nsa-mmerɛ nsia (6 teaspoons), ne nkyene nsa-mmerɛ fa (1/2 teaspoon) na fra bom yie ma ɔnom.","Mix 1 liter of clean water, 6 teaspoons of sugar, and 1/2 teaspoon of salt to make Home-made Rehydration Solution.",CDC
"Sɛ obi anya cholera a, ntɛm ara ɛwɔ sɛ yɛyɛ dɛn?",treatment_query,"Fa lita baako nsuo pa, asikre nsa-mmerɛ nsia (6 teaspoons), ne nkyene nsa-mmerɛ fa (1/2 teaspoon) na fra bom yie ma ɔnom.","Mix 1 liter of clean water, 6 teaspoons of sugar, and 1/2 teaspoon of salt to make Home-made Rehydration Solution.",CDC
Mɛde zinc tablets sɛn?,treatment_query,"Yɛde ORS (Oral Rehydration Salts) nsuo na ɛsa cholera ntɛm ara na nsuo ansɛe wo ho. Sɛ emu yɛ den a, kɔ ayaresabea ntɛm.","Cholera is treated immediately with ORS (Oral Rehydration Salts) to restore fluids. If severe, go to the hospital immediately.",WHO Ghana
Adɔkota de aduru bɛn de sa cholera?,treatment_query,"Fa lita baako nsuo pa, asikre nsa-mmerɛ nsia (6 teaspoons), ne nkyene nsa-mmerɛ fa (1/2 teaspoon) na fra bom yie ma ɔnom.","Mix 1 liter of clean water, 6 teaspoons of sugar, and 1/2 teaspoon of salt to make Home-made Rehydration Solution.",CDC
Me fie nsuo no yɛ safe de yɛ ORS?,treatment_query,"Yɛde ORS (Oral Rehydration Salts) nsuo na ɛsa cholera ntɛm ara na nsuo ansɛe wo ho. Sɛ emu yɛ den a, kɔ ayaresabea ntɛm.","Cholera is treated immediately with ORS (Oral Rehydration Salts) to restore fluids. If severe, go to the hospital immediately.",WHO Ghana
"Sɛ me anya cholera a, mɛnam fie anaa mɛkɔ clinic?",treatment_query,"Fa lita baako nsuo pa, asikre nsa-mmerɛ nsia (6 teaspoons), ne nkyene nsa-mmerɛ fa (1/2 teaspoon) na fra bom yie ma ɔnom.","Mix 1 liter of clean water, 6 teaspoons of sugar, and 1/2 teaspoon of salt to make Home-made Rehydration Solution.",CDC
ORS nsuo yɛ ntɛm wɔ berɛ bɛn mu?,treatment_query,"Yɛde ORS (Oral Rehydration Salts) nsuo na ɛsa cholera ntɛm ara na nsuo ansɛe wo ho. Sɛ emu yɛ den a, kɔ ayaresabea ntɛm.","Cholera is treated immediately with ORS (Oral Rehydration Salts) to restore fluids. If severe, go to the hospital immediately.",WHO Ghana
Mɛde asikre ne nkyene nsuo sa cholera fie?,treatment_query,"Fa lita baako nsuo pa, asikre nsa-mmerɛ nsia (6 teaspoons), ne nkyene nsa-mmerɛ fa (1/2 teaspoon) na fra bom yie ma ɔnom.","Mix 1 liter of clean water, 6 teaspoons of sugar, and 1/2 teaspoon of salt to make Home-made Rehydration Solution.",CDC
Cholera treatment no ɛtua sika pii?,treatment_query,"Yɛde ORS (Oral Rehydration Salts) nsuo na ɛsa cholera ntɛm ara na nsuo ansɛe wo ho. Sɛ emu yɛ den a, kɔ ayaresabea ntɛm.","Cholera is treated immediately with ORS (Oral Rehydration Salts) to restore fluids. If severe, go to the hospital immediately.",WHO Ghana
Sɛ obi anom ORS a ɛboa ntɛm ara?,treatment_query,"Fa lita baako nsuo pa, asikre nsa-mmerɛ nsia (6 teaspoons), ne nkyene nsa-mmerɛ fa (1/2 teaspoon) na fra bom yie ma ɔnom.","Mix 1 liter of clean water, 6 teaspoons of sugar, and 1/2 teaspoon of salt to make Home-made Rehydration Solution.",CDC
"Me ba no refe bebree, ORS bɛboa?",treatment_query,"Yɛde ORS (Oral Rehydration Salts) nsuo na ɛsa cholera ntɛm ara na nsuo ansɛe wo ho. Sɛ emu yɛ den a, kɔ ayaresabea ntɛm.","Cholera is treated immediately with ORS (Oral Rehydration Salts) to restore fluids. If severe, go to the hospital immediately.",WHO Ghana
Mɛnam clinic anaa ayaresabea wɔ cholera mu?,treatment_query,"Fa lita baako nsuo pa, asikre nsa-mmerɛ nsia (6 teaspoons), ne nkyene nsa-mmerɛ fa (1/2 teaspoon) na fra bom yie ma ɔnom.","Mix 1 liter of clean water, 6 teaspoons of sugar, and 1/2 teaspoon of salt to make Home-made Rehydration Solution.",CDC
"Sɛ obi anya cholera a, ɛwɔ sɛ yɛde nkyene nsuo ama no?",treatment_query,"Yɛde ORS (Oral Rehydration Salts) nsuo na ɛsa cholera ntɛm ara na nsuo ansɛe wo ho. Sɛ emu yɛ den a, kɔ ayaresabea ntɛm.","Cholera is treated immediately with ORS (Oral Rehydration Salts) to restore fluids. If severe, go to the hospital immediately.",WHO Ghana
ORS nsuo betumi asa dehydration?,treatment_query,"Fa lita baako nsuo pa, asikre nsa-mmerɛ nsia (6 teaspoons), ne nkyene nsa-mmerɛ fa (1/2 teaspoon) na fra bom yie ma ɔnom.","Mix 1 liter of clean water, 6 teaspoons of sugar, and 1/2 teaspoon of salt to make Home-made Rehydration Solution.",CDC
Mɛde asikre dodo bɛn de yɛ fie ORS?,treatment_query,"Yɛde ORS (Oral Rehydration Salts) nsuo na ɛsa cholera ntɛm ara na nsuo ansɛe wo ho. Sɛ emu yɛ den a, kɔ ayaresabea ntɛm.","Cholera is treated immediately with ORS (Oral Rehydration Salts) to restore fluids. If severe, go to the hospital immediately.",WHO Ghana
Cholera treatment no akye bere bɛn?,treatment_query,"Fa lita baako nsuo pa, asikre nsa-mmerɛ nsia (6 teaspoons), ne nkyene nsa-mmerɛ fa (1/2 teaspoon) na fra bom yie ma ɔnom.","Mix 1 liter of clean water, 6 teaspoons of sugar, and 1/2 teaspoon of salt to make Home-made Rehydration Solution.",CDC
"Sɛ me ba no anya cholera a, mɛde nkosua ama no?",treatment_query,"Yɛde ORS (Oral Rehydration Salts) nsuo na ɛsa cholera ntɛm ara na nsuo ansɛe wo ho. Sɛ emu yɛ den a, kɔ ayaresabea ntɛm.","Cholera is treated immediately with ORS (Oral Rehydration Salts) to restore fluids. If severe, go to the hospital immediately.",WHO Ghana
IV fluids yɛ dɛn wɔ cholera mu?,treatment_query,"Fa lita baako nsuo pa, asikre nsa-mmerɛ nsia (6 teaspoons), ne nkyene nsa-mmerɛ fa (1/2 teaspoon) na fra bom yie ma ɔnom.","Mix 1 liter of clean water, 6 teaspoons of sugar, and 1/2 teaspoon of salt to make Home-made Rehydration Solution.",CDC
Mɛde dɛn ama me ba no anom sɛ obi anya cholera?,treatment_query,"Yɛde ORS (Oral Rehydration Salts) nsuo na ɛsa cholera ntɛm ara na nsuo ansɛe wo ho. Sɛ emu yɛ den a, kɔ ayaresabea ntɛm.","Cholera is treated immediately with ORS (Oral Rehydration Salts) to restore fluids. If severe, go to the hospital immediately.",WHO Ghana
"Sɛ ORS nni hɔ a, mɛde dɛn adi ananmu?",treatment_query,"Fa lita baako nsuo pa, asikre nsa-mmerɛ nsia (6 teaspoons), ne nkyene nsa-mmerɛ fa (1/2 teaspoon) na fra bom yie ma ɔnom.","Mix 1 liter of clean water, 6 teaspoons of sugar, and 1/2 teaspoon of salt to make Home-made Rehydration Solution.",CDC
Clinic de ORS ama kwa anaa yɛtɔ?,treatment_query,"Yɛde ORS (Oral Rehydration Salts) nsuo na ɛsa cholera ntɛm ara na nsuo ansɛe wo ho. Sɛ emu yɛ den a, kɔ ayaresabea ntɛm.","Cholera is treated immediately with ORS (Oral Rehydration Salts) to restore fluids. If severe, go to the hospital immediately.",WHO Ghana
Cholera asa wɔ berɛ bɛn mu sɛ yɛde ORS sa?,treatment_query,"Fa lita baako nsuo pa, asikre nsa-mmerɛ nsia (6 teaspoons), ne nkyene nsa-mmerɛ fa (1/2 teaspoon) na fra bom yie ma ɔnom.","Mix 1 liter of clean water, 6 teaspoons of sugar, and 1/2 teaspoon of salt to make Home-made Rehydration Solution.",CDC
Mɛde dɛn ama me nana de anom sɛ obi anya cholera?,treatment_query,"Yɛde ORS (Oral Rehydration Salts) nsuo na ɛsa cholera ntɛm ara na nsuo ansɛe wo ho. Sɛ emu yɛ den a, kɔ ayaresabea ntɛm.","Cholera is treated immediately with ORS (Oral Rehydration Salts) to restore fluids. If severe, go to the hospital immediately.",WHO Ghana
"Sɛ cholera mu yɛ den paa a, adɔkota de dɛn sa?",treatment_query,"Fa lita baako nsuo pa, asikre nsa-mmerɛ nsia (6 teaspoons), ne nkyene nsa-mmerɛ fa (1/2 teaspoon) na fra bom yie ma ɔnom.","Mix 1 liter of clean water, 6 teaspoons of sugar, and 1/2 teaspoon of salt to make Home-made Rehydration Solution.",CDC
"ORS nsuo, ɛboa ma ho nsuo san ba?",treatment_query,"Yɛde ORS (Oral Rehydration Salts) nsuo na ɛsa cholera ntɛm ara na nsuo ansɛe wo ho. Sɛ emu yɛ den a, kɔ ayaresabea ntɛm.","Cholera is treated immediately with ORS (Oral Rehydration Salts) to restore fluids. If severe, go to the hospital immediately.",WHO Ghana
Mɛde fie nsuo anaa sachet water yɛ ORS?,treatment_query,"Fa lita baako nsuo pa, asikre nsa-mmerɛ nsia (6 teaspoons), ne nkyene nsa-mmerɛ fa (1/2 teaspoon) na fra bom yie ma ɔnom.","Mix 1 liter of clean water, 6 teaspoons of sugar, and 1/2 teaspoon of salt to make Home-made Rehydration Solution.",CDC
"Sɛ obi nnom ORS ntɛm ara wɔ cholera mu a, ɛyɛ asiane?",treatment_query,"Yɛde ORS (Oral Rehydration Salts) nsuo na ɛsa cholera ntɛm ara na nsuo ansɛe wo ho. Sɛ emu yɛ den a, kɔ ayaresabea ntɛm.","Cholera is treated immediately with ORS (Oral Rehydration Salts) to restore fluids. If severe, go to the hospital immediately.",WHO Ghana
Ghana Health Service de ORS ma adagya mu kwa?,treatment_query,"Fa lita baako nsuo pa, asikre nsa-mmerɛ nsia (6 teaspoons), ne nkyene nsa-mmerɛ fa (1/2 teaspoon) na fra bom yie ma ɔnom.","Mix 1 liter of clean water, 6 teaspoons of sugar, and 1/2 teaspoon of salt to make Home-made Rehydration Solution.",CDC
Mɛde nkyene a yɛde noa sɛn wɔ fie ORS mu?,treatment_query,"Yɛde ORS (Oral Rehydration Salts) nsuo na ɛsa cholera ntɛm ara na nsuo ansɛe wo ho. Sɛ emu yɛ den a, kɔ ayaresabea ntɛm.","Cholera is treated immediately with ORS (Oral Rehydration Salts) to restore fluids. If severe, go to the hospital immediately.",WHO Ghana
"Sɛ ORS paket no akyɛ a, ɛyɛ safe?",treatment_query,"Fa lita baako nsuo pa, asikre nsa-mmerɛ nsia (6 teaspoons), ne nkyene nsa-mmerɛ fa (1/2 teaspoon) na fra bom yie ma ɔnom.","Mix 1 liter of clean water, 6 teaspoons of sugar, and 1/2 teaspoon of salt to make Home-made Rehydration Solution.",CDC
Cholera asa wɔ fie anaa ɛwɔ sɛ yɛkɔ clinic?,treatment_query,"Yɛde ORS (Oral Rehydration Salts) nsuo na ɛsa cholera ntɛm ara na nsuo ansɛe wo ho. Sɛ emu yɛ den a, kɔ ayaresabea ntɛm.","Cholera is treated immediately with ORS (Oral Rehydration Salts) to restore fluids. If severe, go to the hospital immediately.",WHO Ghana
Mɛde dɛn bɔ ORS nsuo ho ban ma mmofra?,treatment_query,"Fa lita baako nsuo pa, asikre nsa-mmerɛ nsia (6 teaspoons), ne nkyene nsa-mmerɛ fa (1/2 teaspoon) na fra bom yie ma ɔnom.","Mix 1 liter of clean water, 6 teaspoons of sugar, and 1/2 teaspoon of salt to make Home-made Rehydration Solution.",CDC
"Sɛ obi nom ORS pii a, ɛboa?",treatment_query,"Yɛde ORS (Oral Rehydration Salts) nsuo na ɛsa cholera ntɛm ara na nsuo ansɛe wo ho. Sɛ emu yɛ den a, kɔ ayaresabea ntɛm.","Cholera is treated immediately with ORS (Oral Rehydration Salts) to restore fluids. If severe, go to the hospital immediately.",WHO Ghana
Adɔkota de antibiotic de sa cholera?,treatment_query,"Fa lita baako nsuo pa, asikre nsa-mmerɛ nsia (6 teaspoons), ne nkyene nsa-mmerɛ fa (1/2 teaspoon) na fra bom yie ma ɔnom.","Mix 1 liter of clean water, 6 teaspoons of sugar, and 1/2 teaspoon of salt to make Home-made Rehydration Solution.",CDC
ORS nsuo mɛde ama me nana nnom wɔ fie?,treatment_query,"Yɛde ORS (Oral Rehydration Salts) nsuo na ɛsa cholera ntɛm ara na nsuo ansɛe wo ho. Sɛ emu yɛ den a, kɔ ayaresabea ntɛm.","Cholera is treated immediately with ORS (Oral Rehydration Salts) to restore fluids. If severe, go to the hospital immediately.",WHO Ghana
"Sɛ obi anya cholera a, ɛwɔ sɛ obi anom nsuo bebree?",treatment_query,"Fa lita baako nsuo pa, asikre nsa-mmerɛ nsia (6 teaspoons), ne nkyene nsa-mmerɛ fa (1/2 teaspoon) na fra bom yie ma ɔnom.","Mix 1 liter of clean water, 6 teaspoons of sugar, and 1/2 teaspoon of salt to make Home-made Rehydration Solution.",CDC
Mɛde dɛn ahohoro ORS paket ansa na mɛyɛ?,treatment_query,"Yɛde ORS (Oral Rehydration Salts) nsuo na ɛsa cholera ntɛm ara na nsuo ansɛe wo ho. Sɛ emu yɛ den a, kɔ ayaresabea ntɛm.","Cholera is treated immediately with ORS (Oral Rehydration Salts) to restore fluids. If severe, go to the hospital immediately.",WHO Ghana
Cholera asa wɔ nnɔnhwerew bɛn?,treatment_query,"Fa lita baako nsuo pa, asikre nsa-mmerɛ nsia (6 teaspoons), ne nkyene nsa-mmerɛ fa (1/2 teaspoon) na fra bom yie ma ɔnom.","Mix 1 liter of clean water, 6 teaspoons of sugar, and 1/2 teaspoon of salt to make Home-made Rehydration Solution.",CDC
"Sɛ me ba no rentia ORS a, mɛde dɛn ama no?",treatment_query,"Yɛde ORS (Oral Rehydration Salts) nsuo na ɛsa cholera ntɛm ara na nsuo ansɛe wo ho. Sɛ emu yɛ den a, kɔ ayaresabea ntɛm.","Cholera is treated immediately with ORS (Oral Rehydration Salts) to restore fluids. If severe, go to the hospital immediately.",WHO Ghana
IV nsuo de sa cholera sɛn?,treatment_query,"Fa lita baako nsuo pa, asikre nsa-mmerɛ nsia (6 teaspoons), ne nkyene nsa-mmerɛ fa (1/2 teaspoon) na fra bom yie ma ɔnom.","Mix 1 liter of clean water, 6 teaspoons of sugar, and 1/2 teaspoon of salt to make Home-made Rehydration Solution.",CDC
ORS betumi ama me ba no san nyane?,treatment_query,"Yɛde ORS (Oral Rehydration Salts) nsuo na ɛsa cholera ntɛm ara na nsuo ansɛe wo ho. Sɛ emu yɛ den a, kɔ ayaresabea ntɛm.","Cholera is treated immediately with ORS (Oral Rehydration Salts) to restore fluids. If severe, go to the hospital immediately.",WHO Ghana
Mɛde lita baako nsuo ne nkyene ne asikre yɛ ORS?,treatment_query,"Fa lita baako nsuo pa, asikre nsa-mmerɛ nsia (6 teaspoons), ne nkyene nsa-mmerɛ fa (1/2 teaspoon) na fra bom yie ma ɔnom.","Mix 1 liter of clean water, 6 teaspoons of sugar, and 1/2 teaspoon of salt to make Home-made Rehydration Solution.",CDC
"Sɛ me anya cholera a, mɛkɔ ayaresabea bɛn?",treatment_query,"Yɛde ORS (Oral Rehydration Salts) nsuo na ɛsa cholera ntɛm ara na nsuo ansɛe wo ho. Sɛ emu yɛ den a, kɔ ayaresabea ntɛm.","Cholera is treated immediately with ORS (Oral Rehydration Salts) to restore fluids. If severe, go to the hospital immediately.",WHO Ghana
"ORS ne nsuo kwa, yɛde bɛn de sa cholera pa ara?",treatment_query,"Fa lita baako nsuo pa, asikre nsa-mmerɛ nsia (6 teaspoons), ne nkyene nsa-mmerɛ fa (1/2 teaspoon) na fra bom yie ma ɔnom.","Mix 1 liter of clean water, 6 teaspoons of sugar, and 1/2 teaspoon of salt to make Home-made Rehydration Solution.",CDC
Mɛde fie aduru bɛn de sa cholera?,treatment_query,"Yɛde ORS (Oral Rehydration Salts) nsuo na ɛsa cholera ntɛm ara na nsuo ansɛe wo ho. Sɛ emu yɛ den a, kɔ ayaresabea ntɛm.","Cholera is treated immediately with ORS (Oral Rehydration Salts) to restore fluids. If severe, go to the hospital immediately.",WHO Ghana
"Sɛ cholera ba a, ntɛm ara yɛde ORS bɛsa, anaasɛ yɛkɔ clinic?",treatment_query,"Fa lita baako nsuo pa, asikre nsa-mmerɛ nsia (6 teaspoons), ne nkyene nsa-mmerɛ fa (1/2 teaspoon) na fra bom yie ma ɔnom.","Mix 1 liter of clean water, 6 teaspoons of sugar, and 1/2 teaspoon of salt to make Home-made Rehydration Solution.",CDC
"Yarefoɔ no n'ani apɔn, ɛyɛ emergency?",emergency_query,Ma no ORS nsuo na kɔ ayaresabea a ɛbɛn wo ntɛm ara! Eyi yɛ emergency paa!,Give him ORS and run to the nearest hospital immediately! This is a major emergency!,WHO Ghana
"Me ba no rentumi nsɔre, dɛn na mɛyɛ ntɛm?",emergency_query,"EYI NE EMERGENCY! Ma no ORS nsuo sɛ obetumi anom, na fa no kɔ ayaresabea ntɛm ara na wɔakɔma no nsuo wɔ ne ntin (IV fluids).","THIS IS AN EMERGENCY! Give ORS if conscious, and take them to the hospital immediately for IV fluids.",CDC
Cholera no kum obi bere bɛn mu?,emergency_query,Ma no ORS nsuo na kɔ ayaresabea a ɛbɛn wo ntɛm ara! Eyi yɛ emergency paa!,Give him ORS and run to the nearest hospital immediately! This is a major emergency!,WHO Ghana
"Sɛ me kunu no anya cholera mu den paa a, dɛn mɛyɛ?",emergency_query,"EYI NE EMERGENCY! Ma no ORS nsuo sɛ obetumi anom, na fa no kɔ ayaresabea ntɛm ara na wɔakɔma no nsuo wɔ ne ntin (IV fluids).","THIS IS AN EMERGENCY! Give ORS if conscious, and take them to the hospital immediately for IV fluids.",CDC
"Yarefoɔ no ne ho nsuo asa koraa, ɛyɛ emergency?",emergency_query,Ma no ORS nsuo na kɔ ayaresabea a ɛbɛn wo ntɛm ara! Eyi yɛ emergency paa!,Give him ORS and run to the nearest hospital immediately! This is a major emergency!,WHO Ghana
"Me maame rente asɛm yie na ɔrefe, dɛn mɛyɛ?",emergency_query,"EYI NE EMERGENCY! Ma no ORS nsuo sɛ obetumi anom, na fa no kɔ ayaresabea ntɛm ara na wɔakɔma no nsuo wɔ ne ntin (IV fluids).","THIS IS AN EMERGENCY! Give ORS if conscious, and take them to the hospital immediately for IV fluids.",CDC
Ɛwɔ sɛ me fa yarefoɔ no kɔ ayaresabea berɛ bɛn?,emergency_query,Ma no ORS nsuo na kɔ ayaresabea a ɛbɛn wo ntɛm ara! Eyi yɛ emergency paa!,Give him ORS and run to the nearest hospital immediately! This is a major emergency!,WHO Ghana
"Sɛ me ba no ntumi nkasa na ɔrefe a, ɛyɛ emergency?",emergency_query,"EYI NE EMERGENCY! Ma no ORS nsuo sɛ obetumi anom, na fa no kɔ ayaresabea ntɛm ara na wɔakɔma no nsuo wɔ ne ntin (IV fluids).","THIS IS AN EMERGENCY! Give ORS if conscious, and take them to the hospital immediately for IV fluids.",CDC
Cholera tumi kum obi wɔ nnɔnhwerew bɛn mu?,emergency_query,Ma no ORS nsuo na kɔ ayaresabea a ɛbɛn wo ntɛm ara! Eyi yɛ emergency paa!,Give him ORS and run to the nearest hospital immediately! This is a major emergency!,WHO Ghana
"Me nana no atew ase firi cholera, dɛn mɛyɛ?",emergency_query,"EYI NE EMERGENCY! Ma no ORS nsuo sɛ obetumi anom, na fa no kɔ ayaresabea ntɛm ara na wɔakɔma no nsuo wɔ ne ntin (IV fluids).","THIS IS AN EMERGENCY! Give ORS if conscious, and take them to the hospital immediately for IV fluids.",CDC
"Yarefoɔ no anya mmetegwee firi dehydration, ɛyɛ asiane?",emergency_query,Ma no ORS nsuo na kɔ ayaresabea a ɛbɛn wo ntɛm ara! Eyi yɛ emergency paa!,Give him ORS and run to the nearest hospital immediately! This is a major emergency!,WHO Ghana
"Sɛ obi anya cholera na n'ani apɔn a, mɛkɔ clinic bɛn?",emergency_query,"EYI NE EMERGENCY! Ma no ORS nsuo sɛ obetumi anom, na fa no kɔ ayaresabea ntɛm ara na wɔakɔma no nsuo wɔ ne ntin (IV fluids).","THIS IS AN EMERGENCY! Give ORS if conscious, and take them to the hospital immediately for IV fluids.",CDC
"Me ba no renten na ɔrefe bebree, dɛn mɛyɛ ntɛm?",emergency_query,Ma no ORS nsuo na kɔ ayaresabea a ɛbɛn wo ntɛm ara! Eyi yɛ emergency paa!,Give him ORS and run to the nearest hospital immediately! This is a major emergency!,WHO Ghana
"Sɛ cholera yarefoɔ no rentumi nkasa bio a, ɛyɛ dɛn?",emergency_query,"EYI NE EMERGENCY! Ma no ORS nsuo sɛ obetumi anom, na fa no kɔ ayaresabea ntɛm ara na wɔakɔma no nsuo wɔ ne ntin (IV fluids).","THIS IS AN EMERGENCY! Give ORS if conscious, and take them to the hospital immediately for IV fluids.",CDC
Ɛwɔ sɛ me telephone ambulance bere bɛn?,emergency_query,Ma no ORS nsuo na kɔ ayaresabea a ɛbɛn wo ntɛm ara! Eyi yɛ emergency paa!,Give him ORS and run to the nearest hospital immediately! This is a major emergency!,WHO Ghana
"Me maame anya cholera na ɔte mmerɛ so a, ɛyɛ emergency?",emergency_query,"EYI NE EMERGENCY! Ma no ORS nsuo sɛ obetumi anom, na fa no kɔ ayaresabea ntɛm ara na wɔakɔma no nsuo wɔ ne ntin (IV fluids).","THIS IS AN EMERGENCY! Give ORS if conscious, and take them to the hospital immediately for IV fluids.",CDC
"Yarefoɔ no ne ho yɛ hye na ne koma ntɔɔ, ɛyɛ emergency?",emergency_query,Ma no ORS nsuo na kɔ ayaresabea a ɛbɛn wo ntɛm ara! Eyi yɛ emergency paa!,Give him ORS and run to the nearest hospital immediately! This is a major emergency!,WHO Ghana
"Sɛ obi anom ORS na ɔte so refe a, ɛyɛ asiane?",emergency_query,"EYI NE EMERGENCY! Ma no ORS nsuo sɛ obetumi anom, na fa no kɔ ayaresabea ntɛm ara na wɔakɔma no nsuo wɔ ne ntin (IV fluids).","THIS IS AN EMERGENCY! Give ORS if conscious, and take them to the hospital immediately for IV fluids.",CDC
"Me nana no rentumi nnyina na ne nan mu apow, dɛn mɛyɛ?",emergency_query,Ma no ORS nsuo na kɔ ayaresabea a ɛbɛn wo ntɛm ara! Eyi yɛ emergency paa!,Give him ORS and run to the nearest hospital immediately! This is a major emergency!,WHO Ghana
"Cholera mu yɛ den na me ba no rentumi nkasa, dɛn ne emergency action?",emergency_query,"EYI NE EMERGENCY! Ma no ORS nsuo sɛ obetumi anom, na fa no kɔ ayaresabea ntɛm ara na wɔakɔma no nsuo wɔ ne ntin (IV fluids).","THIS IS AN EMERGENCY! Give ORS if conscious, and take them to the hospital immediately for IV fluids.",CDC
Ɛbɛtumi ayɛ cholera mu den na IV fluids hia?,emergency_query,Ma no ORS nsuo na kɔ ayaresabea a ɛbɛn wo ntɛm ara! Eyi yɛ emergency paa!,Give him ORS and run to the nearest hospital immediately! This is a major emergency!,WHO Ghana
"Sɛ obi anya cholera na n'ani apɔn wɔ fie a, dɛn mɛyɛ ansa na ambulance aba?",emergency_query,"EYI NE EMERGENCY! Ma no ORS nsuo sɛ obetumi anom, na fa no kɔ ayaresabea ntɛm ara na wɔakɔma no nsuo wɔ ne ntin (IV fluids).","THIS IS AN EMERGENCY! Give ORS if conscious, and take them to the hospital immediately for IV fluids.",CDC
"Me kunu anya cholera mu den na ɔrente asɛm yie, dɛn mɛyɛ?",emergency_query,Ma no ORS nsuo na kɔ ayaresabea a ɛbɛn wo ntɛm ara! Eyi yɛ emergency paa!,Give him ORS and run to the nearest hospital immediately! This is a major emergency!,WHO Ghana
"Yarefoɔ no ne ho nsuo asa na ɔntumi maa ase, ɛyɛ emergency?",emergency_query,"EYI NE EMERGENCY! Ma no ORS nsuo sɛ obetumi anom, na fa no kɔ ayaresabea ntɛm ara na wɔakɔma no nsuo wɔ ne ntin (IV fluids).","THIS IS AN EMERGENCY! Give ORS if conscious, and take them to the hospital immediately for IV fluids.",CDC
"Sɛ cholera mu yɛ den na obi rentumi mma ORS anom a, dɛn na yɛyɛ?",emergency_query,Ma no ORS nsuo na kɔ ayaresabea a ɛbɛn wo ntɛm ara! Eyi yɛ emergency paa!,Give him ORS and run to the nearest hospital immediately! This is a major emergency!,WHO Ghana
"Me ba no renten paa na ne ho yɛ hye, ɛwɔ sɛ mefa no kɔ clinic?",emergency_query,"EYI NE EMERGENCY! Ma no ORS nsuo sɛ obetumi anom, na fa no kɔ ayaresabea ntɛm ara na wɔakɔma no nsuo wɔ ne ntin (IV fluids).","THIS IS AN EMERGENCY! Give ORS if conscious, and take them to the hospital immediately for IV fluids.",CDC
Ghana emergency number bɛn na mɛtelephone wɔ cholera emergency mu?,emergency_query,Ma no ORS nsuo na kɔ ayaresabea a ɛbɛn wo ntɛm ara! Eyi yɛ emergency paa!,Give him ORS and run to the nearest hospital immediately! This is a major emergency!,WHO Ghana
"Sɛ yarefoɔ no anya mmetegwee na obi ntumi mfa no ankɔ clinic a, dɛn mɛyɛ?",emergency_query,"EYI NE EMERGENCY! Ma no ORS nsuo sɛ obetumi anom, na fa no kɔ ayaresabea ntɛm ara na wɔakɔma no nsuo wɔ ne ntin (IV fluids).","THIS IS AN EMERGENCY! Give ORS if conscious, and take them to the hospital immediately for IV fluids.",CDC
Cholera emergency sign titiriw ne sɛn?,emergency_query,Ma no ORS nsuo na kɔ ayaresabea a ɛbɛn wo ntɛm ara! Eyi yɛ emergency paa!,Give him ORS and run to the nearest hospital immediately! This is a major emergency!,WHO Ghana
"Me maame anya cholera na ɔrefe wɔ fie, dɛn na mɛyɛ ntɛm ara?",emergency_query,"EYI NE EMERGENCY! Ma no ORS nsuo sɛ obetumi anom, na fa no kɔ ayaresabea ntɛm ara na wɔakɔma no nsuo wɔ ne ntin (IV fluids).","THIS IS AN EMERGENCY! Give ORS if conscious, and take them to the hospital immediately for IV fluids.",CDC
"Sɛ obi anya cholera mu den na otumi nkɔ clinic ankasa a, dɛn mɛyɛ?",emergency_query,Ma no ORS nsuo na kɔ ayaresabea a ɛbɛn wo ntɛm ara! Eyi yɛ emergency paa!,Give him ORS and run to the nearest hospital immediately! This is a major emergency!,WHO Ghana
Ayaresabea a ɛbɛn Sunyani wɔ hɔ betumi asa cholera emergency?,emergency_query,"EYI NE EMERGENCY! Ma no ORS nsuo sɛ obetumi anom, na fa no kɔ ayaresabea ntɛm ara na wɔakɔma no nsuo wɔ ne ntin (IV fluids).","THIS IS AN EMERGENCY! Give ORS if conscious, and take them to the hospital immediately for IV fluids.",CDC
"Yarefoɔ no rentumi nsɔre na ɔrente asɛm, ɛwɔ sɛ me yɛ dɛn ntɛm?",emergency_query,Ma no ORS nsuo na kɔ ayaresabea a ɛbɛn wo ntɛm ara! Eyi yɛ emergency paa!,Give him ORS and run to the nearest hospital immediately! This is a major emergency!,WHO Ghana
"Sɛ me ba no anya cholera mu den na mewɔ sika a ɛntua ayaresabea ho a, dɛn mɛyɛ?",emergency_query,"EYI NE EMERGENCY! Ma no ORS nsuo sɛ obetumi anom, na fa no kɔ ayaresabea ntɛm ara na wɔakɔma no nsuo wɔ ne ntin (IV fluids).","THIS IS AN EMERGENCY! Give ORS if conscious, and take them to the hospital immediately for IV fluids.",CDC
NHIS betumi ato cholera emergency ho dwumadie ato?,emergency_query,Ma no ORS nsuo na kɔ ayaresabea a ɛbɛn wo ntɛm ara! Eyi yɛ emergency paa!,Give him ORS and run to the nearest hospital immediately! This is a major emergency!,WHO Ghana
"Sɛ obi anya cholera na ɔte mmerɛ paa so a, ɛwɔ sɛ me yɛ dɛn?",emergency_query,Ma no ORS nsuo na kɔ ayaresabea a ɛbɛn wo ntɛm ara! Eyi yɛ emergency paa!,Give him ORS and run to the nearest hospital immediately! This is a major emergency!,WHO Ghana
"Me ba no anya cholera mu den na ɔrente asɛm yie, ɛyɛ emergency?",emergency_query,"EYI NE EMERGENCY! Ma no ORS nsuo sɛ obetumi anom, na fa no kɔ ayaresabea ntɛm ara na wɔakɔma no nsuo wɔ ne ntin (IV fluids).","THIS IS AN EMERGENCY! Give ORS if conscious, and take them to the hospital immediately for IV fluids.",CDC
Ɛwɔ sɛ mekɔ me fie ORS de ama yarefoɔ no ansa na mɛfa no kɔ clinic?,emergency_query,Ma no ORS nsuo na kɔ ayaresabea a ɛbɛn wo ntɛm ara! Eyi yɛ emergency paa!,Give him ORS and run to the nearest hospital immediately! This is a major emergency!,WHO Ghana
"Yarefoɔ no afeɛ ne ayamtuo ntɔ mpa, ɛyɛ emergency?",emergency_query,"EYI NE EMERGENCY! Ma no ORS nsuo sɛ obetumi anom, na fa no kɔ ayaresabea ntɛm ara na wɔakɔma no nsuo wɔ ne ntin (IV fluids).","THIS IS AN EMERGENCY! Give ORS if conscious, and take them to the hospital immediately for IV fluids.",CDC
"Sɛ obi anya cholera wɔ adwuma so na nni obi a ɔbɛtumi boa no a, dɛn mɛyɛ?",emergency_query,Ma no ORS nsuo na kɔ ayaresabea a ɛbɛn wo ntɛm ara! Eyi yɛ emergency paa!,Give him ORS and run to the nearest hospital immediately! This is a major emergency!,WHO Ghana
"Me kunu no rentete na ɔnte asɛm yie firi cholera nti, ɛyɛ emergency?",emergency_query,"EYI NE EMERGENCY! Ma no ORS nsuo sɛ obetumi anom, na fa no kɔ ayaresabea ntɛm ara na wɔakɔma no nsuo wɔ ne ntin (IV fluids).","THIS IS AN EMERGENCY! Give ORS if conscious, and take them to the hospital immediately for IV fluids.",CDC
Cholera tumi kum obi saa ntɛm ara?,emergency_query,Ma no ORS nsuo na kɔ ayaresabea a ɛbɛn wo ntɛm ara! Eyi yɛ emergency paa!,Give him ORS and run to the nearest hospital immediately! This is a major emergency!,WHO Ghana
"Sɛ obi anya cholera na ɔnte asɛm yie a, ɛwɔ sɛ oma no ORS anaa yɛkɔ clinic?",emergency_query,"EYI NE EMERGENCY! Ma no ORS nsuo sɛ obetumi anom, na fa no kɔ ayaresabea ntɛm ara na wɔakɔma no nsuo wɔ ne ntin (IV fluids).","THIS IS AN EMERGENCY! Give ORS if conscious, and take them to the hospital immediately for IV fluids.",CDC
"Me mma ketewa no anya cholera mu den, ɛyɛ emergency paa?",emergency_query,Ma no ORS nsuo na kɔ ayaresabea a ɛbɛn wo ntɛm ara! Eyi yɛ emergency paa!,Give him ORS and run to the nearest hospital immediately! This is a major emergency!,WHO Ghana
"Yarefoɔ no rentumi nsɔre na ɔrefe, ɛwɔ sɛ me telephone he?",emergency_query,"EYI NE EMERGENCY! Ma no ORS nsuo sɛ obetumi anom, na fa no kɔ ayaresabea ntɛm ara na wɔakɔma no nsuo wɔ ne ntin (IV fluids).","THIS IS AN EMERGENCY! Give ORS if conscious, and take them to the hospital immediately for IV fluids.",CDC
"Sɛ me nana no anya cholera na ɔmfiri ahemfie mu nkɔ clinic a, dɛn mɛyɛ?",emergency_query,Ma no ORS nsuo na kɔ ayaresabea a ɛbɛn wo ntɛm ara! Eyi yɛ emergency paa!,Give him ORS and run to the nearest hospital immediately! This is a major emergency!,WHO Ghana
Kumasi Teaching Hospital betumi asa cholera emergency?,emergency_query,"EYI NE EMERGENCY! Ma no ORS nsuo sɛ obetumi anom, na fa no kɔ ayaresabea ntɛm ara na wɔakɔma no nsuo wɔ ne ntin (IV fluids).","THIS IS AN EMERGENCY! Give ORS if conscious, and take them to the hospital immediately for IV fluids.",CDC
Ɛwɔ sɛ mede ORS ama yarefoɔ no ansa na ɛmfa no kɔ clinic?,emergency_query,Ma no ORS nsuo na kɔ ayaresabea a ɛbɛn wo ntɛm ara! Eyi yɛ emergency paa!,Give him ORS and run to the nearest hospital immediately! This is a major emergency!,WHO Ghana
"Sɛ cholera mu yɛ den na obi atew ase a, dɛn ne first aid?",emergency_query,"EYI NE EMERGENCY! Ma no ORS nsuo sɛ obetumi anom, na fa no kɔ ayaresabea ntɛm ara na wɔakɔma no nsuo wɔ ne ntin (IV fluids).","THIS IS AN EMERGENCY! Give ORS if conscious, and take them to the hospital immediately for IV fluids.",CDC
"Me ba no anya cholera na ne ho nsuo asa koraa, mɛkɔ ayaresabea bɛn wɔ Accra?",emergency_query,Ma no ORS nsuo na kɔ ayaresabea a ɛbɛn wo ntɛm ara! Eyi yɛ emergency paa!,Give him ORS and run to the nearest hospital immediately! This is a major emergency!,WHO Ghana
"Ete sɛn, chatbot?",general_greeting,Mema wo akye! Me ne Cholera Twi Chatbot. Metumi abua wo cholera ho nsɛm.,Hello! I am the Cholera Twi Chatbot. I can answer your questions about cholera.,Ghana NLP
"Akwaaba, chatbot nua!",general_greeting,Akwaaba! Metumi aboa wo wɔ cholera yareɛ ho nsɛm biara. Bisa biribi!,Welcome! I can help you with any questions about cholera. Ask anything!,Ghana NLP
"Ɔdwo, chatbot pa!",general_greeting,Mema wo akye! Me ne Cholera Twi Chatbot. Metumi abua wo cholera ho nsɛm.,Hello! I am the Cholera Twi Chatbot. I can answer your questions about cholera.,Ghana NLP
"Chatbot, wo ho te sɛn nnɛ?",general_greeting,Akwaaba! Metumi aboa wo wɔ cholera yareɛ ho nsɛm biara. Bisa biribi!,Welcome! I can help you with any questions about cholera. Ask anything!,Ghana NLP
Me ba sɛ wobɛboa me,general_greeting,Mema wo akye! Me ne Cholera Twi Chatbot. Metumi abua wo cholera ho nsɛm.,Hello! I am the Cholera Twi Chatbot. I can answer your questions about cholera.,Ghana NLP
"Yaa chatbot, ɛte sɛn?",general_greeting,Akwaaba! Metumi aboa wo wɔ cholera yareɛ ho nsɛm biara. Bisa biribi!,Welcome! I can help you with any questions about cholera. Ask anything!,Ghana NLP
"Maakye chatbot, metumi abisa wo biribi?",general_greeting,Mema wo akye! Me ne Cholera Twi Chatbot. Metumi abua wo cholera ho nsɛm.,Hello! I am the Cholera Twi Chatbot. I can answer your questions about cholera.,Ghana NLP
Mema wo adwo chatbot nua!,general_greeting,Akwaaba! Metumi aboa wo wɔ cholera yareɛ ho nsɛm biara. Bisa biribi!,Welcome! I can help you with any questions about cholera. Ask anything!,Ghana NLP
"Chatbot, mreboa wo boa me nnɛ",general_greeting,Mema wo akye! Me ne Cholera Twi Chatbot. Metumi abua wo cholera ho nsɛm.,Hello! I am the Cholera Twi Chatbot. I can answer your questions about cholera.,Ghana NLP
"Hello chatbot, yɛ ne yɛn ho!",general_greeting,Akwaaba! Metumi aboa wo wɔ cholera yareɛ ho nsɛm biara. Bisa biribi!,Welcome! I can help you with any questions about cholera. Ask anything!,Ghana NLP
Medaase ma saa adwuma pa yi,general_greeting,Mema wo akye! Me ne Cholera Twi Chatbot. Metumi abua wo cholera ho nsɛm.,Hello! I am the Cholera Twi Chatbot. I can answer your questions about cholera.,Ghana NLP
Mo yɛ adwuma pa paa!,general_greeting,Akwaaba! Metumi aboa wo wɔ cholera yareɛ ho nsɛm biara. Bisa biribi!,Welcome! I can help you with any questions about cholera. Ask anything!,Ghana NLP
"Chatbot, mi ne wo kasa!",general_greeting,Mema wo akye! Me ne Cholera Twi Chatbot. Metumi abua wo cholera ho nsɛm.,Hello! I am the Cholera Twi Chatbot. I can answer your questions about cholera.,Ghana NLP
"Akwaaba, me din de Edwin",general_greeting,Akwaaba! Metumi aboa wo wɔ cholera yareɛ ho nsɛm biara. Bisa biribi!,Welcome! I can help you with any questions about cholera. Ask anything!,Ghana NLP
"Chatbot, wo nim Twi pa ara!",general_greeting,Mema wo akye! Me ne Cholera Twi Chatbot. Metumi abua wo cholera ho nsɛm.,Hello! I am the Cholera Twi Chatbot. I can answer your questions about cholera.,Ghana NLP
"Mema wo akye, bɛboa me!",general_greeting,Akwaaba! Metumi aboa wo wɔ cholera yareɛ ho nsɛm biara. Bisa biribi!,Welcome! I can help you with any questions about cholera. Ask anything!,Ghana NLP
"Yaa, chatbot pa, ete sɛn?",general_greeting,Mema wo akye! Me ne Cholera Twi Chatbot. Metumi abua wo cholera ho nsɛm.,Hello! I am the Cholera Twi Chatbot. I can answer your questions about cholera.,Ghana NLP
"Chatbot, wo tumi boa me wɔ adesua ho?",general_greeting,Akwaaba! Metumi aboa wo wɔ cholera yareɛ ho nsɛm biara. Bisa biribi!,Welcome! I can help you with any questions about cholera. Ask anything!,Ghana NLP
Medaase ma mmuaeɛ pa yi nyinaa,general_greeting,Mema wo akye! Me ne Cholera Twi Chatbot. Metumi abua wo cholera ho nsɛm.,Hello! I am the Cholera Twi Chatbot. I can answer your questions about cholera.,Ghana NLP
"Mema wo adwo, chatbot nua pa!",general_greeting,Mema wo akye! Me ne Cholera Twi Chatbot. Metumi abua wo cholera ho nsɛm.,Hello! I am the Cholera Twi Chatbot. I can answer your questions about cholera.,Ghana NLP
Chatbot no yɛ adwuma pa paa!,general_greeting,Akwaaba! Metumi aboa wo wɔ cholera yareɛ ho nsɛm biara. Bisa biribi!,Welcome! I can help you with any questions about cholera. Ask anything!,Ghana NLP
Mema wo aha chatbot pa!,general_greeting,Mema wo akye! Me ne Cholera Twi Chatbot. Metumi abua wo cholera ho nsɛm.,Hello! I am the Cholera Twi Chatbot. I can answer your questions about cholera.,Ghana NLP
Akwaaba! Metumi abisa wo cholera ho?,general_greeting,Akwaaba! Metumi aboa wo wɔ cholera yareɛ ho nsɛm biara. Bisa biribi!,Welcome! I can help you with any questions about cholera. Ask anything!,Ghana NLP
"Chatbot, wo nim Asante Twi pa?",general_greeting,Mema wo akye! Me ne Cholera Twi Chatbot. Metumi abua wo cholera ho nsɛm.,Hello! I am the Cholera Twi Chatbot. I can answer your questions about cholera.,Ghana NLP
"Yaa chatbot nua, me reboa wo!",general_greeting,Akwaaba! Metumi aboa wo wɔ cholera yareɛ ho nsɛm biara. Bisa biribi!,Welcome! I can help you with any questions about cholera. Ask anything!,Ghana NLP
"Ɔkyena, chatbot pa!",general_greeting,Mema wo akye! Me ne Cholera Twi Chatbot. Metumi abua wo cholera ho nsɛm.,Hello! I am the Cholera Twi Chatbot. I can answer your questions about cholera.,Ghana NLP
"Chatbot, wo yɛ adwuma pa ara wɔ Ghana!",general_greeting,Akwaaba! Metumi aboa wo wɔ cholera yareɛ ho nsɛm biara. Bisa biribi!,Welcome! I can help you with any questions about cholera. Ask anything!,Ghana NLP
Me nim sɛ wobɛboa me nnɛ!,general_greeting,Mema wo akye! Me ne Cholera Twi Chatbot. Metumi abua wo cholera ho nsɛm.,Hello! I am the Cholera Twi Chatbot. I can answer your questions about cholera.,Ghana NLP
"Ɛte sɛn, chatbot nua?",general_greeting,Akwaaba! Metumi aboa wo wɔ cholera yareɛ ho nsɛm biara. Bisa biribi!,Welcome! I can help you with any questions about cholera. Ask anything!,Ghana NLP
"Mema wo akye chatbot, mi ne wo!",general_greeting,Mema wo akye! Me ne Cholera Twi Chatbot. Metumi abua wo cholera ho nsɛm.,Hello! I am the Cholera Twi Chatbot. I can answer your questions about cholera.,Ghana NLP
"Chatbot, medaase ma wo adwuma!",general_greeting,Akwaaba! Metumi aboa wo wɔ cholera yareɛ ho nsɛm biara. Bisa biribi!,Welcome! I can help you with any questions about cholera. Ask anything!,Ghana NLP
Yɛ ne yɛn nnɛ chatbot!,general_greeting,Mema wo akye! Me ne Cholera Twi Chatbot. Metumi abua wo cholera ho nsɛm.,Hello! I am the Cholera Twi Chatbot. I can answer your questions about cholera.,Ghana NLP
Hello! Me reboa wo boa me.,general_greeting,Akwaaba! Metumi aboa wo wɔ cholera yareɛ ho nsɛm biara. Bisa biribi!,Welcome! I can help you with any questions about cholera. Ask anything!,Ghana NLP
"Chatbot, wo tumi kasa Twi pa paa!",general_greeting,Mema wo akye! Me ne Cholera Twi Chatbot. Metumi abua wo cholera ho nsɛm.,Hello! I am the Cholera Twi Chatbot. I can answer your questions about cholera.,Ghana NLP
Mema wo adwo chatbot pa!,general_greeting,Akwaaba! Metumi aboa wo wɔ cholera yareɛ ho nsɛm biara. Bisa biribi!,Welcome! I can help you with any questions about cholera. Ask anything!,Ghana NLP
Akwaaba! Mepɛ sɛ wobɛboa me,general_greeting,Mema wo akye! Me ne Cholera Twi Chatbot. Metumi abua wo cholera ho nsɛm.,Hello! I am the Cholera Twi Chatbot. I can answer your questions about cholera.,Ghana NLP
"Chatbot nua, wo yɛ adwuma pa!",general_greeting,Akwaaba! Metumi aboa wo wɔ cholera yareɛ ho nsɛm biara. Bisa biribi!,Welcome! I can help you with any questions about cholera. Ask anything!,Ghana NLP
Medaase ma wo mmuaeɛ pa yi daa!,general_greeting,Mema wo akye! Me ne Cholera Twi Chatbot. Metumi abua wo cholera ho nsɛm.,Hello! I am the Cholera Twi Chatbot. I can answer your questions about cholera.,Ghana NLP
Mema wo aha nua chatbot!,general_greeting,Akwaaba! Metumi aboa wo wɔ cholera yareɛ ho nsɛm biara. Bisa biribi!,Welcome! I can help you with any questions about cholera. Ask anything!,Ghana NLP
"Chatbot, wo tumi boa Ghanafoɔ paa!",general_greeting,Mema wo akye! Me ne Cholera Twi Chatbot. Metumi abua wo cholera ho nsɛm.,Hello! I am the Cholera Twi Chatbot. I can answer your questions about cholera.,Ghana NLP
"Yaa nua, ɛte sɛn nnɛ?",general_greeting,Akwaaba! Metumi aboa wo wɔ cholera yareɛ ho nsɛm biara. Bisa biribi!,Welcome! I can help you with any questions about cholera. Ask anything!,Ghana NLP
"Chatbot, me nim sɛ wobɛboa me!",general_greeting,Mema wo akye! Me ne Cholera Twi Chatbot. Metumi abua wo cholera ho nsɛm.,Hello! I am the Cholera Twi Chatbot. I can answer your questions about cholera.,Ghana NLP
Mema wo akye chatbot nua pa!,general_greeting,Akwaaba! Metumi aboa wo wɔ cholera yareɛ ho nsɛm biara. Bisa biribi!,Welcome! I can help you with any questions about cholera. Ask anything!,Ghana NLP
Me pɛ sɛ mebisa wo biribi!,general_greeting,Mema wo akye! Me ne Cholera Twi Chatbot. Metumi abua wo cholera ho nsɛm.,Hello! I am the Cholera Twi Chatbot. I can answer your questions about cholera.,Ghana NLP
"Akwaaba chatbot pa, ete sɛn?",general_greeting,Akwaaba! Metumi aboa wo wɔ cholera yareɛ ho nsɛm biara. Bisa biribi!,Welcome! I can help you with any questions about cholera. Ask anything!,Ghana NLP
"Chatbot, Ghana NLP adwuma no yɛ fɛ paa!",general_greeting,Mema wo akye! Me ne Cholera Twi Chatbot. Metumi abua wo cholera ho nsɛm.,Hello! I am the Cholera Twi Chatbot. I can answer your questions about cholera.,Ghana NLP
"Ɔdwo, ɛte sɛn chatbot?",general_greeting,Akwaaba! Metumi aboa wo wɔ cholera yareɛ ho nsɛm biara. Bisa biribi!,Welcome! I can help you with any questions about cholera. Ask anything!,Ghana NLP
"Chatbot nua, me da wo ase!",general_greeting,Mema wo akye! Me ne Cholera Twi Chatbot. Metumi abua wo cholera ho nsɛm.,Hello! I am the Cholera Twi Chatbot. I can answer your questions about cholera.,Ghana NLP
"Hello chatbot, metumi abisa?",general_greeting,Akwaaba! Metumi aboa wo wɔ cholera yareɛ ho nsɛm biara. Bisa biribi!,Welcome! I can help you with any questions about cholera. Ask anything!,Ghana NLP
"Chatbot, wo tumi boa Ghanafoɔ wɔ cholera ho!",general_greeting,Mema wo akye! Me ne Cholera Twi Chatbot. Metumi abua wo cholera ho nsɛm.,Hello! I am the Cholera Twi Chatbot. I can answer your questions about cholera.,Ghana NLP
"Sɛ menua me nsuo a, cholera mmoawa bɛwu",prevention_query,"Hohoro wo nsa ne samina ne nsuo pa bere biara, nua wo nsuo ansa na woanom, na kata wo nnuane so yie.","Wash your hands with soap and safe water, boil your drinking water, and always cover your food.",WHO Ghana
Samina tumi kum cholera mmoawa wɔ nsa ho,prevention_query,"Hohoro wo nsa ne samina ne nsuo pa bere biara, nua wo nsuo ansa na woanom, na kata wo nnuane so yie.","Wash your hands with soap and safe water, boil your drinking water, and always cover your food.",WHO Ghana
Noa nsuo ansa na wonnom na ɛbɔ wo ho ban,prevention_query,"Hohoro wo nsa ne samina ne nsuo pa bere biara, nua wo nsuo ansa na woanom, na kata wo nnuane so yie.","Wash your hands with soap and safe water, boil your drinking water, and always cover your food.",WHO Ghana
"Sɛ me hohoro me nsa ne samina a, cholera annya me",prevention_query,"Hohoro wo nsa ne samina ne nsuo pa bere biara, nua wo nsuo ansa na woanom, na kata wo nnuane so yie.","Wash your hands with soap and safe water, boil your drinking water, and always cover your food.",WHO Ghana
Kata aduane so na mfifiseɛ anko so,prevention_query,"Hohoro wo nsa ne samina ne nsuo pa bere biara, nua wo nsuo ansa na woanom, na kata wo nnuane so yie.","Wash your hands with soap and safe water, boil your drinking water, and always cover your food.",WHO Ghana
Mɛde chlorine akyekyere me nsuo mu bɔ me ho ban,prevention_query,"Hohoro wo nsa ne samina ne nsuo pa bere biara, nua wo nsuo ansa na woanom, na kata wo nnuane so yie.","Wash your hands with soap and safe water, boil your drinking water, and always cover your food.",WHO Ghana
Noa aduane hyere bɔ wo ho ban afiri cholera ho,prevention_query,"Hohoro wo nsa ne samina ne nsuo pa bere biara, nua wo nsuo ansa na woanom, na kata wo nnuane so yie.","Wash your hands with soap and safe water, boil your drinking water, and always cover your food.",WHO Ghana
"Sɛ medi aduane a ɛyɛ hyere a, cholera annya me",prevention_query,"Hohoro wo nsa ne samina ne nsuo pa bere biara, nua wo nsuo ansa na woanom, na kata wo nnuane so yie.","Wash your hands with soap and safe water, boil your drinking water, and always cover your food.",WHO Ghana
Hohoro nsa ne samina bɔ ho ban wɔ cholera mu,prevention_query,"Hohoro wo nsa ne samina ne nsuo pa bere biara, nua wo nsuo ansa na woanom, na kata wo nnuane so yie.","Wash your hands with soap and safe water, boil your drinking water, and always cover your food.",WHO Ghana
Mɛhohoro me nsa bere biara bɔ me ho ban,prevention_query,"Hohoro wo nsa ne samina ne nsuo pa bere biara, nua wo nsuo ansa na woanom, na kata wo nnuane so yie.","Wash your hands with soap and safe water, boil your drinking water, and always cover your food.",WHO Ghana
Cholera mmoawa fa nsuo mu kɔ obi ho,transmission_query,Cholera tare ntɛm ara nam nsuo anaa aduane a cholera bacteria firi obi bin mu akɔwura mu.,Cholera spreads rapidly through drinking water or eating food contaminated with the cholera bacteria from feces.,WHO Ghana
Cholera bacteria tena nsuo bɔne mu,transmission_query,Cholera tare ntɛm ara nam nsuo anaa aduane a cholera bacteria firi obi bin mu akɔwura mu.,Cholera spreads rapidly through drinking water or eating food contaminated with the cholera bacteria from feces.,WHO Ghana
Efi a ɛwɔ nsuo mu de cholera kɔ onipa ho,transmission_query,Cholera tare ntɛm ara nam nsuo anaa aduane a cholera bacteria firi obi bin mu akɔwura mu.,Cholera spreads rapidly through drinking water or eating food contaminated with the cholera bacteria from feces.,WHO Ghana
Cholera firi obi bin mu fa nsuo mu aba,transmission_query,Cholera tare ntɛm ara nam nsuo anaa aduane a cholera bacteria firi obi bin mu akɔwura mu.,Cholera spreads rapidly through drinking water or eating food contaminated with the cholera bacteria from feces.,WHO Ghana
Aduane a cholera bacteria wɔ mu de yareɛ aba,transmission_query,Cholera tare ntɛm ara nam nsuo anaa aduane a cholera bacteria firi obi bin mu akɔwura mu.,Cholera spreads rapidly through drinking water or eating food contaminated with the cholera bacteria from feces.,WHO Ghana
Cholera kɔ obi ho nam nsuo a efi guom,transmission_query,Cholera tare ntɛm ara nam nsuo anaa aduane a cholera bacteria firi obi bin mu akɔwura mu.,Cholera spreads rapidly through drinking water or eating food contaminated with the cholera bacteria from feces.,WHO Ghana
Cholera bacteria tumi atena aduane mu ama yareɛ aba,transmission_query,Cholera tare ntɛm ara nam nsuo anaa aduane a cholera bacteria firi obi bin mu akɔwura mu.,Cholera spreads rapidly through drinking water or eating food contaminated with the cholera bacteria from feces.,WHO Ghana
Mfifiseɛ de cholera kɔ aduane so nam ɔkwan bɛn so,transmission_query,Cholera tare ntɛm ara nam nsuo anaa aduane a cholera bacteria firi obi bin mu akɔwura mu.,Cholera spreads rapidly through drinking water or eating food contaminated with the cholera bacteria from feces.,WHO Ghana
Nsuo a efi guom de cholera bacteria aba,transmission_query,Cholera tare ntɛm ara nam nsuo anaa aduane a cholera bacteria firi obi bin mu akɔwura mu.,Cholera spreads rapidly through drinking water or eating food contaminated with the cholera bacteria from feces.,WHO Ghana
Cholera bacteria fa kwan bɛn so de ba obi ho,transmission_query,Cholera tare ntɛm ara nam nsuo anaa aduane a cholera bacteria firi obi bin mu akɔwura mu.,Cholera spreads rapidly through drinking water or eating food contaminated with the cholera bacteria from feces.,WHO Ghana
Dɛn nsenkyerɛne da adi wɔ obi a ɔwɔ cholera ho?,symptoms_query,Cholera yareɛ no ho nsenkyerɛne titiriw ne ayamtuo kɛseɛ a ɛte sɛ nsuo (a ɛte sɛ nsubɛn) ne ɛfeɛ a ɛnto mpa. Eyi betumi ama wo ho nsuo asa ntɛm (dehydration).,The main symptoms of cholera are severe watery diarrhea (like rice-water) and frequent vomiting. This can cause rapid dehydration.,WHO Ghana
Ayamtuo ne afeɛ yɛ cholera nsenkyerɛne titiriw,symptoms_query,Cholera yareɛ no ho nsenkyerɛne titiriw ne ayamtuo kɛseɛ a ɛte sɛ nsuo (a ɛte sɛ nsubɛn) ne ɛfeɛ a ɛnto mpa. Eyi betumi ama wo ho nsuo asa ntɛm (dehydration).,The main symptoms of cholera are severe watery diarrhea (like rice-water) and frequent vomiting. This can cause rapid dehydration.,WHO Ghana
"Sɛ cholera aka obi a, ne ho da adi sɛn?",symptoms_query,Cholera yareɛ no ho nsenkyerɛne titiriw ne ayamtuo kɛseɛ a ɛte sɛ nsuo (a ɛte sɛ nsubɛn) ne ɛfeɛ a ɛnto mpa. Eyi betumi ama wo ho nsuo asa ntɛm (dehydration).,The main symptoms of cholera are severe watery diarrhea (like rice-water) and frequent vomiting. This can cause rapid dehydration.,WHO Ghana
Cholera nsenkyerɛne wɔ obi ho da adi sɛn?,symptoms_query,Cholera yareɛ no ho nsenkyerɛne titiriw ne ayamtuo kɛseɛ a ɛte sɛ nsuo (a ɛte sɛ nsubɛn) ne ɛfeɛ a ɛnto mpa. Eyi betumi ama wo ho nsuo asa ntɛm (dehydration).,The main symptoms of cholera are severe watery diarrhea (like rice-water) and frequent vomiting. This can cause rapid dehydration.,WHO Ghana
Me ho yɛ sɛn sɛ cholera aka me?,symptoms_query,Cholera yareɛ no ho nsenkyerɛne titiriw ne ayamtuo kɛseɛ a ɛte sɛ nsuo (a ɛte sɛ nsubɛn) ne ɛfeɛ a ɛnto mpa. Eyi betumi ama wo ho nsuo asa ntɛm (dehydration).,The main symptoms of cholera are severe watery diarrhea (like rice-water) and frequent vomiting. This can cause rapid dehydration.,WHO Ghana
"Sɛ obi ho nsuo asa koraa firi cholera, ɛyɛ emergency?",emergency_query,Ma no ORS nsuo na kɔ ayaresabea a ɛbɛn wo ntɛm ara! Eyi yɛ emergency paa!,Give him ORS and run to the nearest hospital immediately! This is a major emergency!,WHO Ghana
"Ayamtuo ne afeɛ pii mu yɛ den paa, kɔ clinic ntɛm",emergency_query,Ma no ORS nsuo na kɔ ayaresabea a ɛbɛn wo ntɛm ara! Eyi yɛ emergency paa!,Give him ORS and run to the nearest hospital immediately! This is a major emergency!,WHO Ghana
"Sɛ obi anya cholera mu den na ɔnte asɛm yie, kɔ ayaresabea",emergency_query,Ma no ORS nsuo na kɔ ayaresabea a ɛbɛn wo ntɛm ara! Eyi yɛ emergency paa!,Give him ORS and run to the nearest hospital immediately! This is a major emergency!,WHO Ghana
"Cholera mu yɛ den paa na obi atew ase, ɛyɛ emergency",emergency_query,Ma no ORS nsuo na kɔ ayaresabea a ɛbɛn wo ntɛm ara! Eyi yɛ emergency paa!,Give him ORS and run to the nearest hospital immediately! This is a major emergency!,WHO Ghana
"Sɛ obi rente asɛm yie firi cholera nti, fa no kɔ clinic ntɛm",emergency_query,Ma no ORS nsuo na kɔ ayaresabea a ɛbɛn wo ntɛm ara! Eyi yɛ emergency paa!,Give him ORS and run to the nearest hospital immediately! This is a major emergency!,WHO Ghana
Aduru bɛn na Ghana Health Service de sa cholera?,treatment_query,"Yɛde ORS (Oral Rehydration Salts) nsuo na ɛsa cholera ntɛm ara na nsuo ansɛe wo ho. Sɛ emu yɛ den a, kɔ ayaresabea ntɛm.","Cholera is treated immediately with ORS (Oral Rehydration Salts) to restore fluids. If severe, go to the hospital immediately.",WHO Ghana
Ghana Health Service de aduru bɛn ma cholera yarefoɔ?,treatment_query,"Yɛde ORS (Oral Rehydration Salts) nsuo na ɛsa cholera ntɛm ara na nsuo ansɛe wo ho. Sɛ emu yɛ den a, kɔ ayaresabea ntɛm.","Cholera is treated immediately with ORS (Oral Rehydration Salts) to restore fluids. If severe, go to the hospital immediately.",WHO Ghana
Clinic de ORS aduru ma kwa anaa yɛde sika tɔ?,treatment_query,"Yɛde ORS (Oral Rehydration Salts) nsuo na ɛsa cholera ntɛm ara na nsuo ansɛe wo ho. Sɛ emu yɛ den a, kɔ ayaresabea ntɛm.","Cholera is treated immediately with ORS (Oral Rehydration Salts) to restore fluids. If severe, go to the hospital immediately.",WHO Ghana
ORS yɛbɛtumi de nsuo bɛn ayɛ no?,treatment_query,"Yɛde ORS (Oral Rehydration Salts) nsuo na ɛsa cholera ntɛm ara na nsuo ansɛe wo ho. Sɛ emu yɛ den a, kɔ ayaresabea ntɛm.","Cholera is treated immediately with ORS (Oral Rehydration Salts) to restore fluids. If severe, go to the hospital immediately.",WHO Ghana
"Sɛ me de asubɔnten nsuo yɛ ORS a, ɛyɛ safe?",treatment_query,"Yɛde ORS (Oral Rehydration Salts) nsuo na ɛsa cholera ntɛm ara na nsuo ansɛe wo ho. Sɛ emu yɛ den a, kɔ ayaresabea ntɛm.","Cholera is treated immediately with ORS (Oral Rehydration Salts) to restore fluids. If severe, go to the hospital immediately.",WHO Ghana
Metumi de sachet water yɛ ORS?,treatment_query,"Yɛde ORS (Oral Rehydration Salts) nsuo na ɛsa cholera ntɛm ara na nsuo ansɛe wo ho. Sɛ emu yɛ den a, kɔ ayaresabea ntɛm.","Cholera is treated immediately with ORS (Oral Rehydration Salts) to restore fluids. If severe, go to the hospital immediately.",WHO Ghana
"Sɛ ORS nni hɔ a, dɛn aduru na metumi de adi ananmu?",treatment_query,"Yɛde ORS (Oral Rehydration Salts) nsuo na ɛsa cholera ntɛm ara na nsuo ansɛe wo ho. Sɛ emu yɛ den a, kɔ ayaresabea ntɛm.","Cholera is treated immediately with ORS (Oral Rehydration Salts) to restore fluids. If severe, go to the hospital immediately.",WHO Ghana
Adɔkota de zinc ne antibiotic de sa cholera?,treatment_query,"Yɛde ORS (Oral Rehydration Salts) nsuo na ɛsa cholera ntɛm ara na nsuo ansɛe wo ho. Sɛ emu yɛ den a, kɔ ayaresabea ntɛm.","Cholera is treated immediately with ORS (Oral Rehydration Salts) to restore fluids. If severe, go to the hospital immediately.",WHO Ghana
Yɛde aduru bɛn de siw ayamtuo wɔ cholera mu?,treatment_query,"Yɛde ORS (Oral Rehydration Salts) nsuo na ɛsa cholera ntɛm ara na nsuo ansɛe wo ho. Sɛ emu yɛ den a, kɔ ayaresabea ntɛm.","Cholera is treated immediately with ORS (Oral Rehydration Salts) to restore fluids. If severe, go to the hospital immediately.",WHO Ghana
"ORS aduru no, yɛbɛtumi anya wɔ he wɔ Ghana?",treatment_query,"Yɛde ORS (Oral Rehydration Salts) nsuo na ɛsa cholera ntɛm ara na nsuo ansɛe wo ho. Sɛ emu yɛ den a, kɔ ayaresabea ntɛm.","Cholera is treated immediately with ORS (Oral Rehydration Salts) to restore fluids. If severe, go to the hospital immediately.",WHO Ghana
Ayamtuo siw aduru betumi boa wɔ cholera mu?,treatment_query,"Yɛde ORS (Oral Rehydration Salts) nsuo na ɛsa cholera ntɛm ara na nsuo ansɛe wo ho. Sɛ emu yɛ den a, kɔ ayaresabea ntɛm.","Cholera is treated immediately with ORS (Oral Rehydration Salts) to restore fluids. If severe, go to the hospital immediately.",WHO Ghana
Dɛn na yɛyɛ ma obi a ne ho nsuo asa asa wɔ fie?,treatment_query,"Yɛde ORS (Oral Rehydration Salts) nsuo na ɛsa cholera ntɛm ara na nsuo ansɛe wo ho. Sɛ emu yɛ den a, kɔ ayaresabea ntɛm.","Cholera is treated immediately with ORS (Oral Rehydration Salts) to restore fluids. If severe, go to the hospital immediately.",WHO Ghana
Cholera aduru no yɛ dɛn na ɛboa obi san nyane?,treatment_query,"Yɛde ORS (Oral Rehydration Salts) nsuo na ɛsa cholera ntɛm ara na nsuo ansɛe wo ho. Sɛ emu yɛ den a, kɔ ayaresabea ntɛm.","Cholera is treated immediately with ORS (Oral Rehydration Salts) to restore fluids. If severe, go to the hospital immediately.",WHO Ghana
ORS betumi asa dehydration wɔ cholera mu?,treatment_query,"Yɛde ORS (Oral Rehydration Salts) nsuo na ɛsa cholera ntɛm ara na nsuo ansɛe wo ho. Sɛ emu yɛ den a, kɔ ayaresabea ntɛm.","Cholera is treated immediately with ORS (Oral Rehydration Salts) to restore fluids. If severe, go to the hospital immediately.",WHO Ghana
Yɛbɛtumi de fie nsuo yɛ ORS ma cholera yarefoɔ?,treatment_query,"Yɛde ORS (Oral Rehydration Salts) nsuo na ɛsa cholera ntɛm ara na nsuo ansɛe wo ho. Sɛ emu yɛ den a, kɔ ayaresabea ntɛm.","Cholera is treated immediately with ORS (Oral Rehydration Salts) to restore fluids. If severe, go to the hospital immediately.",WHO Ghana
"Sɛ obi rentumi mma ORS anom wɔ cholera mu a, ɛyɛ emergency",emergency_query,"EYI NE EMERGENCY! Ma no ORS nsuo sɛ obetumi anom, na fa no kɔ ayaresabea ntɛm ara na wɔakɔma no nsuo wɔ ne ntin (IV fluids).","THIS IS AN EMERGENCY! Give ORS if conscious, and take them to the hospital immediately for IV fluids.",WHO Ghana
"Sɛ cholera mu yɛ den paa na obi rentumi nnom adeɛ a, ɛwɔ sɛ yɛyɛ dɛn?",emergency_query,"EYI NE EMERGENCY! Ma no ORS nsuo sɛ obetumi anom, na fa no kɔ ayaresabea ntɛm ara na wɔakɔma no nsuo wɔ ne ntin (IV fluids).","THIS IS AN EMERGENCY! Give ORS if conscious, and take them to the hospital immediately for IV fluids.",WHO Ghana
IV fluids hia bere bɛn wɔ cholera mu?,emergency_query,"EYI NE EMERGENCY! Ma no ORS nsuo sɛ obetumi anom, na fa no kɔ ayaresabea ntɛm ara na wɔakɔma no nsuo wɔ ne ntin (IV fluids).","THIS IS AN EMERGENCY! Give ORS if conscious, and take them to the hospital immediately for IV fluids.",WHO Ghana
"Sɛ cholera mu yɛ den na dehydration mu yɛ den paa a, IV fluids hia?",emergency_query,"EYI NE EMERGENCY! Ma no ORS nsuo sɛ obetumi anom, na fa no kɔ ayaresabea ntɛm ara na wɔakɔma no nsuo wɔ ne ntin (IV fluids).","THIS IS AN EMERGENCY! Give ORS if conscious, and take them to the hospital immediately for IV fluids.",WHO Ghana
"Obi a ɔwɔ cholera mu den na ɔrentumi nnom nsuo, dɛn na yɛyɛ?",emergency_query,"EYI NE EMERGENCY! Ma no ORS nsuo sɛ obetumi anom, na fa no kɔ ayaresabea ntɛm ara na wɔakɔma no nsuo wɔ ne ntin (IV fluids).","THIS IS AN EMERGENCY! Give ORS if conscious, and take them to the hospital immediately for IV fluids.",WHO Ghana
"Cholera bɛtumi ama obi ho nsuo asa na ɔrente asɛm yie, ɛyɛ emergency?",emergency_query,"EYI NE EMERGENCY! Ma no ORS nsuo sɛ obetumi anom, na fa no kɔ ayaresabea ntɛm ara na wɔakɔma no nsuo wɔ ne ntin (IV fluids).","THIS IS AN EMERGENCY! Give ORS if conscious, and take them to the hospital immediately for IV fluids.",WHO Ghana
"Sɛ cholera mu yɛ den paa a, yɛbɛtumi de obi kɔ ayaresabea de ama no nsuo wɔ ne ntin?",emergency_query,"EYI NE EMERGENCY! Ma no ORS nsuo sɛ obetumi anom, na fa no kɔ ayaresabea ntɛm ara na wɔakɔma no nsuo wɔ ne ntin (IV fluids).","THIS IS AN EMERGENCY! Give ORS if conscious, and take them to the hospital immediately for IV fluids.",WHO Ghana
Ɛbɛtumi ayɛ cholera a IV nsuo hia na ORS nna ase?,emergency_query,"EYI NE EMERGENCY! Ma no ORS nsuo sɛ obetumi anom, na fa no kɔ ayaresabea ntɛm ara na wɔakɔma no nsuo wɔ ne ntin (IV fluids).","THIS IS AN EMERGENCY! Give ORS if conscious, and take them to the hospital immediately for IV fluids.",WHO Ghana
"Sɛ cholera yarefoɔ no rente asɛm yie na ɔrentumi mma nsuo anom a, fa no kɔ clinic ntɛm",emergency_query,"EYI NE EMERGENCY! Ma no ORS nsuo sɛ obetumi anom, na fa no kɔ ayaresabea ntɛm ara na wɔakɔma no nsuo wɔ ne ntin (IV fluids).","THIS IS AN EMERGENCY! Give ORS if conscious, and take them to the hospital immediately for IV fluids.",WHO Ghana
"Cholera mu den paa na obi rentumi nsom adeɛ, ɛwɔ sɛ yɛkɔ ayaresabea?",emergency_query,"EYI NE EMERGENCY! Ma no ORS nsuo sɛ obetumi anom, na fa no kɔ ayaresabea ntɛm ara na wɔakɔma no nsuo wɔ ne ntin (IV fluids).","THIS IS AN EMERGENCY! Give ORS if conscious, and take them to the hospital immediately for IV fluids.",WHO Ghana
Ɛdeɛn na ɛkɔ de cholera ba obi ho?,transmission_query,Cholera tare ntɛm ara nam nsuo anaa aduane a cholera bacteria firi obi bin mu akɔwura mu.,Cholera spreads rapidly through drinking water or eating food contaminated with the cholera bacteria from feces.,WHO Ghana
Cholera ba afiri he?,transmission_query,Cholera tare ntɛm ara nam nsuo anaa aduane a cholera bacteria firi obi bin mu akɔwura mu.,Cholera spreads rapidly through drinking water or eating food contaminated with the cholera bacteria from feces.,WHO Ghana
Dɛn de cholera de ba Ghana?,transmission_query,Cholera tare ntɛm ara nam nsuo anaa aduane a cholera bacteria firi obi bin mu akɔwura mu.,Cholera spreads rapidly through drinking water or eating food contaminated with the cholera bacteria from feces.,WHO Ghana
Cholera nnyansoɔ titiriw ne sɛn?,transmission_query,Cholera tare ntɛm ara nam nsuo anaa aduane a cholera bacteria firi obi bin mu akɔwura mu.,Cholera spreads rapidly through drinking water or eating food contaminated with the cholera bacteria from feces.,WHO Ghana
Dɛn nti na cholera yareɛ yi tare ntɛm?,transmission_query,Cholera tare ntɛm ara nam nsuo anaa aduane a cholera bacteria firi obi bin mu akɔwura mu.,Cholera spreads rapidly through drinking water or eating food contaminated with the cholera bacteria from feces.,WHO Ghana
Cholera firi he na ɛba obi ho?,transmission_query,Cholera tare ntɛm ara nam nsuo anaa aduane a cholera bacteria firi obi bin mu akɔwura mu.,Cholera spreads rapidly through drinking water or eating food contaminated with the cholera bacteria from feces.,WHO Ghana
Ɛdeɛn na obi nya cholera afiri?,transmission_query,Cholera tare ntɛm ara nam nsuo anaa aduane a cholera bacteria firi obi bin mu akɔwura mu.,Cholera spreads rapidly through drinking water or eating food contaminated with the cholera bacteria from feces.,WHO Ghana
Cholera mmoawa firi he?,transmission_query,Cholera tare ntɛm ara nam nsuo anaa aduane a cholera bacteria firi obi bin mu akɔwura mu.,Cholera spreads rapidly through drinking water or eating food contaminated with the cholera bacteria from feces.,WHO Ghana
Sɛn na cholera kɔ ɔman mu ntɛm?,transmission_query,Cholera tare ntɛm ara nam nsuo anaa aduane a cholera bacteria firi obi bin mu akɔwura mu.,Cholera spreads rapidly through drinking water or eating food contaminated with the cholera bacteria from feces.,WHO Ghana
Cholera nnyansoɔ ne biribi a ɛfa nsuo ne aduane ho,transmission_query,Cholera tare ntɛm ara nam nsuo anaa aduane a cholera bacteria firi obi bin mu akɔwura mu.,Cholera spreads rapidly through drinking water or eating food contaminated with the cholera bacteria from feces.,WHO Ghana
Bɔ me ho ban ho nsɛm fa cholera ho,general_greeting,Akwaaba! Metumi aboa wo wɔ cholera yareɛ ho nsɛm biara. Bisa biribi!,Welcome! I can help you with any questions about cholera. Ask anything!,WHO Ghana
Kyerɛ me nsɛm fa cholera ho,general_greeting,Akwaaba! Metumi aboa wo wɔ cholera yareɛ ho nsɛm biara. Bisa biribi!,Welcome! I can help you with any questions about cholera. Ask anything!,WHO Ghana
Ma me cholera ho nsɛm,general_greeting,Akwaaba! Metumi aboa wo wɔ cholera yareɛ ho nsɛm biara. Bisa biribi!,Welcome! I can help you with any questions about cholera. Ask anything!,WHO Ghana
Bɔ me amanneɛ fa yareɛ yi ho,general_greeting,Akwaaba! Metumi aboa wo wɔ cholera yareɛ ho nsɛm biara. Bisa biribi!,Welcome! I can help you with any questions about cholera. Ask anything!,WHO Ghana
"Chatbot, kyerɛkyerɛ me fa cholera ho",general_greeting,Akwaaba! Metumi aboa wo wɔ cholera yareɛ ho nsɛm biara. Bisa biribi!,Welcome! I can help you with any questions about cholera. Ask anything!,WHO Ghana
Me pɛ sɛ mehu cholera ho nsɛm,general_greeting,Akwaaba! Metumi aboa wo wɔ cholera yareɛ ho nsɛm biara. Bisa biribi!,Welcome! I can help you with any questions about cholera. Ask anything!,WHO Ghana
Fa cholera ho nsɛm kyerɛ me,general_greeting,Akwaaba! Metumi aboa wo wɔ cholera yareɛ ho nsɛm biara. Bisa biribi!,Welcome! I can help you with any questions about cholera. Ask anything!,WHO Ghana
Bɔ me amanneɛ bɛn fa cholera ho?,general_greeting,Akwaaba! Metumi aboa wo wɔ cholera yareɛ ho nsɛm biara. Bisa biribi!,Welcome! I can help you with any questions about cholera. Ask anything!,WHO Ghana
"Yɛ ne yɛn, me pɛ sɛ menya nsɛm fa cholera ho",general_greeting,Akwaaba! Metumi aboa wo wɔ cholera yareɛ ho nsɛm biara. Bisa biribi!,Welcome! I can help you with any questions about cholera. Ask anything!,WHO Ghana
"Chatbot, ma me cholera ho nhyehyɛe",general_greeting,Akwaaba! Metumi aboa wo wɔ cholera yareɛ ho nsɛm biara. Bisa biribi!,Welcome! I can help you with any questions about cholera. Ask anything!,WHO Ghana
"Sɛ cholera mu yɛ den paa a, IV fluids na ɛboa sen ORS?",emergency_query,"EYI NE EMERGENCY! Ma no ORS nsuo sɛ obetumi anom, na fa no kɔ ayaresabea ntɛm ara na wɔakɔma no nsuo wɔ ne ntin (IV fluids).","THIS IS AN EMERGENCY! Give ORS if conscious, and take them to the hospital immediately for IV fluids.",WHO Ghana
Wɔde IV fluids wɔ ayaresabea sɛ cholera mu yɛ den paa,emergency_query,"EYI NE EMERGENCY! Ma no ORS nsuo sɛ obetumi anom, na fa no kɔ ayaresabea ntɛm ara na wɔakɔma no nsuo wɔ ne ntin (IV fluids).","THIS IS AN EMERGENCY! Give ORS if conscious, and take them to the hospital immediately for IV fluids.",WHO Ghana
Cholera emergency mu na adɔkota de IV nsuo de sa,emergency_query,"EYI NE EMERGENCY! Ma no ORS nsuo sɛ obetumi anom, na fa no kɔ ayaresabea ntɛm ara na wɔakɔma no nsuo wɔ ne ntin (IV fluids).","THIS IS AN EMERGENCY! Give ORS if conscious, and take them to the hospital immediately for IV fluids.",WHO Ghana
Sɛ dehydration mu yɛ den paa a IV fluids na ɛhia,emergency_query,"EYI NE EMERGENCY! Ma no ORS nsuo sɛ obetumi anom, na fa no kɔ ayaresabea ntɛm ara na wɔakɔma no nsuo wɔ ne ntin (IV fluids).","THIS IS AN EMERGENCY! Give ORS if conscious, and take them to the hospital immediately for IV fluids.",WHO Ghana
Bere a IV fluids hia wɔ cholera mu ne bere a obi rente asɛm yie,emergency_query,"EYI NE EMERGENCY! Ma no ORS nsuo sɛ obetumi anom, na fa no kɔ ayaresabea ntɛm ara na wɔakɔma no nsuo wɔ ne ntin (IV fluids).","THIS IS AN EMERGENCY! Give ORS if conscious, and take them to the hospital immediately for IV fluids.",WHO Ghana
Dɛn na metumi akyekyere me nsuo mu bɔ me ho ban?,prevention_query,"Hohoro wo nsa ne samina ne nsuo pa bere biara, nua wo nsuo ansa na woanom, na kata wo nnuane so yie.","Wash your hands with soap and safe water, boil your drinking water, and always cover your food.",WHO Ghana
Chlorine na metumi de akyekyere me nsuo mu?,prevention_query,"Hohoro wo nsa ne samina ne nsuo pa bere biara, nua wo nsuo ansa na woanom, na kata wo nnuane so yie.","Wash your hands with soap and safe water, boil your drinking water, and always cover your food.",WHO Ghana
Dɛn additive na ɛtumi kum cholera mmoawa wɔ me nsuo mu?,prevention_query,"Hohoro wo nsa ne samina ne nsuo pa bere biara, nua wo nsuo ansa na woanom, na kata wo nnuane so yie.","Wash your hands with soap and safe water, boil your drinking water, and always cover your food.",WHO Ghana
Me pɛ sɛ me de purification tabs akyekyere me nsuo mu,prevention_query,"Hohoro wo nsa ne samina ne nsuo pa bere biara, nua wo nsuo ansa na woanom, na kata wo nnuane so yie.","Wash your hands with soap and safe water, boil your drinking water, and always cover your food.",WHO Ghana
"Sɛ me ba ketewa anya cholera a, metumi ma no nufosuo?",treatment_query,"Yɛde ORS (Oral Rehydration Salts) nsuo na ɛsa cholera ntɛm ara na nsuo ansɛe wo ho. Sɛ emu yɛ den a, kɔ ayaresabea ntɛm.","Cholera is treated immediately with ORS (Oral Rehydration Salts) to restore fluids. If severe, go to the hospital immediately.",WHO Ghana
Nufosuo betumi boa mmofra a wɔwɔ cholera?,treatment_query,"Yɛde ORS (Oral Rehydration Salts) nsuo na ɛsa cholera ntɛm ara na nsuo ansɛe wo ho. Sɛ emu yɛ den a, kɔ ayaresabea ntɛm.","Cholera is treated immediately with ORS (Oral Rehydration Salts) to restore fluids. If severe, go to the hospital immediately.",WHO Ghana
"Sɛ obaa no ba no anya cholera a, ɛwɔ sɛ ɔgyae ma no nufosuo?",treatment_query,"Yɛde ORS (Oral Rehydration Salts) nsuo na ɛsa cholera ntɛm ara na nsuo ansɛe wo ho. Sɛ emu yɛ den a, kɔ ayaresabea ntɛm.","Cholera is treated immediately with ORS (Oral Rehydration Salts) to restore fluids. If severe, go to the hospital immediately.",WHO Ghana
Dɛn na metumi akyerɛ me mma fa cholera ho ban ho?,prevention_query,"Hohoro wo nsa ne samina ne nsuo pa bere biara, nua wo nsuo ansa na woanom, na kata wo nnuane so yie.","Wash your hands with soap and safe water, boil your drinking water, and always cover your food.",WHO Ghana
Sɛn na mɛkyerɛ me mma sɛ wɔhohoro wɔn nsa yie?,prevention_query,"Hohoro wo nsa ne samina ne nsuo pa bere biara, nua wo nsuo ansa na woanom, na kata wo nnuane so yie.","Wash your hands with soap and safe water, boil your drinking water, and always cover your food.",WHO Ghana
Mɛkyerɛ me mma cholera ho ban sɛn?,prevention_query,"Hohoro wo nsa ne samina ne nsuo pa bere biara, nua wo nsuo ansa na woanom, na kata wo nnuane so yie.","Wash your hands with soap and safe water, boil your drinking water, and always cover your food.",WHO Ghana
